Repositorio,Vector de Ataque,Vulnerabilidad,Severidad,Componente Afectado,Solución Propuesta,Descripción
Ghost,Código Fuente (SAST),js/polynomial-redos,Medium,apps/admin-x-design-system/src/global/form/currency-field.tsx,Requiere parche o revisión manual,"This [regular expression](1) that depends on [library input](2) may run slow on strings with many repetitions of '0'.
This [regular expression](1) that depends on [library input](3) may run slow on strings with many repetitions of '0'."
Ghost,Código Fuente (SAST),js/polynomial-redos,Medium,apps/admin-x-framework/src/utils/errors.ts,Requiere parche o revisión manual,"This [regular expression](1) that depends on [library input](2) may run slow on strings with many repetitions of 'a'.
This [regular expression](1) that depends on [library input](3) may run slow on strings with many repetitions of 'a'.
This [regular expression](1) that depends on [library input](4) may run slow on strings with many repetitions of 'a'.
This [regular expression](1) that depends on [library input](5) may run slow on strings with many repetitions of 'a'.
This [regular expression](1) that depends on [library input](6) may run slow on strings with many repetitions of 'a'.
This [regular expression](1) that depends on [library input](7) may run slow on strings with many repetitions of 'a'.
This [regular expression](1) that depends on [library input](8) may run slow on strings with many repetitions of 'a'.
This [regular expression](1) that depends on [library input](9) may run slow on strings with many repetitions of 'a'.
This [regular expression](1) that depends on [library input](10) may run slow on strings with many repetitions of 'a'.
This [regular expression](1) that depends on [library input](11) may run slow on strings with many repetitions of 'a'."
Ghost,Código Fuente (SAST),js/redos,Medium,ghost/core/test/utils/e2e-framework.js,Requiere parche o revisión manual,"This part of the regular expression may cause exponential backtracking on strings starting with '""' and containing many repetitions of ' '."
Ghost,Código Fuente (SAST),js/loop-bound-injection,Medium,ghost/core/core/server/services/members/members-api/repositories/member-repository.js,Requiere parche o revisión manual,"Iteration over a user-controlled object with a potentially unbounded .length property from a [user-provided value](1).
Iteration over a user-controlled object with a potentially unbounded .length property from a [user-provided value](2)."
Ghost,Código Fuente (SAST),js/loop-bound-injection,Medium,ghost/core/core/server/services/members/members-api/repositories/member-repository.js,Requiere parche o revisión manual,"Iteration over a user-controlled object with a potentially unbounded .length property from a [user-provided value](1).
Iteration over a user-controlled object with a potentially unbounded .length property from a [user-provided value](2)."
Ghost,Código Fuente (SAST),js/double-escaping,Medium,ghost/admin/app/helpers/gh-count-down-html-characters.js,Requiere parche o revisión manual,This replacement may produce '&' characters that are double-unescaped [here](1).
Ghost,Código Fuente (SAST),js/incomplete-sanitization,Medium,apps/admin-x-framework/src/hooks/use-filterable-api.ts,Requiere parche o revisión manual,This does not escape backslash characters in the input.
Ghost,Código Fuente (SAST),js/incomplete-sanitization,Medium,apps/admin-x-settings/test/acceptance/site/design.test.ts,Requiere parche o revisión manual,This does not escape backslash characters in the input.
Ghost,Código Fuente (SAST),js/incomplete-sanitization,Medium,apps/admin-x-settings/test/acceptance/site/design.test.ts,Requiere parche o revisión manual,This does not escape backslash characters in the input.
Ghost,Código Fuente (SAST),js/incomplete-sanitization,Medium,apps/admin-x-settings/test/acceptance/site/design.test.ts,Requiere parche o revisión manual,This does not escape backslash characters in the input.
Ghost,Código Fuente (SAST),js/incomplete-sanitization,Medium,apps/comments-ui/src/utils/helpers.ts,Requiere parche o revisión manual,This replaces only the first occurrence of '\n'.
Ghost,Código Fuente (SAST),js/incomplete-sanitization,Medium,e2e/helpers/environment/service-managers/mysql-manager.ts,Requiere parche o revisión manual,This does not escape backslash characters in the input.
Ghost,Código Fuente (SAST),js/incomplete-sanitization,Medium,e2e/helpers/environment/service-managers/mysql-manager.ts,Requiere parche o revisión manual,This does not escape backslash characters in the input.
Ghost,Código Fuente (SAST),js/incomplete-sanitization,Medium,ghost/admin/app/components/gh-resource-select.js,Requiere parche o revisión manual,This replaces only the first occurrence of '\''.
Ghost,Código Fuente (SAST),js/incomplete-sanitization,Medium,ghost/admin/app/components/gh-resource-select.js,Requiere parche o revisión manual,This replaces only the first occurrence of '\''.
Ghost,Código Fuente (SAST),js/incomplete-sanitization,Medium,ghost/admin/app/components/gh-resource-select.js,Requiere parche o revisión manual,This replaces only the first occurrence of '\''.
Ghost,Código Fuente (SAST),js/incomplete-sanitization,Medium,ghost/admin/app/services/labels-manager.js,Requiere parche o revisión manual,This does not escape backslash characters in the input.
Ghost,Código Fuente (SAST),js/incomplete-sanitization,Medium,ghost/admin/app/services/tags-manager.js,Requiere parche o revisión manual,This does not escape backslash characters in the input.
Ghost,Código Fuente (SAST),js/incomplete-sanitization,Medium,ghost/core/core/frontend/helpers/plural.js,Requiere parche o revisión manual,This replaces only the first occurrence of '%'.
Ghost,Código Fuente (SAST),js/incomplete-sanitization,Medium,ghost/core/core/frontend/helpers/plural.js,Requiere parche o revisión manual,This replaces only the first occurrence of '%'.
Ghost,Código Fuente (SAST),js/incomplete-sanitization,Medium,ghost/core/core/frontend/helpers/plural.js,Requiere parche o revisión manual,This replaces only the first occurrence of '%'.
Ghost,Código Fuente (SAST),js/incomplete-sanitization,Medium,ghost/core/core/frontend/meta/title.js,Requiere parche o revisión manual,This replaces only the first occurrence of '%'.
Ghost,Código Fuente (SAST),js/incomplete-sanitization,Medium,ghost/core/core/server/services/email-address/email-address-parser.js,Requiere parche o revisión manual,This does not escape backslash characters in the input.
Ghost,Código Fuente (SAST),js/incomplete-sanitization,Medium,ghost/core/core/server/services/email-service/email-renderer.js,Requiere parche o revisión manual,This does not escape backslash characters in the input.
Ghost,Código Fuente (SAST),js/incomplete-sanitization,Medium,ghost/core/core/server/services/members/members-api/controllers/router-controller.js,Requiere parche o revisión manual,This does not escape backslash characters in the input.
Ghost,Código Fuente (SAST),js/incomplete-sanitization,Medium,ghost/core/test/unit/server/services/members/members-api/controllers/router-controller.test.js,Requiere parche o revisión manual,This does not escape backslash characters in the input.
Ghost,Código Fuente (SAST),js/incomplete-multi-character-sanitization,Medium,apps/activitypub/src/utils/content-formatters.ts,Requiere parche o revisión manual,"This string may still contain [<script](1), which may cause an HTML element injection vulnerability."
Ghost,Código Fuente (SAST),js/incomplete-multi-character-sanitization,Medium,apps/activitypub/src/utils/content-formatters.ts,Requiere parche o revisión manual,"This string may still contain [<script](1), which may cause an HTML element injection vulnerability."
Ghost,Código Fuente (SAST),js/incomplete-multi-character-sanitization,Medium,apps/activitypub/src/utils/get-reading-time.ts,Requiere parche o revisión manual,"This string may still contain [<script](1), which may cause an HTML element injection vulnerability."
Ghost,Código Fuente (SAST),js/incomplete-multi-character-sanitization,Medium,apps/activitypub/test/acceptance/feed.test.ts,Requiere parche o revisión manual,"This string may still contain [<script](1), which may cause an HTML element injection vulnerability."
Ghost,Código Fuente (SAST),js/incomplete-multi-character-sanitization,Medium,apps/activitypub/test/acceptance/inbox.test.ts,Requiere parche o revisión manual,"This string may still contain [<script](1), which may cause an HTML element injection vulnerability."
Ghost,Código Fuente (SAST),js/incomplete-multi-character-sanitization,Medium,apps/activitypub/test/acceptance/my-profile.test.ts,Requiere parche o revisión manual,"This string may still contain [<script](1), which may cause an HTML element injection vulnerability."
Ghost,Código Fuente (SAST),js/incomplete-multi-character-sanitization,Medium,apps/comments-ui/test/utils/mocked-api.ts,Requiere parche o revisión manual,"This string may still contain [<script](1), which may cause an HTML element injection vulnerability."
Ghost,Código Fuente (SAST),js/incomplete-multi-character-sanitization,Medium,ghost/admin/app/helpers/gh-count-down-html-characters.js,Requiere parche o revisión manual,"This string may still contain [<script](1), which may cause an HTML element injection vulnerability."
Ghost,Código Fuente (SAST),js/incomplete-multi-character-sanitization,Medium,ghost/core/core/server/services/koenig/render-utils/slugify.ts,Requiere parche o revisión manual,"This string may still contain [<script](1), which may cause an HTML element injection vulnerability."
Ghost,Código Fuente (SAST),js/incomplete-multi-character-sanitization,Medium,ghost/core/core/server/services/slack.js,Requiere parche o revisión manual,"This string may still contain [<script](1), which may cause an HTML element injection vulnerability."
Ghost,Código Fuente (SAST),js/bad-tag-filter,Medium,apps/admin/vite-ember-assets.ts,Requiere parche o revisión manual,This regular expression does not match script end tags like </script >.
Ghost,Código Fuente (SAST),js/insufficient-password-hash,Medium,ghost/core/core/frontend/apps/private-blogging/lib/middleware.js,Requiere parche o revisión manual,Password from [a call to get](1) is hashed insecurely.
Ghost,Código Fuente (SAST),js/shell-command-injection-from-environment,Medium,scripts/release.js,Requiere parche o revisión manual,"This shell command depends on an uncontrolled [absolute path](1).
This shell command depends on an uncontrolled [absolute path](2)."
Ghost,Código Fuente (SAST),js/path-injection,Medium,ghost/core/core/frontend/services/rendering/renderer.js,Requiere parche o revisión manual,This path depends on a [user-provided value](1).
Ghost,Código Fuente (SAST),js/path-injection,Medium,ghost/core/core/server/web/api/middleware/upload.js,Requiere parche o revisión manual,"This path depends on a [user-provided value](1).
This path depends on a [user-provided value](2)."
Ghost,Código Fuente (SAST),js/path-injection,Medium,ghost/core/core/server/web/api/middleware/upload.js,Requiere parche o revisión manual,"This path depends on a [user-provided value](1).
This path depends on a [user-provided value](2)."
Ghost,Código Fuente (SAST),js/path-injection,Medium,ghost/core/core/server/web/api/middleware/upload.js,Requiere parche o revisión manual,"This path depends on a [user-provided value](1).
This path depends on a [user-provided value](2)."
Ghost,Código Fuente (SAST),js/path-injection,Medium,ghost/core/core/server/web/api/middleware/upload.js,Requiere parche o revisión manual,"This path depends on a [user-provided value](1).
This path depends on a [user-provided value](2)."
Ghost,Código Fuente (SAST),js/path-injection,Medium,ghost/core/core/server/web/api/middleware/upload.js,Requiere parche o revisión manual,"This path depends on a [user-provided value](1).
This path depends on a [user-provided value](2)."
Ghost,Código Fuente (SAST),js/xss-through-dom,Medium,apps/activitypub/src/components/modals/new-note-modal.tsx,Requiere parche o revisión manual,[DOM text](1) is reinterpreted as HTML without escaping meta-characters.
Ghost,Código Fuente (SAST),js/xss-through-dom,Medium,apps/activitypub/src/views/preferences/components/edit-profile.tsx,Requiere parche o revisión manual,[DOM text](1) is reinterpreted as HTML without escaping meta-characters.
Ghost,Código Fuente (SAST),js/xss-through-dom,Medium,apps/activitypub/src/views/preferences/components/edit-profile.tsx,Requiere parche o revisión manual,[DOM text](1) is reinterpreted as HTML without escaping meta-characters.
Ghost,Código Fuente (SAST),js/xss-through-dom,Medium,ghost/core/core/server/services/koenig/node-renderers/transistor-renderer.js,Requiere parche o revisión manual,[DOM text](1) is reinterpreted as HTML without escaping meta-characters.
Ghost,Código Fuente (SAST),js/xss-through-dom,Medium,ghost/core/core/server/services/koenig/node-renderers/transistor-renderer.js,Requiere parche o revisión manual,[DOM text](1) is reinterpreted as HTML without escaping meta-characters.
Ghost,Código Fuente (SAST),js/missing-rate-limiting,Medium,ghost/core/core/app.js,Requiere parche o revisión manual,"This route handler performs [a file system access](1), but is not rate-limited.
This route handler performs [a file system access](2), but is not rate-limited."
Ghost,Código Fuente (SAST),js/missing-rate-limiting,Medium,ghost/core/core/frontend/apps/private-blogging/lib/router.js,Requiere parche o revisión manual,"This route handler performs [authorization](1), but is not rate-limited."
Ghost,Código Fuente (SAST),js/missing-rate-limiting,Medium,ghost/core/core/frontend/apps/private-blogging/lib/router.js,Requiere parche o revisión manual,"This route handler performs [authorization](1), but is not rate-limited."
Ghost,Código Fuente (SAST),js/missing-rate-limiting,Medium,ghost/core/core/frontend/web/routers/serve-favicon.js,Requiere parche o revisión manual,"This route handler performs [a file system access](1), but is not rate-limited."
Ghost,Código Fuente (SAST),js/missing-rate-limiting,Medium,ghost/core/core/frontend/web/routers/serve-public-file.js,Requiere parche o revisión manual,"This route handler performs [a file system access](1), but is not rate-limited.
This route handler performs [a file system access](2), but is not rate-limited."
Ghost,Código Fuente (SAST),js/missing-rate-limiting,Medium,ghost/core/core/frontend/web/routers/serve-public-file.js,Requiere parche o revisión manual,"This route handler performs [a file system access](1), but is not rate-limited.
This route handler performs [a file system access](2), but is not rate-limited."
Ghost,Código Fuente (SAST),js/missing-rate-limiting,Medium,ghost/core/core/frontend/web/routers/serve-public-file.js,Requiere parche o revisión manual,"This route handler performs [a file system access](1), but is not rate-limited.
This route handler performs [a file system access](2), but is not rate-limited."
Ghost,Código Fuente (SAST),js/missing-rate-limiting,Medium,ghost/core/core/frontend/web/routers/serve-public-file.js,Requiere parche o revisión manual,"This route handler performs [a file system access](1), but is not rate-limited.
This route handler performs [a file system access](2), but is not rate-limited."
Ghost,Código Fuente (SAST),js/missing-rate-limiting,Medium,ghost/core/core/frontend/web/routers/serve-public-file.js,Requiere parche o revisión manual,"This route handler performs [a file system access](1), but is not rate-limited.
This route handler performs [a file system access](2), but is not rate-limited."
Ghost,Código Fuente (SAST),js/missing-rate-limiting,Medium,ghost/core/core/frontend/web/routers/serve-public-file.js,Requiere parche o revisión manual,"This route handler performs [a file system access](1), but is not rate-limited.
This route handler performs [a file system access](2), but is not rate-limited."
Ghost,Código Fuente (SAST),js/missing-rate-limiting,Medium,ghost/core/core/frontend/web/routers/serve-public-file.js,Requiere parche o revisión manual,"This route handler performs [a file system access](1), but is not rate-limited.
This route handler performs [a file system access](2), but is not rate-limited."
Ghost,Código Fuente (SAST),js/missing-rate-limiting,Medium,ghost/core/core/frontend/web/routers/serve-public-file.js,Requiere parche o revisión manual,"This route handler performs [a file system access](1), but is not rate-limited.
This route handler performs [a file system access](2), but is not rate-limited."
Ghost,Código Fuente (SAST),js/missing-rate-limiting,Medium,ghost/core/core/frontend/web/routers/serve-public-file.js,Requiere parche o revisión manual,"This route handler performs [a file system access](1), but is not rate-limited.
This route handler performs [a file system access](2), but is not rate-limited."
Ghost,Código Fuente (SAST),js/missing-rate-limiting,Medium,ghost/core/core/frontend/web/routers/serve-public-file.js,Requiere parche o revisión manual,"This route handler performs [a file system access](1), but is not rate-limited.
This route handler performs [a file system access](2), but is not rate-limited."
Ghost,Código Fuente (SAST),js/missing-rate-limiting,Medium,ghost/core/core/frontend/web/routers/serve-public-file.js,Requiere parche o revisión manual,"This route handler performs [a file system access](1), but is not rate-limited.
This route handler performs [a file system access](2), but is not rate-limited."
Ghost,Código Fuente (SAST),js/missing-rate-limiting,Medium,ghost/core/core/frontend/web/routers/serve-public-file.js,Requiere parche o revisión manual,"This route handler performs [a file system access](1), but is not rate-limited.
This route handler performs [a file system access](2), but is not rate-limited."
Ghost,Código Fuente (SAST),js/missing-rate-limiting,Medium,ghost/core/core/server/services/members/members-api/members-api.js,Requiere parche o revisión manual,"This route handler performs [authorization](1), but is not rate-limited.
This route handler performs [authorization](2), but is not rate-limited."
Ghost,Código Fuente (SAST),js/missing-rate-limiting,Medium,ghost/core/core/server/web/admin/app.js,Requiere parche o revisión manual,"This route handler performs [a file system access](1), but is not rate-limited.
This route handler performs [a file system access](2), but is not rate-limited."
Ghost,Código Fuente (SAST),js/missing-rate-limiting,Medium,ghost/core/core/server/web/api/endpoints/admin/routes.js,Requiere parche o revisión manual,"This route handler performs [authorization](1), but is not rate-limited.
This route handler performs [authorization](2), but is not rate-limited."
Ghost,Código Fuente (SAST),js/missing-rate-limiting,Medium,ghost/core/core/server/web/api/endpoints/admin/routes.js,Requiere parche o revisión manual,"This route handler performs [authorization](1), but is not rate-limited.
This route handler performs [authorization](2), but is not rate-limited."
Ghost,Código Fuente (SAST),js/missing-rate-limiting,Medium,ghost/core/core/server/web/api/endpoints/admin/routes.js,Requiere parche o revisión manual,"This route handler performs [authorization](1), but is not rate-limited.
This route handler performs [authorization](2), but is not rate-limited."
Ghost,Código Fuente (SAST),js/missing-rate-limiting,Medium,ghost/core/core/server/web/api/endpoints/admin/routes.js,Requiere parche o revisión manual,"This route handler performs [authorization](1), but is not rate-limited.
This route handler performs [authorization](2), but is not rate-limited."
Ghost,Código Fuente (SAST),js/missing-rate-limiting,Medium,ghost/core/core/server/web/api/endpoints/admin/routes.js,Requiere parche o revisión manual,"This route handler performs [authorization](1), but is not rate-limited.
This route handler performs [authorization](2), but is not rate-limited."
Ghost,Código Fuente (SAST),js/missing-rate-limiting,Medium,ghost/core/core/server/web/api/endpoints/admin/routes.js,Requiere parche o revisión manual,"This route handler performs [authorization](1), but is not rate-limited.
This route handler performs [authorization](2), but is not rate-limited."
Ghost,Código Fuente (SAST),js/missing-rate-limiting,Medium,ghost/core/core/server/web/api/endpoints/admin/routes.js,Requiere parche o revisión manual,"This route handler performs [authorization](1), but is not rate-limited.
This route handler performs [authorization](2), but is not rate-limited."
Ghost,Código Fuente (SAST),js/missing-rate-limiting,Medium,ghost/core/core/server/web/api/endpoints/admin/routes.js,Requiere parche o revisión manual,"This route handler performs [authorization](1), but is not rate-limited.
This route handler performs [authorization](2), but is not rate-limited."
Ghost,Código Fuente (SAST),js/missing-rate-limiting,Medium,ghost/core/core/server/web/api/endpoints/admin/routes.js,Requiere parche o revisión manual,"This route handler performs [authorization](1), but is not rate-limited.
This route handler performs [authorization](2), but is not rate-limited."
Ghost,Código Fuente (SAST),js/missing-rate-limiting,Medium,ghost/core/core/server/web/api/endpoints/admin/routes.js,Requiere parche o revisión manual,"This route handler performs [authorization](1), but is not rate-limited.
This route handler performs [authorization](2), but is not rate-limited."
Ghost,Código Fuente (SAST),js/missing-rate-limiting,Medium,ghost/core/core/server/web/api/endpoints/admin/routes.js,Requiere parche o revisión manual,"This route handler performs [authorization](1), but is not rate-limited.
This route handler performs [authorization](2), but is not rate-limited."
Ghost,Código Fuente (SAST),js/missing-rate-limiting,Medium,ghost/core/core/server/web/api/endpoints/admin/routes.js,Requiere parche o revisión manual,"This route handler performs [authorization](1), but is not rate-limited.
This route handler performs [authorization](2), but is not rate-limited."
Ghost,Código Fuente (SAST),js/missing-rate-limiting,Medium,ghost/core/core/server/web/api/endpoints/admin/routes.js,Requiere parche o revisión manual,"This route handler performs [authorization](1), but is not rate-limited.
This route handler performs [authorization](2), but is not rate-limited."
Ghost,Código Fuente (SAST),js/missing-rate-limiting,Medium,ghost/core/core/server/web/api/endpoints/admin/routes.js,Requiere parche o revisión manual,"This route handler performs [authorization](1), but is not rate-limited.
This route handler performs [authorization](2), but is not rate-limited."
Ghost,Código Fuente (SAST),js/missing-rate-limiting,Medium,ghost/core/core/server/web/api/endpoints/admin/routes.js,Requiere parche o revisión manual,"This route handler performs [authorization](1), but is not rate-limited.
This route handler performs [authorization](2), but is not rate-limited."
Ghost,Código Fuente (SAST),js/missing-rate-limiting,Medium,ghost/core/core/server/web/api/endpoints/admin/routes.js,Requiere parche o revisión manual,"This route handler performs [authorization](1), but is not rate-limited.
This route handler performs [authorization](2), but is not rate-limited."
Ghost,Código Fuente (SAST),js/missing-rate-limiting,Medium,ghost/core/core/server/web/api/endpoints/admin/routes.js,Requiere parche o revisión manual,"This route handler performs [authorization](1), but is not rate-limited.
This route handler performs [authorization](2), but is not rate-limited."
Ghost,Código Fuente (SAST),js/missing-rate-limiting,Medium,ghost/core/core/server/web/api/endpoints/admin/routes.js,Requiere parche o revisión manual,"This route handler performs [authorization](1), but is not rate-limited.
This route handler performs [authorization](2), but is not rate-limited."
Ghost,Código Fuente (SAST),js/missing-rate-limiting,Medium,ghost/core/core/server/web/api/endpoints/admin/routes.js,Requiere parche o revisión manual,"This route handler performs [authorization](1), but is not rate-limited.
This route handler performs [authorization](2), but is not rate-limited."
Ghost,Código Fuente (SAST),js/missing-rate-limiting,Medium,ghost/core/core/server/web/api/endpoints/admin/routes.js,Requiere parche o revisión manual,"This route handler performs [authorization](1), but is not rate-limited.
This route handler performs [authorization](2), but is not rate-limited."
Ghost,Código Fuente (SAST),js/missing-rate-limiting,Medium,ghost/core/core/server/web/api/endpoints/admin/routes.js,Requiere parche o revisión manual,"This route handler performs [authorization](1), but is not rate-limited.
This route handler performs [authorization](2), but is not rate-limited."
Ghost,Código Fuente (SAST),js/missing-rate-limiting,Medium,ghost/core/core/server/web/api/endpoints/admin/routes.js,Requiere parche o revisión manual,"This route handler performs [authorization](1), but is not rate-limited.
This route handler performs [authorization](2), but is not rate-limited."
Ghost,Código Fuente (SAST),js/missing-rate-limiting,Medium,ghost/core/core/server/web/api/endpoints/admin/routes.js,Requiere parche o revisión manual,"This route handler performs [authorization](1), but is not rate-limited.
This route handler performs [authorization](2), but is not rate-limited."
Ghost,Código Fuente (SAST),js/missing-rate-limiting,Medium,ghost/core/core/server/web/api/endpoints/admin/routes.js,Requiere parche o revisión manual,"This route handler performs [authorization](1), but is not rate-limited.
This route handler performs [authorization](2), but is not rate-limited."
Ghost,Código Fuente (SAST),js/missing-rate-limiting,Medium,ghost/core/core/server/web/api/endpoints/admin/routes.js,Requiere parche o revisión manual,"This route handler performs [authorization](1), but is not rate-limited.
This route handler performs [authorization](2), but is not rate-limited."
Ghost,Código Fuente (SAST),js/missing-rate-limiting,Medium,ghost/core/core/server/web/api/endpoints/admin/routes.js,Requiere parche o revisión manual,"This route handler performs [authorization](1), but is not rate-limited.
This route handler performs [authorization](2), but is not rate-limited."
Ghost,Código Fuente (SAST),js/missing-rate-limiting,Medium,ghost/core/core/server/web/api/endpoints/admin/routes.js,Requiere parche o revisión manual,"This route handler performs [authorization](1), but is not rate-limited.
This route handler performs [authorization](2), but is not rate-limited."
Ghost,Código Fuente (SAST),js/missing-rate-limiting,Medium,ghost/core/core/server/web/api/endpoints/admin/routes.js,Requiere parche o revisión manual,"This route handler performs [authorization](1), but is not rate-limited.
This route handler performs [authorization](2), but is not rate-limited."
Ghost,Código Fuente (SAST),js/missing-rate-limiting,Medium,ghost/core/core/server/web/api/endpoints/admin/routes.js,Requiere parche o revisión manual,"This route handler performs [authorization](1), but is not rate-limited.
This route handler performs [authorization](2), but is not rate-limited."
Ghost,Código Fuente (SAST),js/missing-rate-limiting,Medium,ghost/core/core/server/web/api/endpoints/admin/routes.js,Requiere parche o revisión manual,"This route handler performs [authorization](1), but is not rate-limited.
This route handler performs [authorization](2), but is not rate-limited."
Ghost,Código Fuente (SAST),js/missing-rate-limiting,Medium,ghost/core/core/server/web/api/endpoints/admin/routes.js,Requiere parche o revisión manual,"This route handler performs [authorization](1), but is not rate-limited.
This route handler performs [authorization](2), but is not rate-limited."
Ghost,Código Fuente (SAST),js/missing-rate-limiting,Medium,ghost/core/core/server/web/api/endpoints/admin/routes.js,Requiere parche o revisión manual,"This route handler performs [authorization](1), but is not rate-limited.
This route handler performs [authorization](2), but is not rate-limited."
Ghost,Código Fuente (SAST),js/missing-rate-limiting,Medium,ghost/core/core/server/web/api/endpoints/admin/routes.js,Requiere parche o revisión manual,"This route handler performs [authorization](1), but is not rate-limited.
This route handler performs [authorization](2), but is not rate-limited."
Ghost,Código Fuente (SAST),js/missing-rate-limiting,Medium,ghost/core/core/server/web/api/endpoints/admin/routes.js,Requiere parche o revisión manual,"This route handler performs [authorization](1), but is not rate-limited.
This route handler performs [authorization](2), but is not rate-limited."
Ghost,Código Fuente (SAST),js/missing-rate-limiting,Medium,ghost/core/core/server/web/api/endpoints/admin/routes.js,Requiere parche o revisión manual,"This route handler performs [authorization](1), but is not rate-limited.
This route handler performs [authorization](2), but is not rate-limited."
Ghost,Código Fuente (SAST),js/missing-rate-limiting,Medium,ghost/core/core/server/web/api/endpoints/admin/routes.js,Requiere parche o revisión manual,"This route handler performs [authorization](1), but is not rate-limited.
This route handler performs [authorization](2), but is not rate-limited."
Ghost,Código Fuente (SAST),js/missing-rate-limiting,Medium,ghost/core/core/server/web/api/endpoints/admin/routes.js,Requiere parche o revisión manual,"This route handler performs [authorization](1), but is not rate-limited.
This route handler performs [authorization](2), but is not rate-limited."
Ghost,Código Fuente (SAST),js/missing-rate-limiting,Medium,ghost/core/core/server/web/api/endpoints/admin/routes.js,Requiere parche o revisión manual,"This route handler performs [authorization](1), but is not rate-limited.
This route handler performs [authorization](2), but is not rate-limited."
Ghost,Código Fuente (SAST),js/missing-rate-limiting,Medium,ghost/core/core/server/web/api/endpoints/admin/routes.js,Requiere parche o revisión manual,"This route handler performs [authorization](1), but is not rate-limited.
This route handler performs [authorization](2), but is not rate-limited."
Ghost,Código Fuente (SAST),js/missing-rate-limiting,Medium,ghost/core/core/server/web/api/endpoints/admin/routes.js,Requiere parche o revisión manual,"This route handler performs [authorization](1), but is not rate-limited.
This route handler performs [authorization](2), but is not rate-limited."
Ghost,Código Fuente (SAST),js/missing-rate-limiting,Medium,ghost/core/core/server/web/api/endpoints/admin/routes.js,Requiere parche o revisión manual,"This route handler performs [authorization](1), but is not rate-limited.
This route handler performs [authorization](2), but is not rate-limited."
Ghost,Código Fuente (SAST),js/missing-rate-limiting,Medium,ghost/core/core/server/web/api/endpoints/admin/routes.js,Requiere parche o revisión manual,"This route handler performs [authorization](1), but is not rate-limited.
This route handler performs [authorization](2), but is not rate-limited."
Ghost,Código Fuente (SAST),js/missing-rate-limiting,Medium,ghost/core/core/server/web/api/endpoints/admin/routes.js,Requiere parche o revisión manual,"This route handler performs [authorization](1), but is not rate-limited.
This route handler performs [authorization](2), but is not rate-limited."
Ghost,Código Fuente (SAST),js/missing-rate-limiting,Medium,ghost/core/core/server/web/api/endpoints/admin/routes.js,Requiere parche o revisión manual,"This route handler performs [authorization](1), but is not rate-limited.
This route handler performs [authorization](2), but is not rate-limited."
Ghost,Código Fuente (SAST),js/missing-rate-limiting,Medium,ghost/core/core/server/web/api/endpoints/admin/routes.js,Requiere parche o revisión manual,"This route handler performs [authorization](1), but is not rate-limited.
This route handler performs [authorization](2), but is not rate-limited."
Ghost,Código Fuente (SAST),js/missing-rate-limiting,Medium,ghost/core/core/server/web/api/endpoints/admin/routes.js,Requiere parche o revisión manual,"This route handler performs [authorization](1), but is not rate-limited.
This route handler performs [authorization](2), but is not rate-limited."
Ghost,Código Fuente (SAST),js/missing-rate-limiting,Medium,ghost/core/core/server/web/api/endpoints/admin/routes.js,Requiere parche o revisión manual,"This route handler performs [authorization](1), but is not rate-limited.
This route handler performs [authorization](2), but is not rate-limited."
Ghost,Código Fuente (SAST),js/missing-rate-limiting,Medium,ghost/core/core/server/web/api/endpoints/admin/routes.js,Requiere parche o revisión manual,"This route handler performs [authorization](1), but is not rate-limited.
This route handler performs [authorization](2), but is not rate-limited."
Ghost,Código Fuente (SAST),js/missing-rate-limiting,Medium,ghost/core/core/server/web/api/endpoints/admin/routes.js,Requiere parche o revisión manual,"This route handler performs [authorization](1), but is not rate-limited.
This route handler performs [authorization](2), but is not rate-limited."
Ghost,Código Fuente (SAST),js/missing-rate-limiting,Medium,ghost/core/core/server/web/api/endpoints/admin/routes.js,Requiere parche o revisión manual,"This route handler performs [authorization](1), but is not rate-limited.
This route handler performs [authorization](2), but is not rate-limited."
Ghost,Código Fuente (SAST),js/missing-rate-limiting,Medium,ghost/core/core/server/web/api/endpoints/admin/routes.js,Requiere parche o revisión manual,"This route handler performs [authorization](1), but is not rate-limited.
This route handler performs [authorization](2), but is not rate-limited."
Ghost,Código Fuente (SAST),js/missing-rate-limiting,Medium,ghost/core/core/server/web/api/endpoints/admin/routes.js,Requiere parche o revisión manual,"This route handler performs [authorization](1), but is not rate-limited.
This route handler performs [authorization](2), but is not rate-limited."
Ghost,Código Fuente (SAST),js/missing-rate-limiting,Medium,ghost/core/core/server/web/api/endpoints/admin/routes.js,Requiere parche o revisión manual,"This route handler performs [authorization](1), but is not rate-limited.
This route handler performs [authorization](2), but is not rate-limited."
Ghost,Código Fuente (SAST),js/missing-rate-limiting,Medium,ghost/core/core/server/web/api/endpoints/admin/routes.js,Requiere parche o revisión manual,"This route handler performs [authorization](1), but is not rate-limited.
This route handler performs [authorization](2), but is not rate-limited."
Ghost,Código Fuente (SAST),js/missing-rate-limiting,Medium,ghost/core/core/server/web/api/endpoints/admin/routes.js,Requiere parche o revisión manual,"This route handler performs [authorization](1), but is not rate-limited.
This route handler performs [authorization](2), but is not rate-limited."
Ghost,Código Fuente (SAST),js/missing-rate-limiting,Medium,ghost/core/core/server/web/api/endpoints/admin/routes.js,Requiere parche o revisión manual,"This route handler performs [authorization](1), but is not rate-limited.
This route handler performs [authorization](2), but is not rate-limited."
Ghost,Código Fuente (SAST),js/missing-rate-limiting,Medium,ghost/core/core/server/web/api/endpoints/admin/routes.js,Requiere parche o revisión manual,"This route handler performs [authorization](1), but is not rate-limited.
This route handler performs [authorization](2), but is not rate-limited."
Ghost,Código Fuente (SAST),js/missing-rate-limiting,Medium,ghost/core/core/server/web/api/endpoints/admin/routes.js,Requiere parche o revisión manual,"This route handler performs [authorization](1), but is not rate-limited.
This route handler performs [authorization](2), but is not rate-limited."
Ghost,Código Fuente (SAST),js/missing-rate-limiting,Medium,ghost/core/core/server/web/api/endpoints/admin/routes.js,Requiere parche o revisión manual,"This route handler performs [authorization](1), but is not rate-limited.
This route handler performs [authorization](2), but is not rate-limited."
Ghost,Código Fuente (SAST),js/missing-rate-limiting,Medium,ghost/core/core/server/web/api/endpoints/admin/routes.js,Requiere parche o revisión manual,"This route handler performs [authorization](1), but is not rate-limited.
This route handler performs [authorization](2), but is not rate-limited."
Ghost,Código Fuente (SAST),js/missing-rate-limiting,Medium,ghost/core/core/server/web/api/endpoints/admin/routes.js,Requiere parche o revisión manual,"This route handler performs [authorization](1), but is not rate-limited.
This route handler performs [authorization](2), but is not rate-limited."
Ghost,Código Fuente (SAST),js/missing-rate-limiting,Medium,ghost/core/core/server/web/api/endpoints/admin/routes.js,Requiere parche o revisión manual,"This route handler performs [authorization](1), but is not rate-limited.
This route handler performs [authorization](2), but is not rate-limited."
Ghost,Código Fuente (SAST),js/missing-rate-limiting,Medium,ghost/core/core/server/web/api/endpoints/admin/routes.js,Requiere parche o revisión manual,"This route handler performs [authorization](1), but is not rate-limited.
This route handler performs [authorization](2), but is not rate-limited."
Ghost,Código Fuente (SAST),js/missing-rate-limiting,Medium,ghost/core/core/server/web/api/endpoints/admin/routes.js,Requiere parche o revisión manual,"This route handler performs [authorization](1), but is not rate-limited.
This route handler performs [authorization](2), but is not rate-limited."
Ghost,Código Fuente (SAST),js/missing-rate-limiting,Medium,ghost/core/core/server/web/api/endpoints/admin/routes.js,Requiere parche o revisión manual,"This route handler performs [authorization](1), but is not rate-limited.
This route handler performs [authorization](2), but is not rate-limited."
Ghost,Código Fuente (SAST),js/missing-rate-limiting,Medium,ghost/core/core/server/web/api/endpoints/admin/routes.js,Requiere parche o revisión manual,"This route handler performs [authorization](1), but is not rate-limited.
This route handler performs [authorization](2), but is not rate-limited."
Ghost,Código Fuente (SAST),js/missing-rate-limiting,Medium,ghost/core/core/server/web/api/endpoints/admin/routes.js,Requiere parche o revisión manual,"This route handler performs [authorization](1), but is not rate-limited.
This route handler performs [authorization](2), but is not rate-limited."
Ghost,Código Fuente (SAST),js/missing-rate-limiting,Medium,ghost/core/core/server/web/api/endpoints/admin/routes.js,Requiere parche o revisión manual,"This route handler performs [authorization](1), but is not rate-limited.
This route handler performs [authorization](2), but is not rate-limited."
Ghost,Código Fuente (SAST),js/missing-rate-limiting,Medium,ghost/core/core/server/web/api/endpoints/admin/routes.js,Requiere parche o revisión manual,"This route handler performs [authorization](1), but is not rate-limited.
This route handler performs [authorization](2), but is not rate-limited."
Ghost,Código Fuente (SAST),js/missing-rate-limiting,Medium,ghost/core/core/server/web/api/endpoints/admin/routes.js,Requiere parche o revisión manual,"This route handler performs [authorization](1), but is not rate-limited.
This route handler performs [authorization](2), but is not rate-limited."
Ghost,Código Fuente (SAST),js/missing-rate-limiting,Medium,ghost/core/core/server/web/api/endpoints/admin/routes.js,Requiere parche o revisión manual,"This route handler performs [authorization](1), but is not rate-limited.
This route handler performs [authorization](2), but is not rate-limited."
Ghost,Código Fuente (SAST),js/missing-rate-limiting,Medium,ghost/core/core/server/web/api/endpoints/admin/routes.js,Requiere parche o revisión manual,"This route handler performs [authorization](1), but is not rate-limited.
This route handler performs [authorization](2), but is not rate-limited."
Ghost,Código Fuente (SAST),js/missing-rate-limiting,Medium,ghost/core/core/server/web/api/endpoints/admin/routes.js,Requiere parche o revisión manual,"This route handler performs [authorization](1), but is not rate-limited.
This route handler performs [authorization](2), but is not rate-limited."
Ghost,Código Fuente (SAST),js/missing-rate-limiting,Medium,ghost/core/core/server/web/api/endpoints/admin/routes.js,Requiere parche o revisión manual,"This route handler performs [authorization](1), but is not rate-limited.
This route handler performs [authorization](2), but is not rate-limited."
Ghost,Código Fuente (SAST),js/missing-rate-limiting,Medium,ghost/core/core/server/web/api/endpoints/admin/routes.js,Requiere parche o revisión manual,"This route handler performs [authorization](1), but is not rate-limited.
This route handler performs [authorization](2), but is not rate-limited."
Ghost,Código Fuente (SAST),js/missing-rate-limiting,Medium,ghost/core/core/server/web/api/endpoints/admin/routes.js,Requiere parche o revisión manual,"This route handler performs [authorization](1), but is not rate-limited.
This route handler performs [authorization](2), but is not rate-limited."
Ghost,Código Fuente (SAST),js/missing-rate-limiting,Medium,ghost/core/core/server/web/api/endpoints/admin/routes.js,Requiere parche o revisión manual,"This route handler performs [authorization](1), but is not rate-limited.
This route handler performs [authorization](2), but is not rate-limited."
Ghost,Código Fuente (SAST),js/missing-rate-limiting,Medium,ghost/core/core/server/web/api/endpoints/admin/routes.js,Requiere parche o revisión manual,"This route handler performs [authorization](1), but is not rate-limited.
This route handler performs [authorization](2), but is not rate-limited."
Ghost,Código Fuente (SAST),js/missing-rate-limiting,Medium,ghost/core/core/server/web/api/endpoints/admin/routes.js,Requiere parche o revisión manual,"This route handler performs [authorization](1), but is not rate-limited.
This route handler performs [authorization](2), but is not rate-limited."
Ghost,Código Fuente (SAST),js/missing-rate-limiting,Medium,ghost/core/core/server/web/api/endpoints/admin/routes.js,Requiere parche o revisión manual,"This route handler performs [authorization](1), but is not rate-limited.
This route handler performs [authorization](2), but is not rate-limited."
Ghost,Código Fuente (SAST),js/missing-rate-limiting,Medium,ghost/core/core/server/web/api/endpoints/admin/routes.js,Requiere parche o revisión manual,"This route handler performs [authorization](1), but is not rate-limited.
This route handler performs [authorization](2), but is not rate-limited."
Ghost,Código Fuente (SAST),js/missing-rate-limiting,Medium,ghost/core/core/server/web/api/endpoints/admin/routes.js,Requiere parche o revisión manual,"This route handler performs [authorization](1), but is not rate-limited.
This route handler performs [authorization](2), but is not rate-limited."
Ghost,Código Fuente (SAST),js/missing-rate-limiting,Medium,ghost/core/core/server/web/api/endpoints/admin/routes.js,Requiere parche o revisión manual,"This route handler performs [authorization](1), but is not rate-limited.
This route handler performs [authorization](2), but is not rate-limited."
Ghost,Código Fuente (SAST),js/missing-rate-limiting,Medium,ghost/core/core/server/web/api/endpoints/admin/routes.js,Requiere parche o revisión manual,"This route handler performs [authorization](1), but is not rate-limited.
This route handler performs [authorization](2), but is not rate-limited."
Ghost,Código Fuente (SAST),js/missing-rate-limiting,Medium,ghost/core/core/server/web/api/endpoints/admin/routes.js,Requiere parche o revisión manual,"This route handler performs [authorization](1), but is not rate-limited.
This route handler performs [authorization](2), but is not rate-limited."
Ghost,Código Fuente (SAST),js/missing-rate-limiting,Medium,ghost/core/core/server/web/api/endpoints/admin/routes.js,Requiere parche o revisión manual,"This route handler performs [authorization](1), but is not rate-limited.
This route handler performs [authorization](2), but is not rate-limited."
Ghost,Código Fuente (SAST),js/missing-rate-limiting,Medium,ghost/core/core/server/web/api/endpoints/admin/routes.js,Requiere parche o revisión manual,"This route handler performs [authorization](1), but is not rate-limited.
This route handler performs [authorization](2), but is not rate-limited."
Ghost,Código Fuente (SAST),js/missing-rate-limiting,Medium,ghost/core/core/server/web/api/endpoints/admin/routes.js,Requiere parche o revisión manual,"This route handler performs [authorization](1), but is not rate-limited.
This route handler performs [authorization](2), but is not rate-limited."
Ghost,Código Fuente (SAST),js/missing-rate-limiting,Medium,ghost/core/core/server/web/api/endpoints/admin/routes.js,Requiere parche o revisión manual,"This route handler performs [authorization](1), but is not rate-limited.
This route handler performs [authorization](2), but is not rate-limited."
Ghost,Código Fuente (SAST),js/missing-rate-limiting,Medium,ghost/core/core/server/web/api/endpoints/admin/routes.js,Requiere parche o revisión manual,"This route handler performs [authorization](1), but is not rate-limited.
This route handler performs [authorization](2), but is not rate-limited."
Ghost,Código Fuente (SAST),js/missing-rate-limiting,Medium,ghost/core/core/server/web/api/endpoints/admin/routes.js,Requiere parche o revisión manual,"This route handler performs [authorization](1), but is not rate-limited.
This route handler performs [authorization](2), but is not rate-limited."
Ghost,Código Fuente (SAST),js/missing-rate-limiting,Medium,ghost/core/core/server/web/api/endpoints/admin/routes.js,Requiere parche o revisión manual,"This route handler performs [authorization](1), but is not rate-limited.
This route handler performs [authorization](2), but is not rate-limited."
Ghost,Código Fuente (SAST),js/missing-rate-limiting,Medium,ghost/core/core/server/web/api/endpoints/admin/routes.js,Requiere parche o revisión manual,"This route handler performs [authorization](1), but is not rate-limited.
This route handler performs [authorization](2), but is not rate-limited."
Ghost,Código Fuente (SAST),js/missing-rate-limiting,Medium,ghost/core/core/server/web/api/endpoints/admin/routes.js,Requiere parche o revisión manual,"This route handler performs [authorization](1), but is not rate-limited.
This route handler performs [authorization](2), but is not rate-limited."
Ghost,Código Fuente (SAST),js/missing-rate-limiting,Medium,ghost/core/core/server/web/api/endpoints/admin/routes.js,Requiere parche o revisión manual,"This route handler performs [authorization](1), but is not rate-limited.
This route handler performs [authorization](2), but is not rate-limited."
Ghost,Código Fuente (SAST),js/missing-rate-limiting,Medium,ghost/core/core/server/web/api/endpoints/admin/routes.js,Requiere parche o revisión manual,"This route handler performs [authorization](1), but is not rate-limited.
This route handler performs [authorization](2), but is not rate-limited."
Ghost,Código Fuente (SAST),js/missing-rate-limiting,Medium,ghost/core/core/server/web/api/endpoints/admin/routes.js,Requiere parche o revisión manual,"This route handler performs [authorization](1), but is not rate-limited.
This route handler performs [authorization](2), but is not rate-limited."
Ghost,Código Fuente (SAST),js/missing-rate-limiting,Medium,ghost/core/core/server/web/api/endpoints/admin/routes.js,Requiere parche o revisión manual,"This route handler performs [authorization](1), but is not rate-limited.
This route handler performs [authorization](2), but is not rate-limited."
Ghost,Código Fuente (SAST),js/missing-rate-limiting,Medium,ghost/core/core/server/web/api/endpoints/admin/routes.js,Requiere parche o revisión manual,"This route handler performs [authorization](1), but is not rate-limited.
This route handler performs [authorization](2), but is not rate-limited."
Ghost,Código Fuente (SAST),js/missing-rate-limiting,Medium,ghost/core/core/server/web/api/endpoints/admin/routes.js,Requiere parche o revisión manual,"This route handler performs [authorization](1), but is not rate-limited.
This route handler performs [authorization](2), but is not rate-limited."
Ghost,Código Fuente (SAST),js/missing-rate-limiting,Medium,ghost/core/core/server/web/api/endpoints/admin/routes.js,Requiere parche o revisión manual,"This route handler performs [authorization](1), but is not rate-limited.
This route handler performs [authorization](2), but is not rate-limited."
Ghost,Código Fuente (SAST),js/missing-rate-limiting,Medium,ghost/core/core/server/web/api/endpoints/admin/routes.js,Requiere parche o revisión manual,"This route handler performs [authorization](1), but is not rate-limited.
This route handler performs [authorization](2), but is not rate-limited."
Ghost,Código Fuente (SAST),js/missing-rate-limiting,Medium,ghost/core/core/server/web/api/endpoints/admin/routes.js,Requiere parche o revisión manual,"This route handler performs [authorization](1), but is not rate-limited.
This route handler performs [authorization](2), but is not rate-limited."
Ghost,Código Fuente (SAST),js/missing-rate-limiting,Medium,ghost/core/core/server/web/api/endpoints/admin/routes.js,Requiere parche o revisión manual,"This route handler performs [authorization](1), but is not rate-limited.
This route handler performs [authorization](2), but is not rate-limited."
Ghost,Código Fuente (SAST),js/missing-rate-limiting,Medium,ghost/core/core/server/web/api/endpoints/admin/routes.js,Requiere parche o revisión manual,"This route handler performs [authorization](1), but is not rate-limited.
This route handler performs [authorization](2), but is not rate-limited."
Ghost,Código Fuente (SAST),js/missing-rate-limiting,Medium,ghost/core/core/server/web/api/endpoints/admin/routes.js,Requiere parche o revisión manual,"This route handler performs [authorization](1), but is not rate-limited.
This route handler performs [authorization](2), but is not rate-limited."
Ghost,Código Fuente (SAST),js/missing-rate-limiting,Medium,ghost/core/core/server/web/api/endpoints/admin/routes.js,Requiere parche o revisión manual,"This route handler performs [authorization](1), but is not rate-limited.
This route handler performs [authorization](2), but is not rate-limited."
Ghost,Código Fuente (SAST),js/missing-rate-limiting,Medium,ghost/core/core/server/web/api/endpoints/admin/routes.js,Requiere parche o revisión manual,"This route handler performs [authorization](1), but is not rate-limited.
This route handler performs [authorization](2), but is not rate-limited."
Ghost,Código Fuente (SAST),js/missing-rate-limiting,Medium,ghost/core/core/server/web/api/endpoints/admin/routes.js,Requiere parche o revisión manual,"This route handler performs [authorization](1), but is not rate-limited.
This route handler performs [authorization](2), but is not rate-limited."
Ghost,Código Fuente (SAST),js/missing-rate-limiting,Medium,ghost/core/core/server/web/api/endpoints/admin/routes.js,Requiere parche o revisión manual,"This route handler performs [authorization](1), but is not rate-limited.
This route handler performs [authorization](2), but is not rate-limited."
Ghost,Código Fuente (SAST),js/missing-rate-limiting,Medium,ghost/core/core/server/web/api/endpoints/admin/routes.js,Requiere parche o revisión manual,"This route handler performs [authorization](1), but is not rate-limited.
This route handler performs [authorization](2), but is not rate-limited."
Ghost,Código Fuente (SAST),js/missing-rate-limiting,Medium,ghost/core/core/server/web/api/endpoints/admin/routes.js,Requiere parche o revisión manual,"This route handler performs [authorization](1), but is not rate-limited.
This route handler performs [authorization](2), but is not rate-limited."
Ghost,Código Fuente (SAST),js/missing-rate-limiting,Medium,ghost/core/core/server/web/api/endpoints/admin/routes.js,Requiere parche o revisión manual,"This route handler performs [authorization](1), but is not rate-limited.
This route handler performs [authorization](2), but is not rate-limited."
Ghost,Código Fuente (SAST),js/missing-rate-limiting,Medium,ghost/core/core/server/web/api/endpoints/admin/routes.js,Requiere parche o revisión manual,"This route handler performs [authorization](1), but is not rate-limited.
This route handler performs [authorization](2), but is not rate-limited."
Ghost,Código Fuente (SAST),js/missing-rate-limiting,Medium,ghost/core/core/server/web/api/endpoints/admin/routes.js,Requiere parche o revisión manual,"This route handler performs [authorization](1), but is not rate-limited.
This route handler performs [authorization](2), but is not rate-limited."
Ghost,Código Fuente (SAST),js/missing-rate-limiting,Medium,ghost/core/core/server/web/api/endpoints/admin/routes.js,Requiere parche o revisión manual,"This route handler performs [authorization](1), but is not rate-limited.
This route handler performs [authorization](2), but is not rate-limited."
Ghost,Código Fuente (SAST),js/missing-rate-limiting,Medium,ghost/core/core/server/web/api/endpoints/admin/routes.js,Requiere parche o revisión manual,"This route handler performs [authorization](1), but is not rate-limited.
This route handler performs [authorization](2), but is not rate-limited."
Ghost,Código Fuente (SAST),js/missing-rate-limiting,Medium,ghost/core/core/server/web/api/endpoints/admin/routes.js,Requiere parche o revisión manual,"This route handler performs [authorization](1), but is not rate-limited.
This route handler performs [authorization](2), but is not rate-limited."
Ghost,Código Fuente (SAST),js/missing-rate-limiting,Medium,ghost/core/core/server/web/api/endpoints/admin/routes.js,Requiere parche o revisión manual,"This route handler performs [authorization](1), but is not rate-limited.
This route handler performs [authorization](2), but is not rate-limited."
Ghost,Código Fuente (SAST),js/missing-rate-limiting,Medium,ghost/core/core/server/web/api/endpoints/admin/routes.js,Requiere parche o revisión manual,"This route handler performs [authorization](1), but is not rate-limited.
This route handler performs [authorization](2), but is not rate-limited."
Ghost,Código Fuente (SAST),js/missing-rate-limiting,Medium,ghost/core/core/server/web/api/endpoints/admin/routes.js,Requiere parche o revisión manual,"This route handler performs [authorization](1), but is not rate-limited.
This route handler performs [authorization](2), but is not rate-limited."
Ghost,Código Fuente (SAST),js/missing-rate-limiting,Medium,ghost/core/core/server/web/api/endpoints/admin/routes.js,Requiere parche o revisión manual,"This route handler performs [authorization](1), but is not rate-limited.
This route handler performs [authorization](2), but is not rate-limited."
Ghost,Código Fuente (SAST),js/missing-rate-limiting,Medium,ghost/core/core/server/web/api/endpoints/admin/routes.js,Requiere parche o revisión manual,"This route handler performs [authorization](1), but is not rate-limited.
This route handler performs [authorization](2), but is not rate-limited."
Ghost,Código Fuente (SAST),js/missing-rate-limiting,Medium,ghost/core/core/server/web/api/endpoints/admin/routes.js,Requiere parche o revisión manual,"This route handler performs [authorization](1), but is not rate-limited.
This route handler performs [authorization](2), but is not rate-limited."
Ghost,Código Fuente (SAST),js/missing-rate-limiting,Medium,ghost/core/core/server/web/api/endpoints/admin/routes.js,Requiere parche o revisión manual,"This route handler performs [authorization](1), but is not rate-limited.
This route handler performs [authorization](2), but is not rate-limited."
Ghost,Código Fuente (SAST),js/missing-rate-limiting,Medium,ghost/core/core/server/web/api/endpoints/admin/routes.js,Requiere parche o revisión manual,"This route handler performs [authorization](1), but is not rate-limited.
This route handler performs [authorization](2), but is not rate-limited."
Ghost,Código Fuente (SAST),js/missing-rate-limiting,Medium,ghost/core/core/server/web/api/endpoints/admin/routes.js,Requiere parche o revisión manual,"This route handler performs [authorization](1), but is not rate-limited.
This route handler performs [authorization](2), but is not rate-limited."
Ghost,Código Fuente (SAST),js/missing-rate-limiting,Medium,ghost/core/core/server/web/api/endpoints/admin/routes.js,Requiere parche o revisión manual,"This route handler performs [authorization](1), but is not rate-limited.
This route handler performs [authorization](2), but is not rate-limited."
Ghost,Código Fuente (SAST),js/missing-rate-limiting,Medium,ghost/core/core/server/web/api/endpoints/admin/routes.js,Requiere parche o revisión manual,"This route handler performs [authorization](1), but is not rate-limited.
This route handler performs [authorization](2), but is not rate-limited."
Ghost,Código Fuente (SAST),js/missing-rate-limiting,Medium,ghost/core/core/server/web/api/endpoints/admin/routes.js,Requiere parche o revisión manual,"This route handler performs [authorization](1), but is not rate-limited.
This route handler performs [authorization](2), but is not rate-limited."
Ghost,Código Fuente (SAST),js/missing-rate-limiting,Medium,ghost/core/core/server/web/api/endpoints/admin/routes.js,Requiere parche o revisión manual,"This route handler performs [authorization](1), but is not rate-limited.
This route handler performs [authorization](2), but is not rate-limited."
Ghost,Código Fuente (SAST),js/missing-rate-limiting,Medium,ghost/core/core/server/web/api/endpoints/admin/routes.js,Requiere parche o revisión manual,"This route handler performs [authorization](1), but is not rate-limited.
This route handler performs [authorization](2), but is not rate-limited."
Ghost,Código Fuente (SAST),js/missing-rate-limiting,Medium,ghost/core/core/server/web/api/endpoints/admin/routes.js,Requiere parche o revisión manual,"This route handler performs [authorization](1), but is not rate-limited.
This route handler performs [authorization](2), but is not rate-limited."
Ghost,Código Fuente (SAST),js/missing-rate-limiting,Medium,ghost/core/core/server/web/api/endpoints/admin/routes.js,Requiere parche o revisión manual,"This route handler performs [authorization](1), but is not rate-limited.
This route handler performs [authorization](2), but is not rate-limited."
Ghost,Código Fuente (SAST),js/missing-rate-limiting,Medium,ghost/core/core/server/web/api/endpoints/admin/routes.js,Requiere parche o revisión manual,"This route handler performs [authorization](1), but is not rate-limited.
This route handler performs [authorization](2), but is not rate-limited."
Ghost,Código Fuente (SAST),js/missing-rate-limiting,Medium,ghost/core/core/server/web/api/endpoints/admin/routes.js,Requiere parche o revisión manual,"This route handler performs [authorization](1), but is not rate-limited.
This route handler performs [authorization](2), but is not rate-limited."
Ghost,Código Fuente (SAST),js/missing-rate-limiting,Medium,ghost/core/core/server/web/api/endpoints/admin/routes.js,Requiere parche o revisión manual,"This route handler performs [authorization](1), but is not rate-limited.
This route handler performs [authorization](2), but is not rate-limited."
Ghost,Código Fuente (SAST),js/missing-rate-limiting,Medium,ghost/core/core/server/web/api/endpoints/admin/routes.js,Requiere parche o revisión manual,"This route handler performs [authorization](1), but is not rate-limited.
This route handler performs [authorization](2), but is not rate-limited."
Ghost,Código Fuente (SAST),js/missing-rate-limiting,Medium,ghost/core/core/server/web/api/endpoints/admin/routes.js,Requiere parche o revisión manual,"This route handler performs [authorization](1), but is not rate-limited.
This route handler performs [authorization](2), but is not rate-limited."
Ghost,Código Fuente (SAST),js/missing-rate-limiting,Medium,ghost/core/core/server/web/api/endpoints/admin/routes.js,Requiere parche o revisión manual,"This route handler performs [authorization](1), but is not rate-limited.
This route handler performs [authorization](2), but is not rate-limited."
Ghost,Código Fuente (SAST),js/missing-rate-limiting,Medium,ghost/core/core/server/web/api/endpoints/admin/routes.js,Requiere parche o revisión manual,"This route handler performs [authorization](1), but is not rate-limited.
This route handler performs [authorization](2), but is not rate-limited."
Ghost,Código Fuente (SAST),js/missing-rate-limiting,Medium,ghost/core/core/server/web/api/endpoints/admin/routes.js,Requiere parche o revisión manual,"This route handler performs [authorization](1), but is not rate-limited.
This route handler performs [authorization](2), but is not rate-limited."
Ghost,Código Fuente (SAST),js/missing-rate-limiting,Medium,ghost/core/core/server/web/api/endpoints/admin/routes.js,Requiere parche o revisión manual,"This route handler performs [authorization](1), but is not rate-limited.
This route handler performs [authorization](2), but is not rate-limited."
Ghost,Código Fuente (SAST),js/missing-rate-limiting,Medium,ghost/core/core/server/web/api/endpoints/admin/routes.js,Requiere parche o revisión manual,"This route handler performs [authorization](1), but is not rate-limited.
This route handler performs [authorization](2), but is not rate-limited."
Ghost,Código Fuente (SAST),js/missing-rate-limiting,Medium,ghost/core/core/server/web/api/endpoints/admin/routes.js,Requiere parche o revisión manual,"This route handler performs [authorization](1), but is not rate-limited.
This route handler performs [authorization](2), but is not rate-limited."
Ghost,Código Fuente (SAST),js/missing-rate-limiting,Medium,ghost/core/core/server/web/api/endpoints/admin/routes.js,Requiere parche o revisión manual,"This route handler performs [authorization](1), but is not rate-limited.
This route handler performs [authorization](2), but is not rate-limited."
Ghost,Código Fuente (SAST),js/missing-rate-limiting,Medium,ghost/core/core/server/web/api/endpoints/admin/routes.js,Requiere parche o revisión manual,"This route handler performs [authorization](1), but is not rate-limited.
This route handler performs [authorization](2), but is not rate-limited."
Ghost,Código Fuente (SAST),js/missing-rate-limiting,Medium,ghost/core/core/server/web/api/endpoints/admin/routes.js,Requiere parche o revisión manual,"This route handler performs [authorization](1), but is not rate-limited.
This route handler performs [authorization](2), but is not rate-limited."
Ghost,Código Fuente (SAST),js/missing-rate-limiting,Medium,ghost/core/core/server/web/api/endpoints/admin/routes.js,Requiere parche o revisión manual,"This route handler performs [authorization](1), but is not rate-limited.
This route handler performs [authorization](2), but is not rate-limited."
Ghost,Código Fuente (SAST),js/missing-rate-limiting,Medium,ghost/core/core/server/web/api/endpoints/admin/routes.js,Requiere parche o revisión manual,"This route handler performs [authorization](1), but is not rate-limited."
Ghost,Código Fuente (SAST),js/missing-rate-limiting,Medium,ghost/core/core/server/web/api/endpoints/admin/routes.js,Requiere parche o revisión manual,"This route handler performs [authorization](1), but is not rate-limited.
This route handler performs [authorization](2), but is not rate-limited."
Ghost,Código Fuente (SAST),js/missing-rate-limiting,Medium,ghost/core/core/server/web/api/endpoints/admin/routes.js,Requiere parche o revisión manual,"This route handler performs [authorization](1), but is not rate-limited.
This route handler performs [authorization](2), but is not rate-limited."
Ghost,Código Fuente (SAST),js/missing-rate-limiting,Medium,ghost/core/core/server/web/api/endpoints/admin/routes.js,Requiere parche o revisión manual,"This route handler performs [authorization](1), but is not rate-limited.
This route handler performs [authorization](2), but is not rate-limited."
Ghost,Código Fuente (SAST),js/missing-rate-limiting,Medium,ghost/core/core/server/web/api/endpoints/admin/routes.js,Requiere parche o revisión manual,"This route handler performs [authorization](1), but is not rate-limited.
This route handler performs [authorization](2), but is not rate-limited."
Ghost,Código Fuente (SAST),js/missing-rate-limiting,Medium,ghost/core/core/server/web/api/endpoints/admin/routes.js,Requiere parche o revisión manual,"This route handler performs [authorization](1), but is not rate-limited.
This route handler performs [authorization](2), but is not rate-limited."
Ghost,Código Fuente (SAST),js/missing-rate-limiting,Medium,ghost/core/core/server/web/api/endpoints/admin/routes.js,Requiere parche o revisión manual,"This route handler performs [authorization](1), but is not rate-limited.
This route handler performs [authorization](2), but is not rate-limited."
Ghost,Código Fuente (SAST),js/missing-rate-limiting,Medium,ghost/core/core/server/web/api/endpoints/admin/routes.js,Requiere parche o revisión manual,"This route handler performs [authorization](1), but is not rate-limited.
This route handler performs [authorization](2), but is not rate-limited."
Ghost,Código Fuente (SAST),js/missing-rate-limiting,Medium,ghost/core/core/server/web/api/endpoints/admin/routes.js,Requiere parche o revisión manual,"This route handler performs [authorization](1), but is not rate-limited.
This route handler performs [authorization](2), but is not rate-limited."
Ghost,Código Fuente (SAST),js/missing-rate-limiting,Medium,ghost/core/core/server/web/api/endpoints/admin/routes.js,Requiere parche o revisión manual,"This route handler performs [authorization](1), but is not rate-limited.
This route handler performs [authorization](2), but is not rate-limited."
Ghost,Código Fuente (SAST),js/missing-rate-limiting,Medium,ghost/core/core/server/web/api/endpoints/admin/routes.js,Requiere parche o revisión manual,"This route handler performs [authorization](1), but is not rate-limited.
This route handler performs [authorization](2), but is not rate-limited."
Ghost,Código Fuente (SAST),js/missing-rate-limiting,Medium,ghost/core/core/server/web/api/endpoints/admin/routes.js,Requiere parche o revisión manual,"This route handler performs [authorization](1), but is not rate-limited.
This route handler performs [authorization](2), but is not rate-limited."
Ghost,Código Fuente (SAST),js/missing-rate-limiting,Medium,ghost/core/core/server/web/api/endpoints/admin/routes.js,Requiere parche o revisión manual,"This route handler performs [authorization](1), but is not rate-limited.
This route handler performs [authorization](2), but is not rate-limited."
Ghost,Código Fuente (SAST),js/missing-rate-limiting,Medium,ghost/core/core/server/web/api/endpoints/admin/routes.js,Requiere parche o revisión manual,"This route handler performs [authorization](1), but is not rate-limited.
This route handler performs [authorization](2), but is not rate-limited."
Ghost,Código Fuente (SAST),js/missing-rate-limiting,Medium,ghost/core/core/server/web/api/endpoints/admin/routes.js,Requiere parche o revisión manual,"This route handler performs [authorization](1), but is not rate-limited.
This route handler performs [authorization](2), but is not rate-limited."
Ghost,Código Fuente (SAST),js/missing-rate-limiting,Medium,ghost/core/core/server/web/api/endpoints/admin/routes.js,Requiere parche o revisión manual,"This route handler performs [authorization](1), but is not rate-limited.
This route handler performs [authorization](2), but is not rate-limited."
Ghost,Código Fuente (SAST),js/missing-rate-limiting,Medium,ghost/core/core/server/web/api/endpoints/admin/routes.js,Requiere parche o revisión manual,"This route handler performs [authorization](1), but is not rate-limited.
This route handler performs [authorization](2), but is not rate-limited."
Ghost,Código Fuente (SAST),js/missing-rate-limiting,Medium,ghost/core/core/server/web/api/endpoints/admin/routes.js,Requiere parche o revisión manual,"This route handler performs [authorization](1), but is not rate-limited.
This route handler performs [authorization](2), but is not rate-limited."
Ghost,Código Fuente (SAST),js/missing-rate-limiting,Medium,ghost/core/core/server/web/api/endpoints/admin/routes.js,Requiere parche o revisión manual,"This route handler performs [authorization](1), but is not rate-limited.
This route handler performs [authorization](2), but is not rate-limited."
Ghost,Código Fuente (SAST),js/missing-rate-limiting,Medium,ghost/core/core/server/web/api/endpoints/admin/routes.js,Requiere parche o revisión manual,"This route handler performs [authorization](1), but is not rate-limited.
This route handler performs [authorization](2), but is not rate-limited."
Ghost,Código Fuente (SAST),js/missing-rate-limiting,Medium,ghost/core/core/server/web/api/endpoints/admin/routes.js,Requiere parche o revisión manual,"This route handler performs [authorization](1), but is not rate-limited.
This route handler performs [authorization](2), but is not rate-limited."
Ghost,Código Fuente (SAST),js/missing-rate-limiting,Medium,ghost/core/core/server/web/api/endpoints/admin/routes.js,Requiere parche o revisión manual,"This route handler performs [authorization](1), but is not rate-limited.
This route handler performs [authorization](2), but is not rate-limited."
Ghost,Código Fuente (SAST),js/missing-rate-limiting,Medium,ghost/core/core/server/web/api/endpoints/admin/routes.js,Requiere parche o revisión manual,"This route handler performs [authorization](1), but is not rate-limited.
This route handler performs [authorization](2), but is not rate-limited."
Ghost,Código Fuente (SAST),js/missing-rate-limiting,Medium,ghost/core/core/server/web/api/endpoints/admin/routes.js,Requiere parche o revisión manual,"This route handler performs [authorization](1), but is not rate-limited.
This route handler performs [authorization](2), but is not rate-limited."
Ghost,Código Fuente (SAST),js/missing-rate-limiting,Medium,ghost/core/core/server/web/api/endpoints/admin/routes.js,Requiere parche o revisión manual,"This route handler performs [authorization](1), but is not rate-limited.
This route handler performs [authorization](2), but is not rate-limited."
Ghost,Código Fuente (SAST),js/missing-rate-limiting,Medium,ghost/core/core/server/web/api/endpoints/admin/routes.js,Requiere parche o revisión manual,"This route handler performs [authorization](1), but is not rate-limited.
This route handler performs [authorization](2), but is not rate-limited."
Ghost,Código Fuente (SAST),js/missing-rate-limiting,Medium,ghost/core/core/server/web/api/endpoints/admin/routes.js,Requiere parche o revisión manual,"This route handler performs [authorization](1), but is not rate-limited.
This route handler performs [authorization](2), but is not rate-limited."
Ghost,Código Fuente (SAST),js/missing-rate-limiting,Medium,ghost/core/core/server/web/api/endpoints/admin/routes.js,Requiere parche o revisión manual,"This route handler performs [authorization](1), but is not rate-limited.
This route handler performs [authorization](2), but is not rate-limited."
Ghost,Código Fuente (SAST),js/missing-rate-limiting,Medium,ghost/core/core/server/web/api/endpoints/admin/routes.js,Requiere parche o revisión manual,"This route handler performs [authorization](1), but is not rate-limited.
This route handler performs [authorization](2), but is not rate-limited."
Ghost,Código Fuente (SAST),js/missing-rate-limiting,Medium,ghost/core/core/server/web/api/endpoints/admin/routes.js,Requiere parche o revisión manual,"This route handler performs [authorization](1), but is not rate-limited.
This route handler performs [authorization](2), but is not rate-limited."
Ghost,Código Fuente (SAST),js/missing-rate-limiting,Medium,ghost/core/core/server/web/api/endpoints/admin/routes.js,Requiere parche o revisión manual,"This route handler performs [authorization](1), but is not rate-limited.
This route handler performs [authorization](2), but is not rate-limited."
Ghost,Código Fuente (SAST),js/missing-rate-limiting,Medium,ghost/core/core/server/web/api/endpoints/admin/routes.js,Requiere parche o revisión manual,"This route handler performs [authorization](1), but is not rate-limited.
This route handler performs [authorization](2), but is not rate-limited."
Ghost,Código Fuente (SAST),js/missing-rate-limiting,Medium,ghost/core/core/server/web/api/endpoints/admin/routes.js,Requiere parche o revisión manual,"This route handler performs [authorization](1), but is not rate-limited.
This route handler performs [authorization](2), but is not rate-limited."
Ghost,Código Fuente (SAST),js/missing-rate-limiting,Medium,ghost/core/core/server/web/api/endpoints/admin/routes.js,Requiere parche o revisión manual,"This route handler performs [authorization](1), but is not rate-limited.
This route handler performs [authorization](2), but is not rate-limited."
Ghost,Código Fuente (SAST),js/missing-rate-limiting,Medium,ghost/core/core/server/web/api/endpoints/admin/routes.js,Requiere parche o revisión manual,"This route handler performs [authorization](1), but is not rate-limited.
This route handler performs [authorization](2), but is not rate-limited."
Ghost,Código Fuente (SAST),js/missing-rate-limiting,Medium,ghost/core/core/server/web/api/endpoints/admin/routes.js,Requiere parche o revisión manual,"This route handler performs [authorization](1), but is not rate-limited.
This route handler performs [authorization](2), but is not rate-limited."
Ghost,Código Fuente (SAST),js/missing-rate-limiting,Medium,ghost/core/core/server/web/api/endpoints/admin/routes.js,Requiere parche o revisión manual,"This route handler performs [authorization](1), but is not rate-limited.
This route handler performs [authorization](2), but is not rate-limited."
Ghost,Código Fuente (SAST),js/missing-rate-limiting,Medium,ghost/core/core/server/web/api/endpoints/admin/routes.js,Requiere parche o revisión manual,"This route handler performs [authorization](1), but is not rate-limited.
This route handler performs [authorization](2), but is not rate-limited."
Ghost,Código Fuente (SAST),js/missing-rate-limiting,Medium,ghost/core/core/server/web/api/endpoints/admin/routes.js,Requiere parche o revisión manual,"This route handler performs [authorization](1), but is not rate-limited.
This route handler performs [authorization](2), but is not rate-limited."
Ghost,Código Fuente (SAST),js/missing-rate-limiting,Medium,ghost/core/core/server/web/api/endpoints/admin/routes.js,Requiere parche o revisión manual,"This route handler performs [authorization](1), but is not rate-limited.
This route handler performs [authorization](2), but is not rate-limited."
Ghost,Código Fuente (SAST),js/missing-rate-limiting,Medium,ghost/core/core/server/web/api/endpoints/admin/routes.js,Requiere parche o revisión manual,"This route handler performs [authorization](1), but is not rate-limited.
This route handler performs [authorization](2), but is not rate-limited."
Ghost,Código Fuente (SAST),js/missing-rate-limiting,Medium,ghost/core/core/server/web/api/endpoints/admin/routes.js,Requiere parche o revisión manual,"This route handler performs [authorization](1), but is not rate-limited.
This route handler performs [authorization](2), but is not rate-limited."
Ghost,Código Fuente (SAST),js/missing-rate-limiting,Medium,ghost/core/core/server/web/api/endpoints/admin/routes.js,Requiere parche o revisión manual,"This route handler performs [authorization](1), but is not rate-limited.
This route handler performs [authorization](2), but is not rate-limited."
Ghost,Código Fuente (SAST),js/missing-rate-limiting,Medium,ghost/core/core/server/web/api/endpoints/admin/routes.js,Requiere parche o revisión manual,"This route handler performs [authorization](1), but is not rate-limited.
This route handler performs [authorization](2), but is not rate-limited."
Ghost,Código Fuente (SAST),js/missing-rate-limiting,Medium,ghost/core/core/server/web/api/endpoints/admin/routes.js,Requiere parche o revisión manual,"This route handler performs [authorization](1), but is not rate-limited.
This route handler performs [authorization](2), but is not rate-limited."
Ghost,Código Fuente (SAST),js/missing-rate-limiting,Medium,ghost/core/core/server/web/api/endpoints/admin/routes.js,Requiere parche o revisión manual,"This route handler performs [authorization](1), but is not rate-limited.
This route handler performs [authorization](2), but is not rate-limited."
Ghost,Código Fuente (SAST),js/missing-rate-limiting,Medium,ghost/core/core/server/web/api/endpoints/admin/routes.js,Requiere parche o revisión manual,"This route handler performs [authorization](1), but is not rate-limited.
This route handler performs [authorization](2), but is not rate-limited."
Ghost,Código Fuente (SAST),js/missing-rate-limiting,Medium,ghost/core/core/server/web/api/endpoints/admin/routes.js,Requiere parche o revisión manual,"This route handler performs [authorization](1), but is not rate-limited.
This route handler performs [authorization](2), but is not rate-limited."
Ghost,Código Fuente (SAST),js/missing-rate-limiting,Medium,ghost/core/core/server/web/api/endpoints/admin/routes.js,Requiere parche o revisión manual,"This route handler performs [authorization](1), but is not rate-limited.
This route handler performs [authorization](2), but is not rate-limited."
Ghost,Código Fuente (SAST),js/missing-rate-limiting,Medium,ghost/core/core/server/web/api/endpoints/admin/routes.js,Requiere parche o revisión manual,"This route handler performs [authorization](1), but is not rate-limited.
This route handler performs [authorization](2), but is not rate-limited."
Ghost,Código Fuente (SAST),js/missing-rate-limiting,Medium,ghost/core/core/server/web/api/endpoints/admin/routes.js,Requiere parche o revisión manual,"This route handler performs [authorization](1), but is not rate-limited.
This route handler performs [authorization](2), but is not rate-limited."
Ghost,Código Fuente (SAST),js/missing-rate-limiting,Medium,ghost/core/core/server/web/api/endpoints/admin/routes.js,Requiere parche o revisión manual,"This route handler performs [authorization](1), but is not rate-limited.
This route handler performs [authorization](2), but is not rate-limited."
Ghost,Código Fuente (SAST),js/missing-rate-limiting,Medium,ghost/core/core/server/web/api/endpoints/admin/routes.js,Requiere parche o revisión manual,"This route handler performs [authorization](1), but is not rate-limited.
This route handler performs [authorization](2), but is not rate-limited."
Ghost,Código Fuente (SAST),js/missing-rate-limiting,Medium,ghost/core/core/server/web/api/endpoints/admin/routes.js,Requiere parche o revisión manual,"This route handler performs [authorization](1), but is not rate-limited.
This route handler performs [authorization](2), but is not rate-limited."
Ghost,Código Fuente (SAST),js/missing-rate-limiting,Medium,ghost/core/core/server/web/api/endpoints/admin/routes.js,Requiere parche o revisión manual,"This route handler performs [authorization](1), but is not rate-limited.
This route handler performs [authorization](2), but is not rate-limited."
Ghost,Código Fuente (SAST),js/missing-rate-limiting,Medium,ghost/core/core/server/web/api/endpoints/admin/routes.js,Requiere parche o revisión manual,"This route handler performs [authorization](1), but is not rate-limited.
This route handler performs [authorization](2), but is not rate-limited."
Ghost,Código Fuente (SAST),js/missing-rate-limiting,Medium,ghost/core/core/server/web/members/app.js,Requiere parche o revisión manual,"This route handler performs [authorization](1), but is not rate-limited."
Ghost,Código Fuente (SAST),js/missing-rate-limiting,Medium,ghost/core/core/server/web/members/app.js,Requiere parche o revisión manual,"This route handler performs [authorization](1), but is not rate-limited."
Ghost,Código Fuente (SAST),js/missing-rate-limiting,Medium,ghost/core/test/unit/server/services/members/middleware.test.js,Requiere parche o revisión manual,"This route handler performs [authorization](1), but is not rate-limited."
Ghost,Código Fuente (SAST),js/missing-rate-limiting,Medium,ghost/core/test/unit/server/web/api/admin/middleware.test.js,Requiere parche o revisión manual,"This route handler performs [authorization](1), but is not rate-limited.
This route handler performs [authorization](2), but is not rate-limited."
Ghost,Código Fuente (SAST),js/cors-misconfiguration-for-credentials,Medium,apps/admin-x-framework/test/unit/utils/api/fetch-api.test.tsx,Requiere parche o revisión manual,[Credential](1) leak vulnerability due to a [misconfigured CORS header value](2).
Ghost,Código Fuente (SAST),js/insecure-randomness,Medium,apps/portal/src/utils/fixtures-generator.js,Requiere parche o revisión manual,This uses a cryptographically insecure random number generated at [Math.random()](1) in a security context.
Ghost,Código Fuente (SAST),js/insecure-randomness,Medium,ghost/core/core/server/data/tinybird/scripts/docker-analytics-manager.js,Requiere parche o revisión manual,This uses a cryptographically insecure random number generated at [Math.random()](1) in a security context.
Ghost,Código Fuente (SAST),js/insecure-randomness,Medium,ghost/core/core/server/data/tinybird/scripts/docker-analytics-manager.js,Requiere parche o revisión manual,This uses a cryptographically insecure random number generated at [Math.random()](1) in a security context.
Ghost,Código Fuente (SAST),js/insecure-randomness,Medium,ghost/core/core/server/data/tinybird/scripts/docker-analytics-manager.js,Requiere parche o revisión manual,This uses a cryptographically insecure random number generated at [Math.random()](1) in a security context.
Ghost,Código Fuente (SAST),js/insecure-randomness,Medium,ghost/core/core/server/data/tinybird/scripts/docker-analytics-manager.js,Requiere parche o revisión manual,This uses a cryptographically insecure random number generated at [Math.random()](1) in a security context.
Ghost,Código Fuente (SAST),js/insecure-randomness,Medium,ghost/core/core/server/data/tinybird/scripts/docker-analytics-manager.js,Requiere parche o revisión manual,This uses a cryptographically insecure random number generated at [Math.random()](1) in a security context.
Ghost,Código Fuente (SAST),js/insecure-randomness,Medium,ghost/core/core/server/data/tinybird/scripts/docker-analytics-manager.js,Requiere parche o revisión manual,This uses a cryptographically insecure random number generated at [Math.random()](1) in a security context.
Ghost,Código Fuente (SAST),js/insecure-randomness,Medium,ghost/core/core/server/data/tinybird/scripts/docker-analytics-manager.js,Requiere parche o revisión manual,This uses a cryptographically insecure random number generated at [Math.random()](1) in a security context.
Ghost,Código Fuente (SAST),js/insecure-randomness,Medium,ghost/core/core/server/data/tinybird/scripts/docker-analytics-manager.js,Requiere parche o revisión manual,This uses a cryptographically insecure random number generated at [Math.random()](1) in a security context.
Ghost,Código Fuente (SAST),js/insecure-randomness,Medium,apps/portal/src/utils/fixtures-generator.js,Requiere parche o revisión manual,This uses a cryptographically insecure random number generated at [Math.random()](1) in a security context.
Ghost,Código Fuente (SAST),js/insecure-randomness,Medium,apps/portal/src/utils/fixtures-generator.js,Requiere parche o revisión manual,This uses a cryptographically insecure random number generated at [Math.random()](1) in a security context.
Ghost,Código Fuente (SAST),js/server-side-unvalidated-url-redirection,Medium,ghost/core/core/frontend/web/middleware/handle-image-sizes.js,Requiere parche o revisión manual,Untrusted URL redirection depends on a [user-provided value](1).
Ghost,Código Fuente (SAST),js/incomplete-hostname-regexp,Medium,ghost/core/test/unit/frontend/helpers/ghost-head.test.js,Requiere parche o revisión manual,"This regular expression has an unescaped '.' before 'stripe.com', so it might match more hosts than expected."
Ghost,Código Fuente (SAST),js/incomplete-hostname-regexp,Medium,ghost/core/test/unit/frontend/helpers/ghost-head.test.js,Requiere parche o revisión manual,"This regular expression has an unescaped '.' before 'stripe.com', so it might match more hosts than expected."
Ghost,Código Fuente (SAST),js/incomplete-hostname-regexp,Medium,ghost/core/test/unit/frontend/helpers/ghost-head.test.js,Requiere parche o revisión manual,"This regular expression has an unescaped '.' before 'stripe.com', so it might match more hosts than expected."
Ghost,Código Fuente (SAST),js/incomplete-hostname-regexp,Medium,ghost/core/test/unit/frontend/helpers/ghost-head.test.js,Requiere parche o revisión manual,"This regular expression has an unescaped '.' before 'stripe.com', so it might match more hosts than expected."
Ghost,Código Fuente (SAST),js/incomplete-hostname-regexp,Medium,ghost/core/test/unit/frontend/helpers/ghost-head.test.js,Requiere parche o revisión manual,"This regular expression has an unescaped '.' before 'stripe.com', so it might match more hosts than expected."
Ghost,Código Fuente (SAST),js/incomplete-hostname-regexp,Medium,ghost/core/test/unit/frontend/helpers/ghost-head.test.js,Requiere parche o revisión manual,"This regular expression has an unescaped '.' before 'stripe.com', so it might match more hosts than expected."
Ghost,Código Fuente (SAST),js/incomplete-hostname-regexp,Medium,ghost/core/test/utils/e2e-framework-mock-manager.js,Requiere parche o revisión manual,"This regular expression has an unescaped '.' before 'slack.com', so it might match more hosts than expected."
Ghost,Código Fuente (SAST),js/incomplete-url-substring-sanitization,Medium,.github/scripts/release-apps.js,Requiere parche o revisión manual,"'[https://linear.app/ghost](1)' can be anywhere in the URL, and arbitrary hosts may come before or after it."
Ghost,Código Fuente (SAST),js/incomplete-url-substring-sanitization,Medium,.github/scripts/release-apps.js,Requiere parche o revisión manual,"'[https://linear.app/ghost](1)' can be anywhere in the URL, and arbitrary hosts may come before or after it."
Ghost,Código Fuente (SAST),js/incomplete-url-substring-sanitization,Medium,apps/admin-x-settings/src/utils/social-urls/instagram.ts,Requiere parche o revisión manual,"'[instagram.com](1)' can be anywhere in the URL, and arbitrary hosts may come before or after it."
Ghost,Código Fuente (SAST),js/incomplete-url-substring-sanitization,Medium,apps/admin-x-settings/src/utils/social-urls/instagram.ts,Requiere parche o revisión manual,"'[instagram.com](1)' can be anywhere in the URL, and arbitrary hosts may come before or after it."
Ghost,Código Fuente (SAST),js/incomplete-url-substring-sanitization,Medium,apps/admin-x-settings/src/utils/social-urls/linkedin.ts,Requiere parche o revisión manual,"'[linkedin.com](1)' can be anywhere in the URL, and arbitrary hosts may come before or after it."
Ghost,Código Fuente (SAST),js/incomplete-url-substring-sanitization,Medium,apps/admin-x-settings/src/utils/social-urls/threads.ts,Requiere parche o revisión manual,"'[threads.net](1)' can be anywhere in the URL, and arbitrary hosts may come before or after it."
Ghost,Código Fuente (SAST),js/incomplete-url-substring-sanitization,Medium,apps/admin-x-settings/src/utils/social-urls/threads.ts,Requiere parche o revisión manual,"'[threads.com](1)' can be anywhere in the URL, and arbitrary hosts may come before or after it."
Ghost,Código Fuente (SAST),js/incomplete-url-substring-sanitization,Medium,apps/admin-x-settings/src/utils/social-urls/tiktok.ts,Requiere parche o revisión manual,"'[tiktok.com](1)' can be anywhere in the URL, and arbitrary hosts may come before or after it."
Ghost,Código Fuente (SAST),js/incomplete-url-substring-sanitization,Medium,apps/admin-x-settings/src/utils/social-urls/tiktok.ts,Requiere parche o revisión manual,"'[tiktok.com](1)' can be anywhere in the URL, and arbitrary hosts may come before or after it."
Ghost,Código Fuente (SAST),js/incomplete-url-substring-sanitization,Medium,apps/admin-x-settings/src/utils/social-urls/youtube.ts,Requiere parche o revisión manual,"'[youtube.com](1)' can be anywhere in the URL, and arbitrary hosts may come before or after it."
Ghost,Código Fuente (SAST),js/incomplete-url-substring-sanitization,Medium,apps/admin-x-settings/src/utils/social-urls/youtube.ts,Requiere parche o revisión manual,"'[youtube.com](1)' can be anywhere in the URL, and arbitrary hosts may come before or after it."
Ghost,Código Fuente (SAST),js/incomplete-url-substring-sanitization,Medium,ghost/core/core/server/services/koenig/node-renderers/embed/types/twitter.js,Requiere parche o revisión manual,'[pic.twitter.com](1)' may be followed by an arbitrary host name.
Ghost,Código Fuente (SAST),js/incomplete-url-substring-sanitization,Medium,ghost/core/test/e2e-api/admin/posts.test.js,Requiere parche o revisión manual,'[https://cdn.example.com](1)' may be followed by an arbitrary host name.
Ghost,Código Fuente (SAST),js/incomplete-url-substring-sanitization,Medium,ghost/core/test/e2e-server/services/recommendation-emails.test.js,Requiere parche o revisión manual,"'[https://www.otherghostsite.com](1)' can be anywhere in the URL, and arbitrary hosts may come before or after it."
Ghost,Código Fuente (SAST),js/incomplete-url-substring-sanitization,Medium,ghost/core/test/e2e-server/services/recommendation-emails.test.js,Requiere parche o revisión manual,"'[https://www.otherghostsite.com](1)' can be anywhere in the URL, and arbitrary hosts may come before or after it."
Ghost,Código Fuente (SAST),js/incomplete-url-substring-sanitization,Medium,ghost/core/test/unit/server/lib/get-inbox-links.test.ts,Requiere parche o revisión manual,"'[mail.google.com](1)' can be anywhere in the URL, and arbitrary hosts may come before or after it."
Ghost,Código Fuente (SAST),js/incomplete-url-substring-sanitization,Medium,ghost/core/test/unit/server/lib/get-inbox-links.test.ts,Requiere parche o revisión manual,"'[mail.google.com](1)' can be anywhere in the URL, and arbitrary hosts may come before or after it."
Ghost,Código Fuente (SAST),js/incomplete-url-substring-sanitization,Medium,ghost/core/test/unit/server/lib/get-inbox-links.test.ts,Requiere parche o revisión manual,"'[mail.google.com](1)' can be anywhere in the URL, and arbitrary hosts may come before or after it."
Ghost,Código Fuente (SAST),js/incomplete-url-substring-sanitization,Medium,ghost/core/test/unit/server/services/email-service/email-renderer.test.js,Requiere parche o revisión manual,"'[http://example.com](1)' can be anywhere in the URL, and arbitrary hosts may come before or after it."
Ghost,Código Fuente (SAST),js/incomplete-url-substring-sanitization,Medium,ghost/core/test/unit/server/services/email-service/email-renderer.test.js,Requiere parche o revisión manual,"'[http://example.com](1)' can be anywhere in the URL, and arbitrary hosts may come before or after it."
Ghost,Código Fuente (SAST),js/incomplete-url-substring-sanitization,Medium,ghost/core/test/unit/server/services/email-service/email-renderer.test.js,Requiere parche o revisión manual,"'[https://ghost.org/](1)' can be anywhere in the URL, and arbitrary hosts may come before or after it."
Ghost,Código Fuente (SAST),js/incomplete-url-substring-sanitization,Medium,ghost/core/test/unit/server/services/email-service/email-renderer.test.js,Requiere parche o revisión manual,"'[http://icon.example.com](1)' can be anywhere in the URL, and arbitrary hosts may come before or after it."
Ghost,Código Fuente (SAST),js/incomplete-url-substring-sanitization,Medium,ghost/core/test/unit/server/services/email-service/email-renderer.test.js,Requiere parche o revisión manual,"'[http://icon.example.com](1)' can be anywhere in the URL, and arbitrary hosts may come before or after it."
Ghost,Código Fuente (SAST),js/incomplete-url-substring-sanitization,Medium,ghost/core/test/unit/server/services/email-service/email-renderer.test.js,Requiere parche o revisión manual,"'[feedback-link.com](1)' can be anywhere in the URL, and arbitrary hosts may come before or after it."
Ghost,Código Fuente (SAST),js/incomplete-url-substring-sanitization,Medium,ghost/core/test/unit/server/services/email-service/email-renderer.test.js,Requiere parche o revisión manual,"'[tracked-link.com](1)' can be anywhere in the URL, and arbitrary hosts may come before or after it."
Ghost,Código Fuente (SAST),js/incomplete-url-substring-sanitization,Medium,ghost/core/test/unit/server/services/email-service/email-renderer.test.js,Requiere parche o revisión manual,"'[tracked-link.com](1)' can be anywhere in the URL, and arbitrary hosts may come before or after it."
Ghost,Código Fuente (SAST),js/incomplete-url-substring-sanitization,Medium,ghost/core/test/unit/server/services/email-service/email-renderer.test.js,Requiere parche o revisión manual,"'[feedback-link.com](1)' can be anywhere in the URL, and arbitrary hosts may come before or after it."
Ghost,Código Fuente (SAST),js/incomplete-url-substring-sanitization,Medium,ghost/core/test/unit/server/services/email-service/email-renderer.test.js,Requiere parche o revisión manual,"'[tracked-link.com](1)' can be anywhere in the URL, and arbitrary hosts may come before or after it."
Ghost,Código Fuente (SAST),js/incomplete-url-substring-sanitization,Medium,ghost/core/test/unit/server/services/email-service/email-renderer.test.js,Requiere parche o revisión manual,"'[tracked-link.com](1)' can be anywhere in the URL, and arbitrary hosts may come before or after it."
Ghost,Código Fuente (SAST),js/incomplete-url-substring-sanitization,Medium,ghost/core/test/unit/server/services/email-service/email-renderer.test.js,Requiere parche o revisión manual,"'[tracked-link.com](1)' can be anywhere in the URL, and arbitrary hosts may come before or after it."
Ghost,Código Fuente (SAST),js/incomplete-url-substring-sanitization,Medium,ghost/core/test/unit/server/services/email-service/email-renderer.test.js,Requiere parche o revisión manual,"'[http://example.com](1)' can be anywhere in the URL, and arbitrary hosts may come before or after it."
Ghost,Código Fuente (SAST),js/incomplete-url-substring-sanitization,Medium,ghost/core/test/unit/server/services/email-service/email-renderer.test.js,Requiere parche o revisión manual,"'[http://example.com](1)' can be anywhere in the URL, and arbitrary hosts may come before or after it."
Ghost,Código Fuente (SAST),js/http-to-file-access,Medium,ghost/core/bin/generate-golden-email.js,Requiere parche o revisión manual,Write to file system depends on [Untrusted data](1).
Ghost,Código Fuente (SAST),js/indirect-command-line-injection,Medium,scripts/lib/release-notes.js,Requiere parche o revisión manual,This command depends on an unsanitized [command-line argument](1).
Ghost,Código Fuente (SAST),js/file-system-race,Medium,ghost/core/bin/create-migration.js,Requiere parche o revisión manual,The file may have changed since it [was checked](1).
Ghost,Código Fuente (SAST),js/file-system-race,Medium,ghost/core/core/frontend/services/asset-hash/index.js,Requiere parche o revisión manual,The file may have changed since it [was checked](1).
Ghost,Código Fuente (SAST),js/file-system-race,Medium,ghost/core/core/server/adapters/storage/S3Storage.ts,Requiere parche o revisión manual,The file may have changed since it [was checked](1).
Ghost,Código Fuente (SAST),js/remote-property-injection,Medium,e2e/helpers/services/stripe/fake-stripe-server.ts,Requiere parche o revisión manual,A property name to write to depends on a [user-provided value](1).
Ghost,Código Fuente (SAST),js/remote-property-injection,Medium,e2e/helpers/services/stripe/fake-stripe-server.ts,Requiere parche o revisión manual,A property name to write to depends on a [user-provided value](1).
Ghost,Código Fuente (SAST),js/samesite-none-cookie,Medium,ghost/core/core/frontend/apps/private-blogging/lib/middleware.js,Requiere parche o revisión manual,Sensitive cookie with SameSite set to 'None'.
Ghost,Código Fuente (SAST),js/samesite-none-cookie,Medium,ghost/core/core/server/services/auth/session/express-session.js,Requiere parche o revisión manual,Sensitive cookie with SameSite set to 'None'.
Ghost,Código Fuente (SAST),js/user-controlled-bypass,Medium,apps/portal/src/utils/notifications.js,Requiere parche o revisión manual,"This condition guards a sensitive [action](1), but a [user-provided value](2) controls it.
This condition guards a sensitive [action](1), but a [user-provided value](3) controls it."
Ghost,Código Fuente (SAST),js/user-controlled-bypass,Medium,apps/portal/src/utils/notifications.js,Requiere parche o revisión manual,"This condition guards a sensitive [action](1), but a [user-provided value](2) controls it.
This condition guards a sensitive [action](1), but a [user-provided value](3) controls it."
Ghost,Código Fuente (SAST),js/insecure-temporary-file,Medium,e2e/tests/admin/members/import.test.ts,Requiere parche o revisión manual,Insecure creation of file in [the os temp dir](1).
Ghost,Código Fuente (SAST),js/insecure-temporary-file,Medium,ghost/core/core/server/adapters/redirects/FileStore.ts,Requiere parche o revisión manual,Insecure creation of file in [the os temp dir](1).
Ghost,Código Fuente (SAST),js/insecure-temporary-file,Medium,ghost/core/core/server/services/themes/installer.js,Requiere parche o revisión manual,Insecure creation of file in [the os temp dir](1).
Ghost,Código Fuente (SAST),js/insecure-temporary-file,Medium,ghost/core/test/legacy/api/admin/db.test.js,Requiere parche o revisión manual,Insecure creation of file in [the os temp dir](1).
Ghost,Código Fuente (SAST),js/insecure-temporary-file,Medium,ghost/core/test/legacy/api/admin/redirects.test.js,Requiere parche o revisión manual,Insecure creation of file in [the os temp dir](1).
Ghost,Código Fuente (SAST),js/insecure-temporary-file,Medium,ghost/core/test/unit/server/adapters/redirects/file-store.test.ts,Requiere parche o revisión manual,Insecure creation of file in [the os temp dir](1).
Ghost,Código Fuente (SAST),js/insecure-temporary-file,Medium,ghost/core/test/unit/server/adapters/redirects/file-store.test.ts,Requiere parche o revisión manual,Insecure creation of file in [the os temp dir](1).
Ghost,Código Fuente (SAST),js/insecure-temporary-file,Medium,ghost/core/test/unit/server/adapters/redirects/file-store.test.ts,Requiere parche o revisión manual,Insecure creation of file in [the os temp dir](1).
Ghost,Código Fuente (SAST),js/insecure-temporary-file,Medium,ghost/core/test/unit/server/adapters/redirects/file-store.test.ts,Requiere parche o revisión manual,Insecure creation of file in [the os temp dir](1).
Ghost,Código Fuente (SAST),js/insecure-temporary-file,Medium,ghost/core/test/unit/server/adapters/redirects/file-store.test.ts,Requiere parche o revisión manual,Insecure creation of file in [the os temp dir](1).
Ghost,Código Fuente (SAST),js/insecure-temporary-file,Medium,ghost/core/test/unit/server/adapters/redirects/file-store.test.ts,Requiere parche o revisión manual,Insecure creation of file in [the os temp dir](1).
Ghost,Código Fuente (SAST),js/insecure-temporary-file,Medium,ghost/core/test/unit/server/adapters/redirects/file-store.test.ts,Requiere parche o revisión manual,Insecure creation of file in [the os temp dir](1).
Ghost,Código Fuente (SAST),js/insecure-temporary-file,Medium,ghost/core/test/unit/server/adapters/redirects/file-store.test.ts,Requiere parche o revisión manual,Insecure creation of file in [the os temp dir](1).
Ghost,Código Fuente (SAST),js/insecure-temporary-file,Medium,ghost/core/test/utils/e2e-utils.js,Requiere parche o revisión manual,"Insecure creation of file in [the os temp dir](1).
Insecure creation of file in [the os temp dir](2)."
Ghost,Código Fuente (SAST),js/client-side-request-forgery,Medium,apps/comments-ui/test/utils/e2e.ts,Requiere parche o revisión manual,The [URL](1) of this request depends on a [user-provided value](2).
Ghost,Código Fuente (SAST),js/missing-origin-check,Medium,apps/activitypub/src/views/inbox/components/reader.tsx,Requiere parche o revisión manual,Postmessage handler has no origin check.
Ghost,Código Fuente (SAST),js/missing-origin-check,Medium,apps/admin-x-settings/src/components/settings/membership/portal/portal-frame.tsx,Requiere parche o revisión manual,Postmessage handler has no origin check.
Ghost,Código Fuente (SAST),js/missing-origin-check,Medium,apps/comments-ui/test/utils/e2e.ts,Requiere parche o revisión manual,Postmessage handler has no origin check.
Ghost,Código Fuente (SAST),js/missing-origin-check,Medium,ghost/admin/app/components/gh-billing-iframe.js,Requiere parche o revisión manual,Postmessage handler has no origin check.
Ghost,Código Fuente (SAST),js/missing-origin-check,Medium,ghost/admin/app/components/gh-site-iframe.js,Requiere parche o revisión manual,Postmessage handler has no origin check.
Ghost,Código Fuente (SAST),js/missing-origin-check,Medium,ghost/admin/app/services/explore.js,Requiere parche o revisión manual,Postmessage handler has no origin check.
Ghost,Código Fuente (SAST),js/regex/missing-regexp-anchor,Medium,ghost/admin/app/components/gh-twitter-url-input.js,Requiere parche o revisión manual,"When this is used as a regular expression on a URL, it may match anywhere, and arbitrary hosts may come before or after it."
Ghost,Código Fuente (SAST),js/regex/missing-regexp-anchor,Medium,ghost/admin/app/components/gh-twitter-url-input.js,Requiere parche o revisión manual,"When this is used as a regular expression on a URL, it may match anywhere, and arbitrary hosts may come before or after it."
Ghost,Código Fuente (SAST),js/regex/missing-regexp-anchor,Medium,ghost/admin/app/utils/sentry.js,Requiere parche o revisión manual,"When this is used as a regular expression on a URL, it may match anywhere, and arbitrary hosts may come before or after it."
Ghost,Código Fuente (SAST),js/regex/missing-regexp-anchor,Medium,ghost/core/core/frontend/utils/images.js,Requiere parche o revisión manual,"When this is used as a regular expression on a URL, it may match anywhere, and arbitrary hosts may come before or after it."
Ghost,Código Fuente (SAST),js/regex/missing-regexp-anchor,Medium,ghost/core/core/server/data/importer/importers/json-to-html.js,Requiere parche o revisión manual,"When this is used as a regular expression on a URL, it may match anywhere, and arbitrary hosts may come before or after it."
Ghost,Código Fuente (SAST),js/regex/missing-regexp-anchor,Medium,ghost/core/core/server/data/importer/importers/json-to-html.js,Requiere parche o revisión manual,"When this is used as a regular expression on a URL, it may match anywhere, and arbitrary hosts may come before or after it."
Ghost,Código Fuente (SAST),js/regex/missing-regexp-anchor,Medium,ghost/core/core/server/lib/mobiledoc.js,Requiere parche o revisión manual,"When this is used as a regular expression on a URL, it may match anywhere, and arbitrary hosts may come before or after it."
Ghost,Código Fuente (SAST),js/regex/missing-regexp-anchor,Medium,ghost/core/core/server/services/email-service/email-renderer.js,Requiere parche o revisión manual,"When this is used as a regular expression on a URL, it may match anywhere, and arbitrary hosts may come before or after it."
Ghost,Código Fuente (SAST),js/regex/missing-regexp-anchor,Medium,ghost/core/core/server/services/koenig/node-renderers/call-to-action-renderer.js,Requiere parche o revisión manual,"Misleading operator precedence. The subexpression '#(\[a-fA-F\d\]{{3}}|\[a-fA-F\d\]{{6}})$' is anchored at the end, but the other parts of this regular expression are not
Misleading operator precedence. The subexpression '^\[a-zA-Z\d-\]+' is anchored at the beginning, but the other parts of this regular expression are not"
Ghost,Código Fuente (SAST),js/regex/missing-regexp-anchor,Medium,ghost/core/core/server/services/koenig/node-renderers/call-to-action-renderer.js,Requiere parche o revisión manual,"Misleading operator precedence. The subexpression '#(\[a-fA-F\d\]{{3}}|\[a-fA-F\d\]{{6}})$' is anchored at the end, but the other parts of this regular expression are not
Misleading operator precedence. The subexpression '^\[a-zA-Z\d-\]+' is anchored at the beginning, but the other parts of this regular expression are not"
Ghost,Código Fuente (SAST),js/regex/missing-regexp-anchor,Medium,ghost/core/core/server/services/koenig/render-utils/is-unsplash-image.js,Requiere parche o revisión manual,"When this is used as a regular expression on a URL, it may match anywhere, and arbitrary hosts may come before or after it."
Ghost,Código Fuente (SAST),js/regex/missing-regexp-anchor,Medium,ghost/core/core/server/services/oembed/oembed-service.js,Requiere parche o revisión manual,"When this is used as a regular expression on a URL, it may match anywhere, and arbitrary hosts may come before or after it."
Ghost,Código Fuente (SAST),js/regex/missing-regexp-anchor,Medium,ghost/core/test/unit/frontend/helpers/ghost-head.test.js,Requiere parche o revisión manual,"When this is used as a regular expression on a URL, it may match anywhere, and arbitrary hosts may come before or after it."
Ghost,Código Fuente (SAST),js/regex/missing-regexp-anchor,Medium,ghost/core/test/unit/frontend/helpers/ghost-head.test.js,Requiere parche o revisión manual,"When this is used as a regular expression on a URL, it may match anywhere, and arbitrary hosts may come before or after it."
Ghost,Código Fuente (SAST),js/regex/missing-regexp-anchor,Medium,ghost/core/test/unit/frontend/helpers/ghost-head.test.js,Requiere parche o revisión manual,"When this is used as a regular expression on a URL, it may match anywhere, and arbitrary hosts may come before or after it."
Ghost,Código Fuente (SAST),js/regex/missing-regexp-anchor,Medium,ghost/core/test/unit/frontend/helpers/ghost-head.test.js,Requiere parche o revisión manual,"When this is used as a regular expression on a URL, it may match anywhere, and arbitrary hosts may come before or after it."
Ghost,Código Fuente (SAST),js/regex/missing-regexp-anchor,Medium,ghost/core/test/unit/frontend/helpers/ghost-head.test.js,Requiere parche o revisión manual,"When this is used as a regular expression on a URL, it may match anywhere, and arbitrary hosts may come before or after it."
Ghost,Código Fuente (SAST),js/regex/missing-regexp-anchor,Medium,ghost/core/test/unit/frontend/helpers/ghost-head.test.js,Requiere parche o revisión manual,"When this is used as a regular expression on a URL, it may match anywhere, and arbitrary hosts may come before or after it."
Ghost,Código Fuente (SAST),js/regex/missing-regexp-anchor,Medium,ghost/core/test/unit/frontend/services/llms/markdown.test.js,Requiere parche o revisión manual,"When this is used as a regular expression on a URL, it may match anywhere, and arbitrary hosts may come before or after it."
Ghost,Código Fuente (SAST),js/regex/missing-regexp-anchor,Medium,ghost/core/test/unit/frontend/services/sitemap/generator.test.js,Requiere parche o revisión manual,"When this is used as a regular expression on a URL, it may match anywhere, and arbitrary hosts may come before or after it."
Ghost,Código Fuente (SAST),js/regex/missing-regexp-anchor,Medium,ghost/core/test/unit/frontend/services/sitemap/generator.test.js,Requiere parche o revisión manual,"When this is used as a regular expression on a URL, it may match anywhere, and arbitrary hosts may come before or after it."
Ghost,Código Fuente (SAST),js/regex/missing-regexp-anchor,Medium,ghost/core/test/unit/server/services/email-service/email-renderer.test.js,Requiere parche o revisión manual,"When this is used as a regular expression on a URL, it may match anywhere, and arbitrary hosts may come before or after it."
Ghost,Código Fuente (SAST),js/regex/missing-regexp-anchor,Medium,ghost/core/test/unit/server/services/media-inliner/test/external-media-inliner.test.js,Requiere parche o revisión manual,"When this is used as a regular expression on a URL, it may match anywhere, and arbitrary hosts may come before or after it."
Ghost,Código Fuente (SAST),js/regex/missing-regexp-anchor,Medium,ghost/core/test/unit/server/services/media-inliner/test/external-media-inliner.test.js,Requiere parche o revisión manual,"When this is used as a regular expression on a URL, it may match anywhere, and arbitrary hosts may come before or after it."
Ghost,Código Fuente (SAST),js/regex/missing-regexp-anchor,Medium,ghost/core/test/unit/server/services/media-inliner/test/external-media-inliner.test.js,Requiere parche o revisión manual,"When this is used as a regular expression on a URL, it may match anywhere, and arbitrary hosts may come before or after it."
Ghost,Código Fuente (SAST),js/regex/missing-regexp-anchor,Medium,ghost/core/test/unit/server/services/media-inliner/test/external-media-inliner.test.js,Requiere parche o revisión manual,"When this is used as a regular expression on a URL, it may match anywhere, and arbitrary hosts may come before or after it."
Ghost,Código Fuente (SAST),js/regex/missing-regexp-anchor,Medium,ghost/core/test/unit/server/services/media-inliner/test/external-media-inliner.test.js,Requiere parche o revisión manual,"When this is used as a regular expression on a URL, it may match anywhere, and arbitrary hosts may come before or after it."
Ghost,Código Fuente (SAST),js/regex/missing-regexp-anchor,Medium,ghost/core/test/unit/server/services/media-inliner/test/external-media-inliner.test.js,Requiere parche o revisión manual,"When this is used as a regular expression on a URL, it may match anywhere, and arbitrary hosts may come before or after it."
Ghost,Código Fuente (SAST),js/regex/missing-regexp-anchor,Medium,ghost/core/test/unit/server/services/media-inliner/test/external-media-inliner.test.js,Requiere parche o revisión manual,"When this is used as a regular expression on a URL, it may match anywhere, and arbitrary hosts may come before or after it."
Ghost,Código Fuente (SAST),js/regex/missing-regexp-anchor,Medium,ghost/core/test/unit/server/services/media-inliner/test/external-media-inliner.test.js,Requiere parche o revisión manual,"When this is used as a regular expression on a URL, it may match anywhere, and arbitrary hosts may come before or after it."
Ghost,Código Fuente (SAST),js/regex/missing-regexp-anchor,Medium,ghost/core/test/unit/server/services/media-inliner/test/external-media-inliner.test.js,Requiere parche o revisión manual,"When this is used as a regular expression on a URL, it may match anywhere, and arbitrary hosts may come before or after it."
Ghost,Código Fuente (SAST),js/regex/missing-regexp-anchor,Medium,ghost/core/test/unit/server/services/media-inliner/test/external-media-inliner.test.js,Requiere parche o revisión manual,"When this is used as a regular expression on a URL, it may match anywhere, and arbitrary hosts may come before or after it."
Ghost,Código Fuente (SAST),js/regex/missing-regexp-anchor,Medium,ghost/core/test/utils/e2e-framework-mock-manager.js,Requiere parche o revisión manual,"When this is used as a regular expression on a URL, it may match anywhere, and arbitrary hosts may come before or after it."
Ghost,Código Fuente (SAST),js/regex/missing-regexp-anchor,Medium,ghost/core/test/utils/e2e-framework-mock-manager.js,Requiere parche o revisión manual,"When this is used as a regular expression on a URL, it may match anywhere, and arbitrary hosts may come before or after it."
Ghost,Código Fuente (SAST),js/redundant-assignment,Medium,ghost/admin/app/components/posts-list/selection-list.js,Requiere parche o revisión manual,This expression assigns property selectedIds to itself.
Ghost,Código Fuente (SAST),js/redundant-assignment,Medium,ghost/admin/app/components/posts-list/selection-list.js,Requiere parche o revisión manual,This expression assigns property selectedIds to itself.
Ghost,Código Fuente (SAST),js/implicit-operand-conversion,Medium,ghost/admin/app/components/gh-editor-feature-image.hbs,Requiere parche o revisión manual,This expression will be implicitly converted from number to object.
Ghost,Código Fuente (SAST),js/missing-space-in-concatenation,Medium,ghost/core/core/server/models/post.js,Requiere parche o revisión manual,"This string appears to be missing a space after 'ASC,'."
Ghost,Código Fuente (SAST),js/missing-space-in-concatenation,Medium,ghost/core/core/server/models/post.js,Requiere parche o revisión manual,"This string appears to be missing a space after 'DESC,'."
Ghost,Código Fuente (SAST),js/missing-space-in-concatenation,Medium,ghost/core/core/server/models/post.js,Requiere parche o revisión manual,"This string appears to be missing a space after 'DESC,'."
Ghost,Código Fuente (SAST),js/useless-expression,Medium,apps/admin-x-settings/src/components/settings/email/newsletters/newsletter-detail-modal.tsx,Requiere parche o revisión manual,This expression has no effect.
Ghost,Código Fuente (SAST),js/useless-expression,Medium,ghost/core/core/shared/settings-cache/cache-manager.js,Requiere parche o revisión manual,This expression has no effect.
Ghost,Código Fuente (SAST),js/comparison-between-incompatible-types,Medium,apps/shade/src/lib/ds-utils.ts,Requiere parche o revisión manual,"Variable 'countryCode' cannot be of type null, but it is compared to [an expression](1) of type null."
Ghost,Código Fuente (SAST),js/comparison-between-incompatible-types,Medium,ghost/core/core/server/lib/image/cached-image-size-from-url.js,Requiere parche o revisión manual,"Variable 'url' cannot be of type undefined, but it is compared to ['undefined'](1) of type undefined."
Ghost,Código Fuente (SAST),js/comparison-between-incompatible-types,Medium,ghost/core/core/server/lib/image/cached-image-size-from-url.js,Requiere parche o revisión manual,"Variable 'url' cannot be of type null, but it is compared to [an expression](1) of type null."
Ghost,Código Fuente (SAST),js/comparison-between-incompatible-types,Medium,ghost/core/core/server/services/tiers/tier.js,Requiere parche o revisión manual,"Variable 'value' cannot be of type null, but it is compared to [an expression](1) of type null."
Ghost,Código Fuente (SAST),js/redundant-operation,Medium,apps/activitypub/src/views/notifications/components/notification-icon.tsx,Requiere parche o revisión manual,Operands [className](1) and [className](2) are identical.
Ghost,Código Fuente (SAST),js/redundant-operation,Medium,apps/admin-x-design-system/src/global/avatar.tsx,Requiere parche o revisión manual,Operands [className](1) and [className](2) are identical.
Ghost,Código Fuente (SAST),js/redundant-operation,Medium,apps/admin-x-design-system/src/global/avatar.tsx,Requiere parche o revisión manual,Operands [className](1) and [className](2) are identical.
Ghost,Código Fuente (SAST),js/redundant-operation,Medium,apps/admin-x-design-system/src/global/list-item.tsx,Requiere parche o revisión manual,Operands [avatar](1) and [avatar](2) are identical.
Ghost,Código Fuente (SAST),js/redundant-operation,Medium,apps/admin-x-design-system/src/global/modal/preview-modal.tsx,Requiere parche o revisión manual,Operands [sidebar ... Classes](1) and [sidebar ... Classes](2) are identical.
Ghost,Código Fuente (SAST),js/redundant-operation,Medium,apps/admin-x-design-system/src/settings/setting-group.tsx,Requiere parche o revisión manual,Operands [navid](1) and [navid](2) are identical.
Ghost,Código Fuente (SAST),js/redundant-operation,Medium,apps/admin-x-design-system/src/settings/setting-group.tsx,Requiere parche o revisión manual,Operands [navid](1) and [navid](2) are identical.
Ghost,Código Fuente (SAST),js/redundant-operation,Medium,apps/shade/src/components/patterns/filters.tsx,Requiere parche o revisión manual,Operands [option.icon](1) and [option.icon](2) are identical.
Ghost,Código Fuente (SAST),js/redundant-operation,Medium,apps/shade/src/components/patterns/filters.tsx,Requiere parche o revisión manual,Operands [option.icon](1) and [option.icon](2) are identical.
Ghost,Código Fuente (SAST),js/redundant-operation,Medium,apps/shade/src/components/patterns/filters.tsx,Requiere parche o revisión manual,Operands [option.icon](1) and [option.icon](2) are identical.
Ghost,Código Fuente (SAST),js/redundant-operation,Medium,apps/shade/src/components/patterns/filters.tsx,Requiere parche o revisión manual,Operands [option.icon](1) and [option.icon](2) are identical.
Ghost,Código Fuente (SAST),js/redundant-operation,Medium,ghost/core/core/server/services/koenig/node-renderers/embed/types/twitter.js,Requiere parche o revisión manual,Operands [tweetDa ... chments](1) and [tweetDa ... chments](2) are identical.
Ghost,Código Fuente (SAST),js/redundant-operation,Medium,ghost/core/core/server/services/koenig/node-renderers/embed/types/twitter.js,Requiere parche o revisión manual,Operands [tweetDa ... chments](1) and [tweetDa ... chments](2) are identical.
Ghost,Código Fuente (SAST),js/redundant-operation,Medium,ghost/core/core/server/services/members/importer/labels.js,Requiere parche o revisión manual,Operands [createdLabels\[0\]](1) and [createdLabels\[0\]](2) are identical.
Ghost,Código Fuente (SAST),js/unneeded-defensive-code,Medium,ghost/core/core/server/services/lib/mailgun-client.js,Requiere parche o revisión manual,This guard always evaluates to true.
Ghost,Código Fuente (SAST),js/unneeded-defensive-code,Medium,ghost/core/core/server/services/slack.js,Requiere parche o revisión manual,This guard always evaluates to true.
Ghost,Código Fuente (SAST),js/duplicate-condition,Medium,ghost/core/core/server/data/seeders/importers/members-created-events-importer.js,Requiere parche o revisión manual,This condition is a duplicate of [luck(5)](1).
Ghost,Código Fuente (SAST),js/unbound-event-handler-receiver,Medium,ghost/admin/app/components/koenig-lexical-editor-input.js,Requiere parche o revisión manual,"The receiver of this event handler call is unbound, `[this](1)` will be `undefined` in the call to [onError](2)."
Ghost,Código Fuente (SAST),js/unbound-event-handler-receiver,Medium,ghost/admin/app/components/koenig-lexical-editor.js,Requiere parche o revisión manual,"The receiver of this event handler call is unbound, `[this](1)` will be `undefined` in the call to [onError](2)."
Ghost,Código Fuente (SAST),js/loop-iteration-skipped-due-to-shifting,Medium,ghost/core/test/e2e-api/admin/themes.test.js,Requiere parche o revisión manual,Removing an array item without adjusting the loop index 'i' causes the subsequent array item to be skipped.
Ghost,Código Fuente (SAST),js/trivial-conditional,Medium,apps/activitypub/src/components/layout/layout.tsx,Requiere parche o revisión manual,This use of variable 'isOnboarded' always evaluates to true.
Ghost,Código Fuente (SAST),js/trivial-conditional,Medium,apps/activitypub/src/components/layout/layout.tsx,Requiere parche o revisión manual,This use of variable 'isOnboarded' always evaluates to true.
Ghost,Código Fuente (SAST),js/trivial-conditional,Medium,apps/activitypub/src/views/inbox/components/reader.tsx,Requiere parche o revisión manual,This use of variable 'isLoadingContent' always evaluates to false.
Ghost,Código Fuente (SAST),js/trivial-conditional,Medium,apps/activitypub/src/views/inbox/components/reader.tsx,Requiere parche o revisión manual,This negation always evaluates to true.
Ghost,Código Fuente (SAST),js/trivial-conditional,Medium,apps/activitypub/src/views/inbox/components/reader.tsx,Requiere parche o revisión manual,This use of variable 'isLoadingContent' always evaluates to false.
Ghost,Código Fuente (SAST),js/trivial-conditional,Medium,apps/activitypub/src/views/inbox/components/reader.tsx,Requiere parche o revisión manual,This negation always evaluates to true.
Ghost,Código Fuente (SAST),js/trivial-conditional,Medium,apps/activitypub/src/views/inbox/components/reader.tsx,Requiere parche o revisión manual,This use of variable 'isLoadingContent' always evaluates to false.
Ghost,Código Fuente (SAST),js/trivial-conditional,Medium,apps/activitypub/src/views/inbox/components/reader.tsx,Requiere parche o revisión manual,This negation always evaluates to true.
Ghost,Código Fuente (SAST),js/trivial-conditional,Medium,apps/activitypub/src/views/preferences/components/profile.tsx,Requiere parche o revisión manual,This use of variable 'isMounted' always evaluates to true.
Ghost,Código Fuente (SAST),js/trivial-conditional,Medium,apps/admin-x-design-system/src/global/icon.tsx,Requiere parche o revisión manual,This negation always evaluates to true.
Ghost,Código Fuente (SAST),js/trivial-conditional,Medium,apps/admin-x-design-system/src/global/modal/preview-modal.tsx,Requiere parche o revisión manual,This use of variable 'previewToolbar' always evaluates to true.
Ghost,Código Fuente (SAST),js/trivial-conditional,Medium,apps/admin-x-design-system/src/settings/setting-group.tsx,Requiere parche o revisión manual,This use of variable 'isEditing' always evaluates to false.
Ghost,Código Fuente (SAST),js/trivial-conditional,Medium,apps/admin-x-design-system/src/settings/setting-group.tsx,Requiere parche o revisión manual,This use of variable 'isEditing' always evaluates to false.
Ghost,Código Fuente (SAST),js/trivial-conditional,Medium,apps/admin-x-design-system/src/settings/setting-group.tsx,Requiere parche o revisión manual,This use of variable 'isEditing' always evaluates to true.
Ghost,Código Fuente (SAST),js/trivial-conditional,Medium,apps/admin-x-design-system/src/settings/setting-group.tsx,Requiere parche o revisión manual,This use of variable 'isEditing' always evaluates to true.
Ghost,Código Fuente (SAST),js/trivial-conditional,Medium,apps/admin-x-framework/src/providers/routing-provider.tsx,Requiere parche o revisión manual,This use of variable 'modalPaths' always evaluates to true.
Ghost,Código Fuente (SAST),js/trivial-conditional,Medium,apps/admin-x-framework/src/providers/routing-provider.tsx,Requiere parche o revisión manual,This use of variable 'loadModals' always evaluates to true.
Ghost,Código Fuente (SAST),js/trivial-conditional,Medium,apps/admin-x-settings/src/components/settings/growth/offers/add-offer-modal.tsx,Requiere parche o revisión manual,This use of variable 'message' always evaluates to true.
Ghost,Código Fuente (SAST),js/trivial-conditional,Medium,apps/admin-x-settings/src/utils/search.tsx,Requiere parche o revisión manual,This use of variable 'text' always evaluates to true.
Ghost,Código Fuente (SAST),js/trivial-conditional,Medium,apps/comments-ui/src/components/content/comment.tsx,Requiere parche o revisión manual,This negation always evaluates to true.
Ghost,Código Fuente (SAST),js/trivial-conditional,Medium,apps/comments-ui/src/components/popups/report-popup.tsx,Requiere parche o revisión manual,This use of variable 'buttonColor' always evaluates to true.
Ghost,Código Fuente (SAST),js/trivial-conditional,Medium,apps/posts/src/views/PostAnalytics/Overview/components/web-overview.tsx,Requiere parche o revisión manual,This negation always evaluates to false.
Ghost,Código Fuente (SAST),js/trivial-conditional,Medium,ghost/admin/app/components/editor/modals/publish-flow/complete-with-email-error.js,Requiere parche o revisión manual,This use of variable 'e' always evaluates to true.
Ghost,Código Fuente (SAST),js/trivial-conditional,Medium,ghost/admin/app/components/gh-cm-editor.js,Requiere parche o revisión manual,This use of variable 'undefined' always evaluates to false.
Ghost,Código Fuente (SAST),js/trivial-conditional,Medium,ghost/admin/app/controllers/signin.js,Requiere parche o revisión manual,This use of variable 'error' always evaluates to true.
Ghost,Código Fuente (SAST),js/trivial-conditional,Medium,ghost/core/core/frontend/helpers/img_url.js,Requiere parche o revisión manual,This negation always evaluates to true.
Ghost,Código Fuente (SAST),js/trivial-conditional,Medium,ghost/core/core/server/api/endpoints/utils/serializers/output/notifications.js,Requiere parche o revisión manual,This negation always evaluates to false.
Ghost,Código Fuente (SAST),js/trivial-conditional,Medium,ghost/core/core/server/data/db/connection.js,Requiere parche o revisión manual,This negation always evaluates to true.
Ghost,Código Fuente (SAST),js/trivial-conditional,Medium,ghost/core/core/server/models/base/plugins/actions.js,Requiere parche o revisión manual,This use of variable 'context' always evaluates to true.
Ghost,Código Fuente (SAST),js/trivial-conditional,Medium,ghost/core/core/server/models/base/plugins/actions.js,Requiere parche o revisión manual,This use of variable 'context' always evaluates to true.
Ghost,Código Fuente (SAST),js/trivial-conditional,Medium,ghost/core/core/server/models/base/plugins/crud.js,Requiere parche o revisión manual,This negation always evaluates to false.
Ghost,Código Fuente (SAST),js/trivial-conditional,Medium,ghost/core/core/server/models/post.js,Requiere parche o revisión manual,This negation always evaluates to true.
Ghost,Código Fuente (SAST),js/trivial-conditional,Medium,ghost/core/core/server/models/post.js,Requiere parche o revisión manual,This negation always evaluates to true.
Ghost,Código Fuente (SAST),js/trivial-conditional,Medium,ghost/core/core/server/models/relations/authors.js,Requiere parche o revisión manual,This use of variable 'isCorrectOwner' always evaluates to true.
Ghost,Código Fuente (SAST),js/trivial-conditional,Medium,ghost/core/core/server/services/members/members-api/repositories/member-repository.js,Requiere parche o revisión manual,This use of variable 'options' always evaluates to true.
Ghost,Código Fuente (SAST),js/trivial-conditional,Medium,ghost/core/core/server/services/members/members-api/repositories/member-repository.js,Requiere parche o revisión manual,This use of variable 'options' always evaluates to true.
Ghost,Código Fuente (SAST),js/trivial-conditional,Medium,ghost/core/core/server/services/members/members-api/repositories/member-repository.js,Requiere parche o revisión manual,This use of variable 'options' always evaluates to true.
Ghost,Código Fuente (SAST),js/trivial-conditional,Medium,ghost/core/core/server/services/milestones/milestone.js,Requiere parche o revisión manual,This use of variable 'currency' always evaluates to true.
Ghost,Código Fuente (SAST),js/trivial-conditional,Medium,ghost/core/core/server/services/route-settings/validate.js,Requiere parche o revisión manual,This use of variable 'routingTypeObject' always evaluates to true.
Ghost,Código Fuente (SAST),js/trivial-conditional,Medium,ghost/core/core/server/services/route-settings/validate.js,Requiere parche o revisión manual,This use of variable 'routingTypeObject' always evaluates to true.
Ghost,Código Fuente (SAST),js/trivial-conditional,Medium,ghost/core/core/shared/prometheus-client.js,Requiere parche o revisión manual,This negation always evaluates to true.
Ghost,Código Fuente (SAST),js/useless-assignment-to-local,Medium,apps/admin-x-design-system/src/global/form/text-field.tsx,Requiere parche o revisión manual,"The initial value of field is unused, since it is always overwritten."
Ghost,Código Fuente (SAST),js/useless-assignment-to-local,Medium,apps/admin-x-design-system/src/global/layout/view-container.tsx,Requiere parche o revisión manual,"The initial value of toolbar is unused, since it is always overwritten."
Ghost,Código Fuente (SAST),js/useless-assignment-to-local,Medium,apps/admin-x-design-system/src/global/layout/view-container.tsx,Requiere parche o revisión manual,"The initial value of mainContent is unused, since it is always overwritten."
Ghost,Código Fuente (SAST),js/useless-assignment-to-local,Medium,apps/admin-x-settings/src/components/settings/membership/portal/portal-frame.tsx,Requiere parche o revisión manual,The value assigned to selectedTab here is unused.
Ghost,Código Fuente (SAST),js/useless-assignment-to-local,Medium,apps/admin-x-settings/src/components/settings/membership/portal/portal-preview.tsx,Requiere parche o revisión manual,"The initial value of tabContents is unused, since it is always overwritten."
Ghost,Código Fuente (SAST),js/useless-assignment-to-local,Medium,apps/admin-x-settings/src/components/settings/site/theme-modal.tsx,Requiere parche o revisión manual,"The initial value of title is unused, since it is always overwritten."
Ghost,Código Fuente (SAST),js/useless-assignment-to-local,Medium,apps/admin-x-settings/src/components/settings/site/theme-modal.tsx,Requiere parche o revisión manual,"The initial value of prompt is unused, since it is always overwritten."
Ghost,Código Fuente (SAST),js/useless-assignment-to-local,Medium,apps/portal/src/components/common/products-section.js,Requiere parche o revisión manual,"The initial value of currencySymbol is unused, since it is always overwritten."
Ghost,Código Fuente (SAST),js/useless-assignment-to-local,Medium,apps/portal/src/components/pages/signup-page.js,Requiere parche o revisión manual,"The initial value of label is unused, since it is always overwritten."
Ghost,Código Fuente (SAST),js/useless-assignment-to-local,Medium,apps/portal/test/data-attributes.test.js,Requiere parche o revisión manual,"The initial value of member is unused, since it is always overwritten."
Ghost,Código Fuente (SAST),js/useless-assignment-to-local,Medium,apps/portal/test/portal-links.test.js,Requiere parche o revisión manual,"The initial value of popupFrame is unused, since it is always overwritten."
Ghost,Código Fuente (SAST),js/useless-assignment-to-local,Medium,apps/portal/test/portal-links.test.js,Requiere parche o revisión manual,"The initial value of popupFrame is unused, since it is always overwritten."
Ghost,Código Fuente (SAST),js/useless-assignment-to-local,Medium,apps/portal/test/portal-links.test.js,Requiere parche o revisión manual,"The initial value of popupFrame is unused, since it is always overwritten."
Ghost,Código Fuente (SAST),js/useless-assignment-to-local,Medium,apps/portal/test/portal-links.test.js,Requiere parche o revisión manual,"The initial value of popupFrame is unused, since it is always overwritten."
Ghost,Código Fuente (SAST),js/useless-assignment-to-local,Medium,apps/portal/test/portal-links.test.js,Requiere parche o revisión manual,"The initial value of popupFrame is unused, since it is always overwritten."
Ghost,Código Fuente (SAST),js/useless-assignment-to-local,Medium,apps/portal/test/portal-links.test.js,Requiere parche o revisión manual,"The initial value of popupFrame is unused, since it is always overwritten."
Ghost,Código Fuente (SAST),js/useless-assignment-to-local,Medium,apps/portal/test/portal-links.test.js,Requiere parche o revisión manual,"The initial value of popupFrame is unused, since it is always overwritten."
Ghost,Código Fuente (SAST),js/useless-assignment-to-local,Medium,apps/portal/test/portal-links.test.js,Requiere parche o revisión manual,"The initial value of popupFrame is unused, since it is always overwritten."
Ghost,Código Fuente (SAST),js/useless-assignment-to-local,Medium,apps/portal/test/portal-links.test.js,Requiere parche o revisión manual,"The initial value of popupFrame is unused, since it is always overwritten."
Ghost,Código Fuente (SAST),js/useless-assignment-to-local,Medium,apps/portal/test/portal-links.test.js,Requiere parche o revisión manual,"The initial value of popupFrame is unused, since it is always overwritten."
Ghost,Código Fuente (SAST),js/useless-assignment-to-local,Medium,apps/portal/test/portal-links.test.js,Requiere parche o revisión manual,"The initial value of popupFrame is unused, since it is always overwritten."
Ghost,Código Fuente (SAST),js/useless-assignment-to-local,Medium,apps/portal/test/portal-links.test.js,Requiere parche o revisión manual,"The initial value of popupFrame is unused, since it is always overwritten."
Ghost,Código Fuente (SAST),js/useless-assignment-to-local,Medium,apps/portal/test/portal-links.test.js,Requiere parche o revisión manual,"The initial value of popupFrame is unused, since it is always overwritten."
Ghost,Código Fuente (SAST),js/useless-assignment-to-local,Medium,apps/portal/test/portal-links.test.js,Requiere parche o revisión manual,"The initial value of popupFrame is unused, since it is always overwritten."
Ghost,Código Fuente (SAST),js/useless-assignment-to-local,Medium,apps/portal/test/portal-links.test.js,Requiere parche o revisión manual,"The initial value of popupFrame is unused, since it is always overwritten."
Ghost,Código Fuente (SAST),js/useless-assignment-to-local,Medium,apps/portal/test/portal-links.test.js,Requiere parche o revisión manual,"The initial value of popupFrame is unused, since it is always overwritten."
Ghost,Código Fuente (SAST),js/useless-assignment-to-local,Medium,apps/portal/test/portal-links.test.js,Requiere parche o revisión manual,"The initial value of popupFrame is unused, since it is always overwritten."
Ghost,Código Fuente (SAST),js/useless-assignment-to-local,Medium,apps/shade/src/components/patterns/filters.tsx,Requiere parche o revisión manual,"The initial value of valid is unused, since it is always overwritten."
Ghost,Código Fuente (SAST),js/useless-assignment-to-local,Medium,apps/stats/src/views/Stats/Growth/components/growth-kpis.tsx,Requiere parche o revisión manual,"The initial value of fieldName is unused, since it is always overwritten."
Ghost,Código Fuente (SAST),js/useless-assignment-to-local,Medium,apps/stats/src/views/Stats/Growth/components/paid-subscription-change-chart.tsx,Requiere parche o revisión manual,"The initial value of displayValue is unused, since it is always overwritten."
Ghost,Código Fuente (SAST),js/useless-assignment-to-local,Medium,ghost/admin/app/adapters/embedded-relation-adapter.js,Requiere parche o revisión manual,The value assigned to hasMorePages here is unused.
Ghost,Código Fuente (SAST),js/useless-assignment-to-local,Medium,ghost/admin/app/services/ui.js,Requiere parche o revisión manual,"The initial value of adjustedAccentColor is unused, since it is always overwritten."
Ghost,Código Fuente (SAST),js/useless-assignment-to-local,Medium,ghost/admin/tests/acceptance/members-activity-test.js,Requiere parche o revisión manual,The value assigned to donationEvent here is unused.
Ghost,Código Fuente (SAST),js/useless-assignment-to-local,Medium,ghost/core/core/server/api/endpoints/utils/serializers/input/settings.js,Requiere parche o revisión manual,The value assigned to setting here is unused.
Ghost,Código Fuente (SAST),js/useless-assignment-to-local,Medium,ghost/core/core/server/services/members/members-api/repositories/member-repository.js,Requiere parche o revisión manual,The value assigned to updatedSubscription here is unused.
Ghost,Código Fuente (SAST),js/useless-assignment-to-local,Medium,ghost/core/core/server/services/stripe/services/webhook/checkout-session-event-service.js,Requiere parche o revisión manual,The value assigned to member here is unused.
Ghost,Código Fuente (SAST),js/useless-assignment-to-local,Medium,ghost/core/test/e2e-api/admin/members-edit-subscriptions.test.js,Requiere parche o revisión manual,"The initial value of member is unused, since it is always overwritten."
Ghost,Código Fuente (SAST),js/useless-assignment-to-local,Medium,ghost/core/test/unit/server/data/seeders/data-generator.test.js,Requiere parche o revisión manual,The value assigned to rowChain here is unused.
Ghost,Código Fuente (SAST),js/useless-assignment-to-local,Medium,ghost/core/test/unit/server/lib/request-external.test.js,Requiere parche o revisión manual,The value assigned to opts here is unused.
Ghost,Código Fuente (SAST),js/useless-assignment-to-property,Medium,ghost/admin/tests/unit/controllers/editor-test.js,Requiere parche o revisión manual,"This write to property 'post' is useless, since [another property write](1) always overrides it."
Ghost,Código Fuente (SAST),js/useless-assignment-to-property,Medium,ghost/core/core/server/data/migrations/versions/5.41/2023-03-27-17-51-fix-self-serve-integration-api-key-type.js,Requiere parche o revisión manual,"This write to property 'exports' is useless, since [another property write](1) always overrides it."
Ghost,Código Fuente (SAST),js/unused-local-variable,Medium,ghost/core/core/server/services/email-service/email-service.js,Requiere parche o revisión manual,Unused variable BatchSendingService.
Ghost,Código Fuente (SAST),js/unused-local-variable,Medium,ghost/core/core/server/services/email-service/email-service.js,Requiere parche o revisión manual,Unused variable EmailRenderer.
Ghost,Código Fuente (SAST),js/unused-local-variable,Medium,ghost/core/core/server/services/email-service/email-service.js,Requiere parche o revisión manual,Unused variable EmailSegmenter.
Ghost,Código Fuente (SAST),js/unused-local-variable,Medium,ghost/core/core/server/services/email-service/email-service.js,Requiere parche o revisión manual,Unused variable SendingService.
Ghost,Código Fuente (SAST),js/unused-local-variable,Medium,ghost/core/core/server/services/members/members-api/repositories/event-repository.js,Requiere parche o revisión manual,Unused variable typeFilter.
Ghost,Código Fuente (SAST),js/automatic-semicolon-insertion,Medium,.github/scripts/release-apps.js,Requiere parche o revisión manual,Avoid automated semicolon insertion (92% of all statements in [the enclosing function](1) have an explicit semicolon).
Ghost,Código Fuente (SAST),js/automatic-semicolon-insertion,Medium,apps/admin/src/layout/app-sidebar/nav-main.tsx,Requiere parche o revisión manual,Avoid automated semicolon insertion (90% of all statements in [the enclosing function](1) have an explicit semicolon).
Ghost,Código Fuente (SAST),js/syntax-error,Medium,ghost/admin/app/components/gh-post-settings-menu.hbs,Requiere parche o revisión manual,Error: Unexpected token
Ghost,Código Fuente (SAST),js/syntax-error,Medium,ghost/admin/app/components/koenig-lexical-editor-input.hbs,Requiere parche o revisión manual,Error: Unexpected token
Ghost,Código Fuente (SAST),js/syntax-error,Medium,ghost/admin/app/components/koenig-lexical-editor-input.hbs,Requiere parche o revisión manual,Error: Unexpected token
Ghost,Código Fuente (SAST),js/superfluous-trailing-arguments,Medium,apps/portal/src/components/frame.styles.js,Requiere parche o revisión manual,Superfluous argument passed to [function ProductsSectionStyles](1).
Ghost,Código Fuente (SAST),js/superfluous-trailing-arguments,Medium,apps/portal/src/components/frame.styles.js,Requiere parche o revisión manual,Superfluous argument passed to [function OfferPageStyles](1).
Ghost,Código Fuente (SAST),js/superfluous-trailing-arguments,Medium,apps/portal/src/components/notification.js,Requiere parche o revisión manual,Superfluous argument passed to [function Styles](1).
Ghost,Código Fuente (SAST),js/superfluous-trailing-arguments,Medium,apps/portal/src/components/pages/AccountHomePage/components/account-actions.js,Requiere parche o revisión manual,Superfluous argument passed to [function openEditProfile](1).
Ghost,Código Fuente (SAST),js/superfluous-trailing-arguments,Medium,apps/portal/src/components/pages/AccountHomePage/components/email-newsletter-action.js,Requiere parche o revisión manual,Superfluous argument passed to [function onToggleSubscription](1).
Ghost,Código Fuente (SAST),js/superfluous-trailing-arguments,Medium,apps/portal/src/components/pages/AccountHomePage/components/paid-account-actions.js,Requiere parche o revisión manual,Superfluous argument passed to [function openUpdatePlan](1).
Ghost,Código Fuente (SAST),js/superfluous-trailing-arguments,Medium,apps/portal/src/components/pages/AccountHomePage/components/paid-account-actions.js,Requiere parche o revisión manual,Superfluous argument passed to [function onManageBilling](1).
Ghost,Código Fuente (SAST),js/superfluous-trailing-arguments,Medium,apps/portal/src/components/pages/feedback-page.js,Requiere parche o revisión manual,Superfluous argument passed to [function close](1).
Ghost,Código Fuente (SAST),js/superfluous-trailing-arguments,Medium,apps/portal/src/components/popup-modal.js,Requiere parche o revisión manual,Superfluous argument passed to [function StylesWrapper](1).
Ghost,Código Fuente (SAST),js/superfluous-trailing-arguments,Medium,apps/portal/src/components/popup-modal.js,Requiere parche o revisión manual,Superfluous argument passed to [function StylesWrapper](1).
Ghost,Código Fuente (SAST),js/superfluous-trailing-arguments,Medium,ghost/admin/app/services/ajax.js,Requiere parche o revisión manual,Superfluous argument passed to [function isMaintenanceError](1).
Ghost,Código Fuente (SAST),js/superfluous-trailing-arguments,Medium,ghost/admin/mirage/config/labels.js,Requiere parche o revisión manual,Superfluous argument passed to [function Response](1).
Ghost,Código Fuente (SAST),js/superfluous-trailing-arguments,Medium,ghost/admin/mirage/config/offers.js,Requiere parche o revisión manual,Superfluous argument passed to [function Response](1).
Ghost,Código Fuente (SAST),js/superfluous-trailing-arguments,Medium,ghost/admin/mirage/config/tiers.js,Requiere parche o revisión manual,Superfluous argument passed to [function Response](1).
Ghost,Código Fuente (SAST),js/superfluous-trailing-arguments,Medium,ghost/admin/tests/integration/services/feature-test.js,Requiere parche o revisión manual,Superfluous argument passed to [function stubSettings](1).
Ghost,Código Fuente (SAST),js/superfluous-trailing-arguments,Medium,ghost/core/core/server/services/koenig/node-renderers/toggle-renderer.js,Requiere parche o revisión manual,Superfluous argument passed to [function emailCardTemplate](1).
Ghost,Código Fuente (SAST),js/superfluous-trailing-arguments,Medium,ghost/core/test/unit/server/services/email-service/email-renderer.test.js,Requiere parche o revisión manual,Superfluous argument passed to [function createUnsubscribeUrl](1).
Ghost,Código Fuente (SAST),js/superfluous-trailing-arguments,Medium,ghost/core/test/unit/server/services/email-service/email-renderer.test.js,Requiere parche o revisión manual,Superfluous argument passed to [function createUnsubscribeUrl](1).
Ghost,Código Fuente (SAST),js/react/unused-or-undefined-state-property,Medium,apps/portal/src/components/notification.js,Requiere parche o revisión manual,"Component state property 'className' is [written](1), but it is never read.
Component state property 'className' is [written](2), but it is never read."
Ghost,Código Fuente (SAST),js/react/unused-or-undefined-state-property,Medium,apps/portal/src/components/popup-modal.js,Requiere parche o revisión manual,"Component state property 'height' is [written](1), but it is never read.
Component state property 'height' is [written](2), but it is never read."
Ghost,Código Fuente (SAST),js/react/unused-or-undefined-state-property,Medium,apps/sodo-search/src/components/popup-modal.js,Requiere parche o revisión manual,"Component state property 'height' is [written](1), but it is never read.
Component state property 'height' is [written](2), but it is never read."
Ghost,Código Fuente (SAST),js/react/inconsistent-state-update,Medium,apps/sodo-search/src/app.js,Requiere parche o revisión manual,Component state update uses [potentially inconsistent value](1).
apache-superset,Código Fuente (SAST),js/polynomial-redos,Medium,superset-frontend/packages/superset-ui-chart-controls/src/operators/boxplotOperator.ts,Requiere parche o revisión manual,This [regular expression](1) that depends on [library input](2) may run slow on strings with many repetitions of '0'.
apache-superset,Código Fuente (SAST),js/shell-command-injection-from-environment,Medium,superset/mcp_service/bin/superset-mcp.js,Requiere parche o revisión manual,"This shell command depends on an uncontrolled [absolute path](1).
This shell command depends on an uncontrolled [absolute path](2)."
apache-superset,Código Fuente (SAST),js/clear-text-storage-of-sensitive-data,Medium,superset-frontend/src/pages/RedirectWarning/utils.ts,Requiere parche o revisión manual,"This stores sensitive data returned by [a call to getTrustedUrls](1) as clear text.
This stores sensitive data returned by [an access to trusted](2) as clear text."
apache-superset,Código Fuente (SAST),js/xss,Medium,superset-frontend/src/pages/RedirectWarning/index.tsx,Requiere parche o revisión manual,Cross-site scripting vulnerability due to [user-provided value](1).
apache-superset,Código Fuente (SAST),js/xss,Medium,superset-frontend/src/pages/RedirectWarning/index.tsx,Requiere parche o revisión manual,Cross-site scripting vulnerability due to [user-provided value](1).
apache-superset,Código Fuente (SAST),js/xss,Medium,superset-websocket/utils/client-ws-app/public/javascripts/app.js,Requiere parche o revisión manual,Cross-site scripting vulnerability due to [user-provided value](1).
apache-superset,Código Fuente (SAST),js/xss-through-dom,Medium,superset-frontend/packages/superset-ui-core/src/components/ListViewCard/index.tsx,Requiere parche o revisión manual,[DOM text](1) is reinterpreted as HTML without escaping meta-characters.
apache-superset,Código Fuente (SAST),js/xss-through-dom,Medium,superset-frontend/packages/superset-ui-core/src/connection/SupersetClientClass.ts,Requiere parche o revisión manual,[DOM text](1) is reinterpreted as HTML without escaping meta-characters.
apache-superset,Código Fuente (SAST),js/xss-through-dom,Medium,superset-frontend/src/SqlLab/components/ResultSet/index.tsx,Requiere parche o revisión manual,[DOM text](1) is reinterpreted as HTML without escaping meta-characters.
apache-superset,Código Fuente (SAST),js/xss-through-dom,Medium,superset-frontend/src/SqlLab/components/SaveDatasetModal/index.tsx,Requiere parche o revisión manual,[DOM text](1) is reinterpreted as HTML without escaping meta-characters.
apache-superset,Código Fuente (SAST),js/xss-through-dom,Medium,superset-frontend/src/components/Datasource/components/DatasourceEditor/DatasourceEditor.tsx,Requiere parche o revisión manual,[DOM text](1) is reinterpreted as HTML without escaping meta-characters.
apache-superset,Código Fuente (SAST),js/xss-through-dom,Medium,superset-frontend/src/components/GenericLink/index.tsx,Requiere parche o revisión manual,[DOM text](1) is reinterpreted as HTML without escaping meta-characters.
apache-superset,Código Fuente (SAST),js/xss-through-dom,Medium,superset-frontend/src/features/databases/DatabaseModal/SqlAlchemyForm.tsx,Requiere parche o revisión manual,[DOM text](1) is reinterpreted as HTML without escaping meta-characters.
apache-superset,Código Fuente (SAST),js/xss-through-dom,Medium,superset-frontend/src/utils/navigationUtils.ts,Requiere parche o revisión manual,[DOM text](1) is reinterpreted as HTML without escaping meta-characters.
apache-superset,Código Fuente (SAST),js/xss-through-dom,Medium,superset-frontend/src/utils/navigationUtils.ts,Requiere parche o revisión manual,[DOM text](1) is reinterpreted as HTML without escaping meta-characters.
apache-superset,Código Fuente (SAST),js/xss-through-exception,Medium,superset-frontend/packages/superset-ui-core/src/utils/html.tsx,Requiere parche o revisión manual,"[Exception text](1) is reinterpreted as HTML without escaping meta-characters.
[Exception text](2) is reinterpreted as HTML without escaping meta-characters."
apache-superset,Código Fuente (SAST),js/unvalidated-dynamic-method-call,Medium,superset-frontend/src/middleware/asyncEvent.ts,Requiere parche o revisión manual,Invocation of method with [user-controlled](1) name may dispatch to unexpected target and cause an exception.
apache-superset,Código Fuente (SAST),js/prototype-pollution-utility,Medium,superset-frontend/plugins/legacy-plugin-chart-calendar/src/vendor/cal-heatmap.ts,Requiere parche o revisión manual,Properties are copied from [obj2](1) to [obj1](2) without guarding against prototype pollution.
apache-superset,Código Fuente (SAST),js/prototype-pollution-utility,Medium,superset-frontend/plugins/legacy-plugin-chart-calendar/src/vendor/cal-heatmap.ts,Requiere parche o revisión manual,Properties are copied from [obj2](1) to [obj1](2) without guarding against prototype pollution.
apache-superset,Código Fuente (SAST),js/client-side-unvalidated-url-redirection,Medium,superset-frontend/src/pages/RedirectWarning/index.tsx,Requiere parche o revisión manual,Untrusted URL redirection depends on a [user-provided value](1).
apache-superset,Código Fuente (SAST),js/client-side-unvalidated-url-redirection,Medium,superset-frontend/src/pages/RedirectWarning/index.tsx,Requiere parche o revisión manual,Untrusted URL redirection depends on a [user-provided value](1).
apache-superset,Código Fuente (SAST),js/log-injection,Medium,superset-frontend/src/middleware/asyncEvent.ts,Requiere parche o revisión manual,Log entry depends on a [user-provided value](1).
apache-superset,Código Fuente (SAST),js/log-injection,Medium,superset-websocket/src/index.ts,Requiere parche o revisión manual,Log entry depends on a [user-provided value](1).
apache-superset,Código Fuente (SAST),js/http-to-file-access,Medium,docs/plugins/remark-localize-badges.mjs,Requiere parche o revisión manual,Write to file system depends on [Untrusted data](1).
apache-superset,Código Fuente (SAST),js/indirect-command-line-injection,Medium,docs/scripts/manage-versions.mjs,Requiere parche o revisión manual,This command depends on an unsanitized [command-line argument](1).
apache-superset,Código Fuente (SAST),js/indirect-command-line-injection,Medium,superset/mcp_service/bin/superset-mcp.js,Requiere parche o revisión manual,This command depends on an unsanitized [environment variable](1).
apache-superset,Código Fuente (SAST),js/file-system-race,Medium,docs/plugins/remark-localize-badges.mjs,Requiere parche o revisión manual,The file may have changed since it [was checked](1).
apache-superset,Código Fuente (SAST),js/file-system-race,Medium,docs/scripts/generate-database-docs.mjs,Requiere parche o revisión manual,The file may have changed since it [was checked](1).
apache-superset,Código Fuente (SAST),js/file-system-race,Medium,docs/scripts/manage-versions.mjs,Requiere parche o revisión manual,The file may have changed since it [was checked](1).
apache-superset,Código Fuente (SAST),js/remote-property-injection,Medium,superset-frontend/src/dashboard/util/activeDashboardFilters.ts,Requiere parche o revisión manual,A property name to write to depends on a [user-provided value](1).
apache-superset,Código Fuente (SAST),js/remote-property-injection,Medium,superset-frontend/src/dashboard/util/charts/getFormDataWithExtraFilters.ts,Requiere parche o revisión manual,A property name to write to depends on a [user-provided value](1).
apache-superset,Código Fuente (SAST),js/remote-property-injection,Medium,superset-frontend/src/dashboard/util/charts/getFormDataWithExtraFilters.ts,Requiere parche o revisión manual,A property name to write to depends on a [user-provided value](1).
apache-superset,Código Fuente (SAST),js/remote-property-injection,Medium,superset-frontend/src/explore/exploreUtils/getParsedExploreURLParams.ts,Requiere parche o revisión manual,A property name to write to depends on a [user-provided value](1).
apache-superset,Código Fuente (SAST),js/remote-property-injection,Medium,superset-frontend/src/middleware/asyncEvent.ts,Requiere parche o revisión manual,A property name to write to depends on a [user-provided value](1).
apache-superset,Código Fuente (SAST),js/remote-property-injection,Medium,superset-frontend/src/middleware/asyncEvent.ts,Requiere parche o revisión manual,A property name to write to depends on a [user-provided value](1).
apache-superset,Código Fuente (SAST),js/remote-property-injection,Medium,superset-frontend/src/middleware/asyncEvent.ts,Requiere parche o revisión manual,A property name to write to depends on a [user-provided value](1).
apache-superset,Código Fuente (SAST),js/remote-property-injection,Medium,superset-frontend/src/middleware/asyncEvent.ts,Requiere parche o revisión manual,A property name to write to depends on a [user-provided value](1).
apache-superset,Código Fuente (SAST),js/remote-property-injection,Medium,superset-frontend/src/pages/Chart/index.tsx,Requiere parche o revisión manual,A property name to write to depends on a [user-provided value](1).
apache-superset,Código Fuente (SAST),js/user-controlled-bypass,Medium,superset-frontend/packages/superset-ui-core/src/connection/SupersetClientClass.ts,Requiere parche o revisión manual,"This condition guards a sensitive [action](1), but a [user-provided value](2) controls it."
apache-superset,Código Fuente (SAST),js/empty-password-in-configuration-file,Medium,helm/superset/values.yaml,Requiere parche o revisión manual,Empty password in configuration file.
apache-superset,Código Fuente (SAST),js/missing-origin-check,Medium,superset-frontend/src/embedded/index.tsx,Requiere parche o revisión manual,Postmessage handler has no origin check.
apache-superset,Código Fuente (SAST),js/regex/missing-regexp-anchor,Medium,docs/plugins/remark-localize-badges.mjs,Requiere parche o revisión manual,"When this is used as a regular expression on a URL, it may match anywhere, and arbitrary hosts may come before or after it."
apache-superset,Código Fuente (SAST),js/regex/missing-regexp-anchor,Medium,docs/plugins/remark-localize-badges.mjs,Requiere parche o revisión manual,"When this is used as a regular expression on a URL, it may match anywhere, and arbitrary hosts may come before or after it."
apache-superset,Código Fuente (SAST),js/regex/missing-regexp-anchor,Medium,superset-frontend/webpack.config.js,Requiere parche o revisión manual,"When this is used as a regular expression on a URL, it may match anywhere, and arbitrary hosts may come before or after it."
apache-superset,Código Fuente (SAST),js/missing-space-in-concatenation,Medium,superset-frontend/src/components/Datasource/components/DatasourceEditor/DatasourceEditor.tsx,Requiere parche o revisión manual,This string appears to be missing a space after 'queries.'.
apache-superset,Código Fuente (SAST),js/string-instead-of-regex,Medium,superset-frontend/webpack.proxy-config.js,Requiere parche o revisión manual,"String argument [//+$/](1) looks like a regular expression, but it will be interpreted as a string."
apache-superset,Código Fuente (SAST),js/comparison-between-incompatible-types,Medium,superset-frontend/packages/superset-ui-core/src/chart/components/Matrixify/MatrixifyGridGenerator.ts,Requiere parche o revisión manual,"Variable 'rowIndex' is of type number, but it is compared to [an expression](1) of type null."
apache-superset,Código Fuente (SAST),js/comparison-between-incompatible-types,Medium,superset-frontend/packages/superset-ui-core/src/chart/components/Matrixify/MatrixifyGridGenerator.ts,Requiere parche o revisión manual,"Variable 'colIndex' is of type number, but it is compared to [an expression](1) of type null."
apache-superset,Código Fuente (SAST),js/comparison-between-incompatible-types,Medium,superset-frontend/packages/superset-ui-core/test/color/CategoricalColorNameSpace.test.ts,Requiere parche o revisión manual,"Variable 'namespace' cannot be of type undefined, but it is compared to ['undefined'](1) of type undefined."
apache-superset,Código Fuente (SAST),js/comparison-between-incompatible-types,Medium,superset-frontend/packages/superset-ui-core/test/color/CategoricalColorNameSpace.test.ts,Requiere parche o revisión manual,"Variable 'namespace' cannot be of type undefined, but it is compared to ['undefined'](1) of type undefined."
apache-superset,Código Fuente (SAST),js/comparison-between-incompatible-types,Medium,superset-frontend/src/dashboard/components/nativeFilters/FilterBar/FilterControls/GroupByFilterCard.tsx,Requiere parche o revisión manual,"Variable 'datasetSource' is of type date, object or regular expression, but it is compared to [an expression](1) of type null."
apache-superset,Código Fuente (SAST),js/missing-await,Medium,superset-frontend/packages/superset-ui-core/src/models/Registry.ts,Requiere parche o revisión manual,Missing await. The value 'promise' is always a promise.
apache-superset,Código Fuente (SAST),js/trivial-conditional,Medium,superset-frontend/packages/superset-ui-chart-controls/src/operators/boxplotOperator.ts,Requiere parche o revisión manual,This negation always evaluates to false.
apache-superset,Código Fuente (SAST),js/trivial-conditional,Medium,superset-frontend/packages/superset-ui-core/src/time-comparison/getTimeOffset.ts,Requiere parche o revisión manual,This use of variable 'parsed' always evaluates to true.
apache-superset,Código Fuente (SAST),js/trivial-conditional,Medium,superset-frontend/plugins/plugin-chart-ag-grid-table/src/utils/getCrossFilterDataMask.ts,Requiere parche o revisión manual,This use of variable 'updatedFilters' always evaluates to true.
apache-superset,Código Fuente (SAST),js/trivial-conditional,Medium,superset-frontend/plugins/plugin-chart-echarts/src/utils/formatters.ts,Requiere parche o revisión manual,This use of variable 'format' always evaluates to true.
apache-superset,Código Fuente (SAST),js/trivial-conditional,Medium,superset-frontend/plugins/plugin-chart-pivot-table/src/PivotTableChart.tsx,Requiere parche o revisión manual,This use of variable 'values' always evaluates to true.
apache-superset,Código Fuente (SAST),js/trivial-conditional,Medium,superset-frontend/plugins/plugin-chart-pivot-table/src/PivotTableChart.tsx,Requiere parche o revisión manual,This use of variable 'values' always evaluates to true.
apache-superset,Código Fuente (SAST),js/trivial-conditional,Medium,superset-frontend/plugins/plugin-chart-pivot-table/src/react-pivottable/utilities.ts,Requiere parche o revisión manual,This use of variable 'x' always evaluates to true.
apache-superset,Código Fuente (SAST),js/trivial-conditional,Medium,superset-frontend/plugins/plugin-chart-pivot-table/src/react-pivottable/utilities.ts,Requiere parche o revisión manual,This use of variable 'x' always evaluates to true.
apache-superset,Código Fuente (SAST),js/trivial-conditional,Medium,superset-frontend/plugins/plugin-chart-table/src/TableChart.tsx,Requiere parche o revisión manual,This use of variable 'updatedFilters' always evaluates to true.
apache-superset,Código Fuente (SAST),js/trivial-conditional,Medium,superset-frontend/plugins/preset-chart-deckgl/src/factory.tsx,Requiere parche o revisión manual,This call to getColorBreakpointsBuckets always evaluates to true.
apache-superset,Código Fuente (SAST),js/trivial-conditional,Medium,superset-frontend/plugins/preset-chart-deckgl/src/layers/Scatter/transformProps.ts,Requiere parche o revisión manual,This use of variable 'spatial' always evaluates to true.
apache-superset,Código Fuente (SAST),js/trivial-conditional,Medium,superset-frontend/src/SqlLab/components/SqlEditor/index.tsx,Requiere parche o revisión manual,This use of variable 'start' always evaluates to true.
apache-superset,Código Fuente (SAST),js/trivial-conditional,Medium,superset-frontend/src/dashboard/components/dnd/handleDrop.ts,Requiere parche o revisión manual,This use of variable 'parentComponent' always evaluates to true.
apache-superset,Código Fuente (SAST),js/trivial-conditional,Medium,superset-frontend/src/dashboard/components/nativeFilters/FiltersConfigModal/FiltersConfigForm/FilterScope/utils.ts,Requiere parche o revisión manual,This use of variable 'node' always evaluates to true.
apache-superset,Código Fuente (SAST),js/trivial-conditional,Medium,superset-frontend/src/explore/components/controls/AnnotationLayerControl/AnnotationLayer.tsx,Requiere parche o revisión manual,This use of variable 'slice' always evaluates to true.
apache-superset,Código Fuente (SAST),js/trivial-conditional,Medium,superset-frontend/src/explore/components/controls/ConditionalFormattingControl/ConditionalFormattingControl.tsx,Requiere parche o revisión manual,This use of variable 'removeIrrelevantConditions' always evaluates to true.
apache-superset,Código Fuente (SAST),js/trivial-conditional,Medium,superset-frontend/src/explore/components/controls/DateFilterControl/DateFilterLabel.tsx,Requiere parche o revisión manual,This use of variable 'error' always evaluates to true.
apache-superset,Código Fuente (SAST),js/trivial-conditional,Medium,superset-frontend/src/explore/components/controls/DateFilterControl/DateFilterLabel.tsx,Requiere parche o revisión manual,This use of variable 'error' always evaluates to true.
apache-superset,Código Fuente (SAST),js/trivial-conditional,Medium,superset-frontend/src/explore/components/controls/LayerConfigsControl/LayerConfigsControl.tsx,Requiere parche o revisión manual,This use of variable 'editItem' always evaluates to true.
apache-superset,Código Fuente (SAST),js/trivial-conditional,Medium,superset-frontend/src/features/datasets/AddDataset/DatasetPanel/DatasetPanel.tsx,Requiere parche o revisión manual,This negation always evaluates to true.
apache-superset,Código Fuente (SAST),js/trivial-conditional,Medium,superset-frontend/src/features/datasets/AddDataset/DatasetPanel/DatasetPanel.tsx,Requiere parche o revisión manual,This use of variable 'tableName' always evaluates to true.
apache-superset,Código Fuente (SAST),js/trivial-conditional,Medium,superset-frontend/src/features/semanticViews/AddSemanticViewModal.tsx,Requiere parche o revisión manual,This negation always evaluates to true.
apache-superset,Código Fuente (SAST),js/trivial-conditional,Medium,superset-frontend/src/utils/colorScheme.ts,Requiere parche o revisión manual,This use of variable 'applicableColorMapEntries' always evaluates to true.
apache-superset,Código Fuente (SAST),js/trivial-conditional,Medium,superset-frontend/src/utils/getChartFormDiffs/index.ts,Requiere parche o revisión manual,This use of variable 'value' always evaluates to true.
apache-superset,Código Fuente (SAST),js/trivial-conditional,Medium,superset-frontend/src/utils/getControlsForVizType.ts,Requiere parche o revisión manual,This use of variable 'control' always evaluates to true.
apache-superset,Código Fuente (SAST),js/useless-assignment-to-local,Medium,superset-frontend/packages/superset-ui-core/src/components/Timer/Timer.test.tsx,Requiere parche o revisión manual,"The initial value of text is unused, since it is always overwritten."
apache-superset,Código Fuente (SAST),js/useless-assignment-to-local,Medium,superset-frontend/plugins/legacy-plugin-chart-calendar/src/vendor/cal-heatmap.ts,Requiere parche o revisión manual,The value assigned to d here is unused.
apache-superset,Código Fuente (SAST),js/useless-assignment-to-local,Medium,superset-frontend/plugins/legacy-plugin-chart-parallel-coordinates/src/vendor/parcoords/d3.parcoords.ts,Requiere parche o revisión manual,"The initial value of brushed is unused, since it is always overwritten."
apache-superset,Código Fuente (SAST),js/useless-assignment-to-local,Medium,superset-frontend/plugins/legacy-plugin-chart-parallel-coordinates/src/vendor/parcoords/d3.parcoords.ts,Requiere parche o revisión manual,"The initial value of ret is unused, since it is always overwritten."
apache-superset,Código Fuente (SAST),js/useless-assignment-to-local,Medium,superset-frontend/plugins/legacy-plugin-chart-parallel-coordinates/src/vendor/parcoords/d3.parcoords.ts,Requiere parche o revisión manual,The value assigned to ret here is unused.
apache-superset,Código Fuente (SAST),js/useless-assignment-to-local,Medium,superset-frontend/plugins/legacy-plugin-chart-parallel-coordinates/src/vendor/parcoords/d3.parcoords.ts,Requiere parche o revisión manual,The value assigned to ret here is unused.
apache-superset,Código Fuente (SAST),js/useless-assignment-to-local,Medium,superset-frontend/plugins/legacy-plugin-chart-parallel-coordinates/src/vendor/parcoords/d3.parcoords.ts,Requiere parche o revisión manual,"The initial value of brushed is unused, since it is always overwritten."
apache-superset,Código Fuente (SAST),js/useless-assignment-to-local,Medium,superset-frontend/plugins/plugin-chart-table/test/TableChart.test.tsx,Requiere parche o revisión manual,The value assigned to cells here is unused.
apache-superset,Código Fuente (SAST),js/useless-assignment-to-local,Medium,superset-frontend/plugins/plugin-chart-table/test/TableChart.test.tsx,Requiere parche o revisión manual,The value assigned to cells here is unused.
apache-superset,Código Fuente (SAST),js/useless-assignment-to-local,Medium,superset-frontend/src/core/sqlLab/index.ts,Requiere parche o revisión manual,"The initial value of updateTabState is unused, since it is always overwritten."
apache-superset,Código Fuente (SAST),js/useless-assignment-to-local,Medium,superset-frontend/src/explore/components/PropertiesModal/index.tsx,Requiere parche o revisión manual,"The initial value of res is unused, since it is always overwritten."
apache-superset,Código Fuente (SAST),js/useless-assignment-to-local,Medium,superset-frontend/src/hooks/apiResources/queryValidations.ts,Requiere parche o revisión manual,"The initial value of template_params is unused, since it is always overwritten."
apache-superset,Código Fuente (SAST),js/useless-assignment-to-property,Medium,superset-frontend/packages/superset-ui-core/src/chart/models/ChartProps.ts,Requiere parche o revisión manual,"This write to property 'createSelector' is useless, since [another property write](1) always overrides it."
apache-superset,Código Fuente (SAST),js/useless-assignment-to-property,Medium,superset-frontend/plugins/plugin-chart-pivot-table/src/react-pivottable/utilities.ts,Requiere parche o revisión manual,"This write to property 'forEachRecord' is useless, since [another property write](1) always overrides it."
apache-superset,Código Fuente (SAST),js/unused-local-variable,Medium,superset/mcp_service/index.js,Requiere parche o revisión manual,Unused variable spawn.
apache-superset,Código Fuente (SAST),js/unused-local-variable,Medium,superset/mcp_service/index.js,Requiere parche o revisión manual,Unused variable path.
apache-superset,Código Fuente (SAST),js/unused-local-variable,Medium,superset/mcp_service/index.js,Requiere parche o revisión manual,Unused variable runner.
apache-superset,Código Fuente (SAST),js/unused-local-variable,Medium,superset-frontend/plugins/legacy-plugin-chart-country-map/src/CountryMap.ts,Requiere parche o revisión manual,Unused import getNumberFormatter.
apache-superset,Código Fuente (SAST),js/unused-local-variable,Medium,superset-frontend/plugins/legacy-plugin-chart-parallel-coordinates/src/vendor/parcoords/d3.parcoords.ts,Requiere parche o revisión manual,Unused variable line.
apache-superset,Código Fuente (SAST),js/unused-local-variable,Medium,superset-frontend/plugins/legacy-plugin-chart-parallel-coordinates/src/vendor/parcoords/d3.parcoords.ts,Requiere parche o revisión manual,Unused variable clusterCentroids.
apache-superset,Código Fuente (SAST),js/unused-local-variable,Medium,superset-frontend/plugins/legacy-plugin-chart-parallel-coordinates/src/vendor/parcoords/d3.parcoords.ts,Requiere parche o revisión manual,Unused function paths.
apache-superset,Código Fuente (SAST),js/unused-local-variable,Medium,superset-frontend/plugins/legacy-plugin-chart-parallel-coordinates/src/vendor/parcoords/d3.parcoords.ts,Requiere parche o revisión manual,Unused variable g.
apache-superset,Código Fuente (SAST),js/unused-local-variable,Medium,superset-frontend/plugins/legacy-plugin-chart-parallel-coordinates/src/vendor/parcoords/d3.parcoords.ts,Requiere parche o revisión manual,Unused variable rad.
apache-superset,Código Fuente (SAST),js/unused-local-variable,Medium,superset-frontend/plugins/legacy-plugin-chart-parallel-coordinates/src/vendor/parcoords/d3.parcoords.ts,Requiere parche o revisión manual,Unused variable deg.
apache-superset,Código Fuente (SAST),js/automatic-semicolon-insertion,Medium,superset-embedded-sdk/release-if-necessary.js,Requiere parche o revisión manual,Avoid automated semicolon insertion (92% of all statements in [the enclosing function](1) have an explicit semicolon).
apache-superset,Código Fuente (SAST),js/superfluous-trailing-arguments,Medium,superset-frontend/plugins/legacy-plugin-chart-parallel-coordinates/src/vendor/parcoords/d3.parcoords.ts,Requiere parche o revisión manual,Superfluous argument passed to [function removeStrum](1).
apache-superset,Código Fuente (SAST),js/superfluous-trailing-arguments,Medium,superset-frontend/plugins/legacy-plugin-chart-parallel-coordinates/src/vendor/parcoords/d3.parcoords.ts,Requiere parche o revisión manual,Superfluous argument passed to [function selected](1).
apache-superset,Código Fuente (SAST),js/superfluous-trailing-arguments,Medium,superset-frontend/plugins/legacy-plugin-chart-parallel-coordinates/src/vendor/parcoords/d3.parcoords.ts,Requiere parche o revisión manual,Superfluous argument passed to [function removeStrum](1).
apache-superset,Código Fuente (SAST),js/superfluous-trailing-arguments,Medium,superset-frontend/plugins/legacy-plugin-chart-parallel-coordinates/src/vendor/parcoords/d3.parcoords.ts,Requiere parche o revisión manual,Superfluous argument passed to [function onDragEnd](1).
apache-superset,Código Fuente (SAST),js/superfluous-trailing-arguments,Medium,superset-frontend/plugins/legacy-plugin-chart-parallel-coordinates/src/vendor/parcoords/d3.parcoords.ts,Requiere parche o revisión manual,Superfluous argument passed to [function removeStrum](1).
apache-superset,Código Fuente (SAST),js/superfluous-trailing-arguments,Medium,superset-frontend/plugins/legacy-plugin-chart-parallel-coordinates/src/vendor/parcoords/d3.parcoords.ts,Requiere parche o revisión manual,Superfluous argument passed to [function onDragEnd](1).
apache-superset,Código Fuente (SAST),js/superfluous-trailing-arguments,Medium,superset-frontend/plugins/legacy-plugin-chart-parallel-coordinates/src/vendor/parcoords/d3.parcoords.ts,Requiere parche o revisión manual,Superfluous argument passed to [function onDragStart](1).
apache-superset,Código Fuente (SAST),js/superfluous-trailing-arguments,Medium,superset-frontend/plugins/legacy-plugin-chart-parallel-coordinates/src/vendor/parcoords/d3.parcoords.ts,Requiere parche o revisión manual,Superfluous argument passed to [function onDrag](1).
apache-superset,Código Fuente (SAST),js/superfluous-trailing-arguments,Medium,superset-frontend/plugins/legacy-plugin-chart-parallel-coordinates/src/vendor/parcoords/d3.parcoords.ts,Requiere parche o revisión manual,Superfluous argument passed to [function onDragEnd](1).
apache-superset,Código Fuente (SAST),js/superfluous-trailing-arguments,Medium,superset-frontend/plugins/legacy-plugin-chart-parallel-coordinates/src/vendor/parcoords/d3.parcoords.ts,Requiere parche o revisión manual,Superfluous argument passed to [function removeStrum](1).
apache-superset,Código Fuente (SAST),js/superfluous-trailing-arguments,Medium,superset-frontend/plugins/legacy-plugin-chart-parallel-coordinates/src/vendor/parcoords/d3.parcoords.ts,Requiere parche o revisión manual,Superfluous argument passed to [function selected](1).
apache-superset,Código Fuente (SAST),js/superfluous-trailing-arguments,Medium,superset-frontend/plugins/legacy-plugin-chart-parallel-coordinates/src/vendor/parcoords/d3.parcoords.ts,Requiere parche o revisión manual,Superfluous argument passed to [function removeStrum](1).
apache-superset,Código Fuente (SAST),js/superfluous-trailing-arguments,Medium,superset-frontend/plugins/legacy-plugin-chart-parallel-coordinates/src/vendor/parcoords/d3.parcoords.ts,Requiere parche o revisión manual,Superfluous argument passed to [function onDragEnd](1).
apache-superset,Código Fuente (SAST),js/superfluous-trailing-arguments,Medium,superset-frontend/plugins/legacy-plugin-chart-parallel-coordinates/src/vendor/parcoords/d3.parcoords.ts,Requiere parche o revisión manual,Superfluous argument passed to [function removeStrum](1).
apache-superset,Código Fuente (SAST),js/superfluous-trailing-arguments,Medium,superset-frontend/plugins/legacy-plugin-chart-parallel-coordinates/src/vendor/parcoords/d3.parcoords.ts,Requiere parche o revisión manual,Superfluous argument passed to [function onDragEnd](1).
apache-superset,Código Fuente (SAST),js/superfluous-trailing-arguments,Medium,superset-frontend/plugins/legacy-plugin-chart-parallel-coordinates/src/vendor/parcoords/d3.parcoords.ts,Requiere parche o revisión manual,Superfluous argument passed to [function onDragStart](1).
apache-superset,Código Fuente (SAST),js/superfluous-trailing-arguments,Medium,superset-frontend/plugins/legacy-plugin-chart-parallel-coordinates/src/vendor/parcoords/d3.parcoords.ts,Requiere parche o revisión manual,Superfluous argument passed to [function onDrag](1).
apache-superset,Código Fuente (SAST),js/superfluous-trailing-arguments,Medium,superset-frontend/plugins/legacy-plugin-chart-parallel-coordinates/src/vendor/parcoords/d3.parcoords.ts,Requiere parche o revisión manual,Superfluous argument passed to [function onDragEnd](1).
apache-superset,Código Fuente (SAST),js/superfluous-trailing-arguments,Medium,superset-frontend/src/components/ErrorMessage/OAuth2RedirectMessage.test.tsx,Requiere parche o revisión manual,Superfluous arguments passed to [function StorageEvent](1).
apache-superset,Código Fuente (SAST),js/superfluous-trailing-arguments,Medium,superset-frontend/src/dashboard/actions/chartCustomizationActions.test.ts,Requiere parche o revisión manual,Superfluous argument passed to [anonymous function](1).
apache-superset,Código Fuente (SAST),js/superfluous-trailing-arguments,Medium,superset-frontend/src/dashboard/actions/chartCustomizationActions.test.ts,Requiere parche o revisión manual,Superfluous argument passed to [anonymous function](1).
apache-superset,Código Fuente (SAST),js/superfluous-trailing-arguments,Medium,superset-frontend/src/dashboard/actions/chartCustomizationActions.test.ts,Requiere parche o revisión manual,Superfluous argument passed to [anonymous function](1).
apache-superset,Código Fuente (SAST),js/superfluous-trailing-arguments,Medium,superset-frontend/src/dashboard/actions/chartCustomizationActions.test.ts,Requiere parche o revisión manual,Superfluous argument passed to [anonymous function](1).
apache-superset,Código Fuente (SAST),js/superfluous-trailing-arguments,Medium,superset-frontend/src/dashboard/actions/chartCustomizationActions.test.ts,Requiere parche o revisión manual,Superfluous argument passed to [anonymous function](1).
apache-superset,Código Fuente (SAST),js/superfluous-trailing-arguments,Medium,superset-frontend/src/dashboard/actions/chartCustomizationActions.test.ts,Requiere parche o revisión manual,Superfluous argument passed to [anonymous function](1).
apache-superset,Código Fuente (SAST),js/superfluous-trailing-arguments,Medium,superset-frontend/src/hooks/apiResources/queryApi.test.ts,Requiere parche o revisión manual,Superfluous argument passed to [function supersetClientQuery](1).
apache-superset,Código Fuente (SAST),js/superfluous-trailing-arguments,Medium,superset-frontend/src/hooks/apiResources/queryApi.test.ts,Requiere parche o revisión manual,Superfluous argument passed to [function supersetClientQuery](1).
apache-superset,Código Fuente (SAST),js/superfluous-trailing-arguments,Medium,superset-frontend/src/hooks/apiResources/queryApi.test.ts,Requiere parche o revisión manual,Superfluous argument passed to [function supersetClientQuery](1).
apache-superset,Código Fuente (SAST),js/superfluous-trailing-arguments,Medium,superset-frontend/src/hooks/apiResources/queryApi.test.ts,Requiere parche o revisión manual,Superfluous argument passed to [function supersetClientQuery](1).
apache-superset,Código Fuente (SAST),js/react/unused-or-undefined-state-property,Medium,superset-frontend/src/explore/components/controls/FilterControl/AdhocFilterEditPopover/index.tsx,Requiere parche o revisión manual,"Component state property 'activeKey' is [written](1), but it is never read.
Component state property 'activeKey' is [written](2), but it is never read."
apache-superset,Código Fuente (SAST),js/react/inconsistent-state-update,Medium,superset-frontend/src/components/Datasource/components/DatasourceEditor/DatasourceEditor.tsx,Requiere parche o revisión manual,Component state update uses [potentially inconsistent value](1).
apache-superset,Código Fuente (SAST),js/react/inconsistent-state-update,Medium,superset-frontend/src/explore/components/controls/AnnotationLayerControl/AnnotationLayer.tsx,Requiere parche o revisión manual,Component state update uses [potentially inconsistent value](1).
apache-superset,Código Fuente (SAST),js/react/inconsistent-state-update,Medium,superset-frontend/src/explore/components/controls/FilterControl/AdhocFilterControl/index.tsx,Requiere parche o revisión manual,Component state update uses [potentially inconsistent value](1).
apache-superset,Código Fuente (SAST),js/react/inconsistent-state-update,Medium,superset-frontend/src/explore/components/controls/MetricControl/AdhocMetricEditPopover/index.tsx,Requiere parche o revisión manual,"Component state update uses [potentially inconsistent value](1).
Component state update uses [potentially inconsistent value](2)."
gitea,Código Fuente (SAST),go/incorrect-integer-conversion,Medium,services/context/pagination.go,Requiere parche o revisión manual,"Incorrect conversion of a signed 64-bit integer from [strconv.ParseInt](1) to a lower bit size type int without an upper bound check.
Incorrect conversion of a signed 64-bit integer from [strconv.ParseInt](2) to a lower bit size type int without an upper bound check."
gitea,Código Fuente (SAST),go/sql-injection,Medium,models/issues/milestone_list.go,Requiere parche o revisión manual,This query depends on a [user-provided value](1).
gitea,Código Fuente (SAST),go/sql-injection,Medium,models/issues/milestone_list.go,Requiere parche o revisión manual,This query depends on a [user-provided value](1).
gitea,Código Fuente (SAST),go/path-injection,Medium,models/unittest/mock_http.go,Requiere parche o revisión manual,"This path depends on a [user-provided value](1).
This path depends on a [user-provided value](2).
This path depends on a [user-provided value](3)."
gitea,Código Fuente (SAST),go/path-injection,Medium,models/unittest/mock_http.go,Requiere parche o revisión manual,"This path depends on a [user-provided value](1).
This path depends on a [user-provided value](2).
This path depends on a [user-provided value](3)."
gitea,Código Fuente (SAST),go/path-injection,Medium,modules/git/hook.go,Requiere parche o revisión manual,This path depends on a [user-provided value](1).
gitea,Código Fuente (SAST),go/path-injection,Medium,modules/git/hook.go,Requiere parche o revisión manual,This path depends on a [user-provided value](1).
gitea,Código Fuente (SAST),go/path-injection,Medium,modules/git/hook.go,Requiere parche o revisión manual,This path depends on a [user-provided value](1).
gitea,Código Fuente (SAST),go/path-injection,Medium,modules/git/hook.go,Requiere parche o revisión manual,This path depends on a [user-provided value](1).
gitea,Código Fuente (SAST),go/path-injection,Medium,modules/public/public.go,Requiere parche o revisión manual,This path depends on a [user-provided value](1).
gitea,Código Fuente (SAST),go/path-injection,Medium,modules/tempdir/tempdir.go,Requiere parche o revisión manual,This path depends on a [user-provided value](1).
gitea,Código Fuente (SAST),go/path-injection,Medium,modules/tempdir/tempdir.go,Requiere parche o revisión manual,This path depends on a [user-provided value](1).
gitea,Código Fuente (SAST),go/path-injection,Medium,modules/tempdir/tempdir.go,Requiere parche o revisión manual,This path depends on a [user-provided value](1).
gitea,Código Fuente (SAST),go/path-injection,Medium,modules/util/path.go,Requiere parche o revisión manual,This path depends on a [user-provided value](1).
gitea,Código Fuente (SAST),go/path-injection,Medium,modules/util/remove.go,Requiere parche o revisión manual,This path depends on a [user-provided value](1).
gitea,Código Fuente (SAST),go/path-injection,Medium,modules/util/remove.go,Requiere parche o revisión manual,This path depends on a [user-provided value](1).
gitea,Código Fuente (SAST),go/path-injection,Medium,services/migrations/restore.go,Requiere parche o revisión manual,This path depends on a [user-provided value](1).
gitea,Código Fuente (SAST),go/clear-text-logging,Medium,cmd/admin_user_create.go,Requiere parche o revisión manual,[Sensitive data returned by an access to password](1) flows to a logging call.
gitea,Código Fuente (SAST),go/clear-text-logging,Medium,cmd/admin_user_must_change_password.go,Requiere parche o revisión manual,[Sensitive data returned by an access to mustChangePassword](1) flows to a logging call.
gitea,Código Fuente (SAST),go/clear-text-logging,Medium,cmd/generate.go,Requiere parche o revisión manual,[Sensitive data returned by an access to secretKey](1) flows to a logging call.
gitea,Código Fuente (SAST),go/clear-text-logging,Medium,modules/log/logger_global.go,Requiere parche o revisión manual,"[Sensitive data returned by an access to Passwd](1) flows to a logging call.
[Sensitive data returned by an access to AuthPassword](2) flows to a logging call.
[Sensitive data returned by HTTP request headers](3) flows to a logging call.
[Sensitive data returned by an access to Passwd](4) flows to a logging call.
[Sensitive data returned by an access to Password](5) flows to a logging call.
[Sensitive data returned by HTTP request headers](6) flows to a logging call.
[Sensitive data returned by HTTP request headers](7) flows to a logging call.
[Sensitive data returned by HTTP request headers](8) flows to a logging call.
[Sensitive data returned by HTTP request headers](9) flows to a logging call.
[Sensitive data returned by HTTP request headers](10) flows to a logging call.
[Sensitive data returned by HTTP request headers](11) flows to a logging call.
[Sensitive data returned by an access to Passwd](12) flows to a logging call.
[Sensitive data returned by an access to Passwd](13) flows to a logging call.
[Sensitive data returned by HTTP request headers](14) flows to a logging call.
[Sensitive data returned by an access to AuthPassword](15) flows to a logging call.
[Sensitive data returned by an access to AuthPassword](16) flows to a logging call.
[Sensitive data returned by an access to AuthPassword](17) flows to a logging call.
[Sensitive data returned by HTTP request headers](18) flows to a logging call.
[Sensitive data returned by an access to authPassword](19) flows to a logging call.
[Sensitive data returned by an access to password](20) flows to a logging call.
[Sensitive data returned by an access to passwd](21) flows to a logging call."
gitea,Código Fuente (SAST),go/clear-text-logging,Medium,modules/log/misc.go,Requiere parche o revisión manual,"[Sensitive data returned by an access to Passwd](1) flows to a logging call.
[Sensitive data returned by an access to AuthPassword](2) flows to a logging call.
[Sensitive data returned by HTTP request headers](3) flows to a logging call.
[Sensitive data returned by an access to Passwd](4) flows to a logging call.
[Sensitive data returned by an access to Password](5) flows to a logging call.
[Sensitive data returned by HTTP request headers](6) flows to a logging call.
[Sensitive data returned by HTTP request headers](7) flows to a logging call.
[Sensitive data returned by HTTP request headers](8) flows to a logging call.
[Sensitive data returned by HTTP request headers](9) flows to a logging call.
[Sensitive data returned by HTTP request headers](10) flows to a logging call.
[Sensitive data returned by HTTP request headers](11) flows to a logging call.
[Sensitive data returned by an access to Passwd](12) flows to a logging call.
[Sensitive data returned by an access to Passwd](13) flows to a logging call.
[Sensitive data returned by HTTP request headers](14) flows to a logging call.
[Sensitive data returned by an access to AuthPassword](15) flows to a logging call.
[Sensitive data returned by an access to AuthPassword](16) flows to a logging call.
[Sensitive data returned by an access to AuthPassword](17) flows to a logging call.
[Sensitive data returned by HTTP request headers](18) flows to a logging call.
[Sensitive data returned by an access to authPassword](19) flows to a logging call.
[Sensitive data returned by an access to password](20) flows to a logging call.
[Sensitive data returned by an access to passwd](21) flows to a logging call."
gitea,Código Fuente (SAST),go/clear-text-logging,Medium,services/context/access_log.go,Requiere parche o revisión manual,[Sensitive data returned by HTTP request headers](1) flows to a logging call.
gitea,Código Fuente (SAST),go/html-template-escaping-bypass-xss,Medium,modules/templates/page.go,Requiere parche o revisión manual,Data from an [untrusted source](1) will not be auto-escaped because it was converted to template.HTML
gitea,Código Fuente (SAST),go/reflected-xss,Medium,modules/web/handler.go,Requiere parche o revisión manual,"Cross-site scripting vulnerability due to [user-provided value](1).
Cross-site scripting vulnerability due to [user-provided value](2).
Cross-site scripting vulnerability due to [user-provided value](3).
Cross-site scripting vulnerability due to [user-provided value](4).
Cross-site scripting vulnerability due to [user-provided value](5)."
gitea,Código Fuente (SAST),go/reflected-xss,Medium,services/context/base.go,Requiere parche o revisión manual,"Cross-site scripting vulnerability due to [user-provided value](1).
Cross-site scripting vulnerability due to [user-provided value](2).
Cross-site scripting vulnerability due to [user-provided value](3).
Cross-site scripting vulnerability due to [user-provided value](4).
Cross-site scripting vulnerability due to [user-provided value](5)."
gitea,Código Fuente (SAST),go/reflected-xss,Medium,services/context/response.go,Requiere parche o revisión manual,"Cross-site scripting vulnerability due to [user-provided value](1).
Cross-site scripting vulnerability due to [user-provided value](2).
Cross-site scripting vulnerability due to [user-provided value](3).
Cross-site scripting vulnerability due to [user-provided value](4).
Cross-site scripting vulnerability due to [user-provided value](5)."
gitea,Código Fuente (SAST),go/uncontrolled-allocation-size,Medium,models/activities/action_list.go,Requiere parche o revisión manual,This memory allocation depends on a [user-provided value](1).
gitea,Código Fuente (SAST),go/uncontrolled-allocation-size,Medium,models/activities/action_list.go,Requiere parche o revisión manual,This memory allocation depends on a [user-provided value](1).
gitea,Código Fuente (SAST),go/uncontrolled-allocation-size,Medium,models/git/lfs_lock.go,Requiere parche o revisión manual,This memory allocation depends on a [user-provided value](1).
gitea,Código Fuente (SAST),go/uncontrolled-allocation-size,Medium,models/issues/issue_watch.go,Requiere parche o revisión manual,This memory allocation depends on a [user-provided value](1).
gitea,Código Fuente (SAST),go/uncontrolled-allocation-size,Medium,models/issues/pull_list.go,Requiere parche o revisión manual,This memory allocation depends on a [user-provided value](1).
gitea,Código Fuente (SAST),go/uncontrolled-allocation-size,Medium,models/issues/reaction.go,Requiere parche o revisión manual,This memory allocation depends on a [user-provided value](1).
gitea,Código Fuente (SAST),go/uncontrolled-allocation-size,Medium,models/organization/org.go,Requiere parche o revisión manual,This memory allocation depends on a [user-provided value](1).
gitea,Código Fuente (SAST),go/uncontrolled-allocation-size,Medium,models/organization/team_list.go,Requiere parche o revisión manual,This memory allocation depends on a [user-provided value](1).
gitea,Código Fuente (SAST),go/uncontrolled-allocation-size,Medium,models/packages/container/search.go,Requiere parche o revisión manual,This memory allocation depends on a [user-provided value](1).
gitea,Código Fuente (SAST),go/uncontrolled-allocation-size,Medium,models/packages/container/search.go,Requiere parche o revisión manual,This memory allocation depends on a [user-provided value](1).
gitea,Código Fuente (SAST),go/uncontrolled-allocation-size,Medium,models/repo/repo_list.go,Requiere parche o revisión manual,This memory allocation depends on a [user-provided value](1).
gitea,Código Fuente (SAST),go/uncontrolled-allocation-size,Medium,models/repo/repo_list.go,Requiere parche o revisión manual,This memory allocation depends on a [user-provided value](1).
gitea,Código Fuente (SAST),go/uncontrolled-allocation-size,Medium,models/repo/star.go,Requiere parche o revisión manual,This memory allocation depends on a [user-provided value](1).
gitea,Código Fuente (SAST),go/uncontrolled-allocation-size,Medium,models/repo/watch.go,Requiere parche o revisión manual,This memory allocation depends on a [user-provided value](1).
gitea,Código Fuente (SAST),go/uncontrolled-allocation-size,Medium,models/user/email_address.go,Requiere parche o revisión manual,This memory allocation depends on a [user-provided value](1).
gitea,Código Fuente (SAST),go/uncontrolled-allocation-size,Medium,models/user/search.go,Requiere parche o revisión manual,This memory allocation depends on a [user-provided value](1).
gitea,Código Fuente (SAST),go/uncontrolled-allocation-size,Medium,models/user/user.go,Requiere parche o revisión manual,This memory allocation depends on a [user-provided value](1).
gitea,Código Fuente (SAST),go/uncontrolled-allocation-size,Medium,models/user/user.go,Requiere parche o revisión manual,This memory allocation depends on a [user-provided value](1).
gitea,Código Fuente (SAST),go/uncontrolled-allocation-size,Medium,routers/api/v1/repo/issue_dependency.go,Requiere parche o revisión manual,This memory allocation depends on a [user-provided value](1).
gitea,Código Fuente (SAST),go/uncontrolled-allocation-size,Medium,services/repository/adopt.go,Requiere parche o revisión manual,This memory allocation depends on a [user-provided value](1).
gitea,Código Fuente (SAST),go/allocation-size-overflow,Medium,modules/util/sanitize.go,Requiere parche o revisión manual,"This operation, which is used in an [allocation](1), involves a [potentially large value](2) and might overflow."
gitea,Código Fuente (SAST),go/disabled-certificate-check,Medium,modules/private/internal.go,Requiere parche o revisión manual,InsecureSkipVerify should not be used in production code.
gitea,Código Fuente (SAST),go/unvalidated-url-redirection,Medium,routers/common/redirect.go,Requiere parche o revisión manual,This path to an untrusted URL redirection depends on a [user-provided value](1).
gitea,Código Fuente (SAST),go/weak-sensitive-data-hashing,Medium,models/auth/twofactor.go,Requiere parche o revisión manual,"[Sensitive data (password)](1) is used in a hashing algorithm (MD5) that is insecure for password hashing, since it is not a computationally expensive hash function.
[Sensitive data (secret)](2) is used in a hashing algorithm (MD5) that is insecure."
gitea,Código Fuente (SAST),go/weak-sensitive-data-hashing,Medium,modules/auth/password/pwn/pwn.go,Requiere parche o revisión manual,"[Sensitive data (password)](1) is used in a hashing algorithm (SHA1) that is insecure for password hashing, since it is not a computationally expensive hash function."
gitea,Código Fuente (SAST),go/weak-sensitive-data-hashing,Medium,modules/secret/secret.go,Requiere parche o revisión manual,"[Sensitive data (password)](1) is used in a hashing algorithm (SHA256) that is insecure for password hashing, since it is not a computationally expensive hash function.
[Sensitive data (password)](2) is used in a hashing algorithm (SHA256) that is insecure for password hashing, since it is not a computationally expensive hash function.
[Sensitive data (password)](3) is used in a hashing algorithm (SHA256) that is insecure for password hashing, since it is not a computationally expensive hash function.
[Sensitive data (password)](4) is used in a hashing algorithm (SHA256) that is insecure for password hashing, since it is not a computationally expensive hash function.
[Sensitive data (password)](5) is used in a hashing algorithm (SHA256) that is insecure for password hashing, since it is not a computationally expensive hash function.
[Sensitive data (password)](6) is used in a hashing algorithm (SHA256) that is insecure for password hashing, since it is not a computationally expensive hash function.
[Sensitive data (password)](7) is used in a hashing algorithm (SHA256) that is insecure for password hashing, since it is not a computationally expensive hash function.
[Sensitive data (password)](8) is used in a hashing algorithm (SHA256) that is insecure for password hashing, since it is not a computationally expensive hash function.
[Sensitive data (password)](9) is used in a hashing algorithm (SHA256) that is insecure for password hashing, since it is not a computationally expensive hash function."
gitea,Código Fuente (SAST),go/weak-sensitive-data-hashing,Medium,modules/secret/secret.go,Requiere parche o revisión manual,"[Sensitive data (password)](1) is used in a hashing algorithm (SHA256) that is insecure for password hashing, since it is not a computationally expensive hash function.
[Sensitive data (password)](2) is used in a hashing algorithm (SHA256) that is insecure for password hashing, since it is not a computationally expensive hash function.
[Sensitive data (password)](3) is used in a hashing algorithm (SHA256) that is insecure for password hashing, since it is not a computationally expensive hash function.
[Sensitive data (password)](4) is used in a hashing algorithm (SHA256) that is insecure for password hashing, since it is not a computationally expensive hash function.
[Sensitive data (password)](5) is used in a hashing algorithm (SHA256) that is insecure for password hashing, since it is not a computationally expensive hash function.
[Sensitive data (password)](6) is used in a hashing algorithm (SHA256) that is insecure for password hashing, since it is not a computationally expensive hash function.
[Sensitive data (password)](7) is used in a hashing algorithm (SHA256) that is insecure for password hashing, since it is not a computationally expensive hash function."
gitea,Código Fuente (SAST),go/insecure-tls,Medium,cmd/web_acme.go,Requiere parche o revisión manual,"Use of an insecure cipher suite: TLS_RSA_WITH_RC4_128_SHA.
Use of an insecure cipher suite: TLS_RSA_WITH_AES_128_CBC_SHA256.
Use of an insecure cipher suite: TLS_ECDHE_ECDSA_WITH_RC4_128_SHA.
Use of an insecure cipher suite: TLS_ECDHE_RSA_WITH_RC4_128_SHA.
Use of an insecure cipher suite: TLS_ECDHE_ECDSA_WITH_AES_128_CBC_SHA256.
Use of an insecure cipher suite: TLS_ECDHE_RSA_WITH_AES_128_CBC_SHA256."
gitea,Código Fuente (SAST),go/insecure-tls,Medium,cmd/web_https.go,Requiere parche o revisión manual,"Use of an insecure cipher suite: TLS_RSA_WITH_RC4_128_SHA.
Use of an insecure cipher suite: TLS_RSA_WITH_AES_128_CBC_SHA256.
Use of an insecure cipher suite: TLS_ECDHE_ECDSA_WITH_RC4_128_SHA.
Use of an insecure cipher suite: TLS_ECDHE_RSA_WITH_RC4_128_SHA.
Use of an insecure cipher suite: TLS_ECDHE_ECDSA_WITH_AES_128_CBC_SHA256.
Use of an insecure cipher suite: TLS_ECDHE_RSA_WITH_AES_128_CBC_SHA256."
hoppscotch,Código Fuente (SAST),js/polynomial-redos,Medium,packages/hoppscotch-data/src/environment/index.ts,Requiere parche o revisión manual,"This [regular expression](1) that depends on [library input](2) may run slow on strings starting with '<<' and with many repetitions of '<<='.
This [regular expression](1) that depends on [library input](3) may run slow on strings starting with '<<' and with many repetitions of '<<='."
hoppscotch,Código Fuente (SAST),js/polynomial-redos,Medium,packages/hoppscotch-data/src/environment/index.ts,Requiere parche o revisión manual,"This [regular expression](1) that depends on [library input](2) may run slow on strings starting with '<<' and with many repetitions of '<<='.
This [regular expression](1) that depends on [library input](3) may run slow on strings starting with '<<' and with many repetitions of '<<='."
hoppscotch,Código Fuente (SAST),js/polynomial-redos,Medium,packages/hoppscotch-data/src/environment/index.ts,Requiere parche o revisión manual,"This [regular expression](1) that depends on [library input](2) may run slow on strings starting with '<<' and with many repetitions of '<<='.
This [regular expression](1) that depends on [library input](3) may run slow on strings starting with '<<' and with many repetitions of '<<='."
hoppscotch,Código Fuente (SAST),js/polynomial-redos,Medium,packages/hoppscotch-data/src/environment/index.ts,Requiere parche o revisión manual,"This [regular expression](1) that depends on [library input](2) may run slow on strings starting with '<<' and with many repetitions of '<<='.
This [regular expression](1) that depends on [library input](3) may run slow on strings starting with '<<' and with many repetitions of '<<='."
hoppscotch,Código Fuente (SAST),js/redos,Medium,packages/hoppscotch-common/src/services/context-menu/menu/__tests__/url.menu.spec.ts,Requiere parche o revisión manual,This part of the regular expression may cause exponential backtracking on strings starting with '-.' and containing many repetitions of '-.'.
hoppscotch,Código Fuente (SAST),js/redos,Medium,packages/hoppscotch-common/src/services/context-menu/menu/url.menu.ts,Requiere parche o revisión manual,This part of the regular expression may cause exponential backtracking on strings starting with '-.' and containing many repetitions of '-.'.
hoppscotch,Código Fuente (SAST),js/code-injection,Medium,packages/hoppscotch-js-sandbox/src/web/pre-request/worker.ts,Requiere parche o revisión manual,This code execution depends on a [user-provided value](1).
hoppscotch,Código Fuente (SAST),js/code-injection,Medium,packages/hoppscotch-js-sandbox/src/web/test-runner/worker.ts,Requiere parche o revisión manual,This code execution depends on a [user-provided value](1).
hoppscotch,Código Fuente (SAST),js/overly-large-range,Medium,packages/hoppscotch-common/src/helpers/syntax/gqlQueryLangMode.js,Requiere parche o revisión manual,"Suspicious character range that overlaps with a-f in the same character class, and is equivalent to \[A-Z\\[\\\\]^_`a-f\]."
hoppscotch,Código Fuente (SAST),js/log-injection,Medium,packages/hoppscotch-common/src/helpers/graphql/connection.ts,Requiere parche o revisión manual,Log entry depends on a [user-provided value](1).
hoppscotch,Código Fuente (SAST),js/log-injection,Medium,packages/hoppscotch-common/src/helpers/graphql/connection.ts,Requiere parche o revisión manual,Log entry depends on a [user-provided value](1).
hoppscotch,Código Fuente (SAST),js/missing-origin-check,Medium,packages/hoppscotch-common/src/helpers/import-export/import/workers/openapi-import-worker.ts,Requiere parche o revisión manual,Postmessage handler has no origin check.
hoppscotch,Código Fuente (SAST),js/missing-origin-check,Medium,packages/hoppscotch-common/src/helpers/workers/documentation.worker.ts,Requiere parche o revisión manual,Postmessage handler has no origin check.
hoppscotch,Código Fuente (SAST),js/missing-origin-check,Medium,packages/hoppscotch-common/src/helpers/workers/sandbox.worker.ts,Requiere parche o revisión manual,Postmessage handler has no origin check.
hoppscotch,Código Fuente (SAST),js/missing-origin-check,Medium,packages/hoppscotch-js-sandbox/src/web/pre-request/worker.ts,Requiere parche o revisión manual,Postmessage handler has no origin check.
hoppscotch,Código Fuente (SAST),js/missing-origin-check,Medium,packages/hoppscotch-js-sandbox/src/web/test-runner/worker.ts,Requiere parche o revisión manual,Postmessage handler has no origin check.
hoppscotch,Código Fuente (SAST),js/useless-expression,Medium,packages/hoppscotch-js-sandbox/src/bootstrap-code/post-request.js,Requiere parche o revisión manual,This expression has no effect.
hoppscotch,Código Fuente (SAST),js/useless-expression,Medium,packages/hoppscotch-js-sandbox/src/bootstrap-code/pre-request.js,Requiere parche o revisión manual,This expression has no effect.
hoppscotch,Código Fuente (SAST),js/trivial-conditional,Medium,packages/hoppscotch-common/src/components/graphql/Headers.vue,Requiere parche o revisión manual,This use of variable 'auth' always evaluates to true.
hoppscotch,Código Fuente (SAST),js/trivial-conditional,Medium,packages/hoppscotch-common/src/helpers/utils/EffectiveURL.ts,Requiere parche o revisión manual,This use of variable 'auth' always evaluates to true.
hoppscotch,Código Fuente (SAST),js/trivial-conditional,Medium,packages/hoppscotch-common/src/helpers/utils/tooltip.ts,Requiere parche o revisión manual,This use of variable 'text' always evaluates to false.
hoppscotch,Código Fuente (SAST),js/useless-assignment-to-local,Medium,packages/hoppscotch-common/src/components/http/test/Runner.vue,Requiere parche o revisión manual,"The initial value of resolvedCollection is unused, since it is always overwritten."
hoppscotch,Código Fuente (SAST),js/useless-assignment-to-local,Medium,packages/hoppscotch-backend/src/mock-server/mock-server.service.ts,Requiere parche o revisión manual,"The initial value of path is unused, since it is always overwritten."
hoppscotch,Código Fuente (SAST),js/useless-assignment-to-local,Medium,packages/hoppscotch-common/src/helpers/editor/extensions/HoppEnvironment.ts,Requiere parche o revisión manual,"The initial value of invokeActionType is unused, since it is always overwritten."
hoppscotch,Código Fuente (SAST),js/useless-assignment-to-local,Medium,packages/hoppscotch-js-sandbox/src/bootstrap-code/post-request.js,Requiere parche o revisión manual,"The initial value of constructorName is unused, since it is always overwritten."
hoppscotch,Código Fuente (SAST),js/useless-assignment-to-local,Medium,packages/hoppscotch-js-sandbox/src/bootstrap-code/post-request.js,Requiere parche o revisión manual,"The initial value of constructorName is unused, since it is always overwritten."
hoppscotch,Código Fuente (SAST),js/useless-assignment-to-local,Medium,packages/hoppscotch-js-sandbox/src/bootstrap-code/post-request.js,Requiere parche o revisión manual,"The initial value of constructorName is unused, since it is always overwritten."
hoppscotch,Código Fuente (SAST),js/useless-assignment-to-local,Medium,packages/hoppscotch-js-sandbox/src/bootstrap-code/post-request.js,Requiere parche o revisión manual,"The initial value of constructorName is unused, since it is always overwritten."
hoppscotch,Código Fuente (SAST),js/unused-local-variable,Medium,packages/hoppscotch-common/src/helpers/ternlint.js,Requiere parche o revisión manual,Unused variable regex.
hoppscotch,Código Fuente (SAST),js/unused-local-variable,Medium,packages/hoppscotch-common/src/helpers/ternlint.js,Requiere parche o revisión manual,Unused variable scopeVisitor.
hoppscotch,Código Fuente (SAST),js/unused-local-variable,Medium,packages/hoppscotch-common/src/platform/backend.ts,Requiere parche o revisión manual,"Unused imports GetInviteDetailsQuery, GetInviteDetailsQueryVariables."
hoppscotch,Código Fuente (SAST),js/unused-local-variable,Medium,packages/hoppscotch-common/src/services/tab/__tests__/tab.service.spec.ts,Requiere parche o revisión manual,Unused variable tab2.
hoppscotch,Código Fuente (SAST),js/unused-local-variable,Medium,packages/hoppscotch-common/src/services/tab/__tests__/tab.service.spec.ts,Requiere parche o revisión manual,Unused variable tab2.
hoppscotch,Código Fuente (SAST),js/unused-local-variable,Medium,packages/hoppscotch-data/src/cookies.ts,Requiere parche o revisión manual,Unused import field.
hoppscotch,Código Fuente (SAST),js/unused-local-variable,Medium,packages/hoppscotch-data/src/utils/akamai-eg.ts,Requiere parche o revisión manual,Unused variable decoder.
hoppscotch,Código Fuente (SAST),js/unused-local-variable,Medium,packages/hoppscotch-data/src/utils/akamai-eg.ts,Requiere parche o revisión manual,Unused variable signingKey.
hoppscotch,Código Fuente (SAST),js/unused-local-variable,Medium,packages/hoppscotch-data/vite.config.ts,Requiere parche o revisión manual,Unused import tuple.
hoppscotch,Código Fuente (SAST),js/assignment-to-constant,Medium,packages/hoppscotch-backend/src/mock-server/mock-server.service.spec.ts,Requiere parche o revisión manual,"Assignment to variable dbMockServer, which is [declared](1) constant."
hoppscotch,Código Fuente (SAST),js/syntax-error,Medium,packages/hoppscotch-common/src/types/post-request.d.ts,Requiere parche o revisión manual,Error: Declaration or statement expected.
librenms,Código Fuente (SAST),js/incomplete-sanitization,Medium,html/js/overlib_mini.js,Requiere parche o revisión manual,This does not escape backslash characters in the input.
librenms,Código Fuente (SAST),js/xss,Medium,doc/js/docs-settings-links.js,Requiere parche o revisión manual,Cross-site scripting vulnerability due to [user-provided value](1).
librenms,Código Fuente (SAST),js/client-side-unvalidated-url-redirection,Medium,doc/js/docs-settings-links.js,Requiere parche o revisión manual,Untrusted URL redirection depends on a [user-provided value](1).
librenms,Código Fuente (SAST),js/regex/duplicate-in-character-class,Medium,html/js/leaflet-image.js,Requiere parche o revisión manual,"Character '\,' is [repeated in the same character class](1)."
librenms,Código Fuente (SAST),js/trivial-conditional,Medium,html/js/hogan-2.0.0.js,Requiere parche o revisión manual,This use of variable 'useArrayBuffer' always evaluates to false.
librenms,Código Fuente (SAST),js/trivial-conditional,Medium,html/js/hogan-2.0.0.js,Requiere parche o revisión manual,This use of variable 'useArrayBuffer' always evaluates to false.
librenms,Código Fuente (SAST),js/trivial-conditional,Medium,html/js/hogan-2.0.0.js,Requiere parche o revisión manual,This use of variable 'useArrayBuffer' always evaluates to false.
librenms,Código Fuente (SAST),js/missing-variable-declaration,Medium,html/js/librenms.js,Requiere parche o revisión manual,"Variable refresh is used like a local variable, but is missing a declaration."
librenms,Código Fuente (SAST),js/missing-variable-declaration,Medium,html/js/overlib_mini.js,Requiere parche o revisión manual,"Variable txt is used like a local variable, but is missing a declaration."
librenms,Código Fuente (SAST),js/missing-variable-declaration,Medium,html/js/overlib_mini.js,Requiere parche o revisión manual,"Variable iwidth is used like a local variable, but is missing a declaration."
librenms,Código Fuente (SAST),js/missing-variable-declaration,Medium,html/js/overlib_mini.js,Requiere parche o revisión manual,"Variable winoffset is used like a local variable, but is missing a declaration."
librenms,Código Fuente (SAST),js/missing-variable-declaration,Medium,html/js/overlib_mini.js,Requiere parche o revisión manual,"Variable scrolloffset is used like a local variable, but is missing a declaration."
librenms,Código Fuente (SAST),js/missing-variable-declaration,Medium,html/js/overlib_mini.js,Requiere parche o revisión manual,"Variable range is used like a local variable, but is missing a declaration."
librenms,Código Fuente (SAST),js/missing-variable-declaration,Medium,html/js/overlib_mini.js,Requiere parche o revisión manual,"Variable domfrag is used like a local variable, but is missing a declaration."
librenms,Código Fuente (SAST),js/useless-assignment-to-local,Medium,html/js/overlib_mini.js,Requiere parche o revisión manual,"The initial value of k is unused, since it is always overwritten."
librenms,Código Fuente (SAST),js/useless-assignment-to-local,Medium,html/js/overlib_mini.js,Requiere parche o revisión manual,"The initial value of ary is unused, since it is always overwritten."
librenms,Código Fuente (SAST),js/useless-assignment-to-local,Medium,html/js/overlib_mini.js,Requiere parche o revisión manual,The value assigned to hookPt here is unused.
librenms,Código Fuente (SAST),js/useless-assignment-to-local,Medium,html/js/overlib_mini.js,Requiere parche o revisión manual,The value assigned to hookPt here is unused.
librenms,Código Fuente (SAST),js/useless-assignment-to-local,Medium,html/js/overlib_mini.js,Requiere parche o revisión manual,The value assigned to l here is unused.
librenms,Código Fuente (SAST),js/useless-assignment-to-local,Medium,html/js/overlib_mini.js,Requiere parche o revisión manual,The value assigned to l here is unused.
librenms,Código Fuente (SAST),js/unused-local-variable,Medium,html/js/RrdGraphJS/rrdGraphPng.js,Requiere parche o revisión manual,Unused variable offset.
librenms,Código Fuente (SAST),js/unused-local-variable,Medium,html/js/RrdGraphJS/rrdGraphPng.js,Requiere parche o revisión manual,Unused variable pos.
librenms,Código Fuente (SAST),js/unused-local-variable,Medium,html/js/RrdGraphJS/rrdGraphPng.js,Requiere parche o revisión manual,Unused variable lastSrc.
librenms,Código Fuente (SAST),js/unused-local-variable,Medium,html/js/RrdGraphJS/rrdGraphPng.js,Requiere parche o revisión manual,Unused variable start.
librenms,Código Fuente (SAST),js/unused-local-variable,Medium,html/js/RrdGraphJS/rrdGraphPng.js,Requiere parche o revisión manual,Unused variable qxDocument.
librenms,Código Fuente (SAST),js/unused-local-variable,Medium,html/js/leaflet-image.js,Requiere parche o revisión manual,Unused variable module.
librenms,Código Fuente (SAST),js/unused-local-variable,Medium,html/js/leaflet-image.js,Requiere parche o revisión manual,Unused variable exports.
librenms,Código Fuente (SAST),js/unused-local-variable,Medium,resources/js/app.js,Requiere parche o revisión manual,Unused variable app.
librenms,Código Fuente (SAST),js/use-before-declaration,Medium,html/js/overlib_mini.js,Requiere parche o revisión manual,Variable 'ol_fgcolor' is used before its [declaration](1).
librenms,Código Fuente (SAST),js/use-before-declaration,Medium,html/js/overlib_mini.js,Requiere parche o revisión manual,Variable 'ol_bgcolor' is used before its [declaration](1).
librenms,Código Fuente (SAST),js/use-before-declaration,Medium,html/js/overlib_mini.js,Requiere parche o revisión manual,Variable 'ol_textcolor' is used before its [declaration](1).
librenms,Código Fuente (SAST),js/use-before-declaration,Medium,html/js/overlib_mini.js,Requiere parche o revisión manual,Variable 'ol_capcolor' is used before its [declaration](1).
librenms,Código Fuente (SAST),js/use-before-declaration,Medium,html/js/overlib_mini.js,Requiere parche o revisión manual,Variable 'ol_closecolor' is used before its [declaration](1).
librenms,Código Fuente (SAST),js/use-before-declaration,Medium,html/js/overlib_mini.js,Requiere parche o revisión manual,Variable 'ol_textfont' is used before its [declaration](1).
librenms,Código Fuente (SAST),js/use-before-declaration,Medium,html/js/overlib_mini.js,Requiere parche o revisión manual,Variable 'ol_captionfont' is used before its [declaration](1).
librenms,Código Fuente (SAST),js/use-before-declaration,Medium,html/js/overlib_mini.js,Requiere parche o revisión manual,Variable 'ol_closefont' is used before its [declaration](1).
librenms,Código Fuente (SAST),js/use-before-declaration,Medium,html/js/overlib_mini.js,Requiere parche o revisión manual,Variable 'ol_textsize' is used before its [declaration](1).
librenms,Código Fuente (SAST),js/use-before-declaration,Medium,html/js/overlib_mini.js,Requiere parche o revisión manual,Variable 'ol_captionsize' is used before its [declaration](1).
librenms,Código Fuente (SAST),js/use-before-declaration,Medium,html/js/overlib_mini.js,Requiere parche o revisión manual,Variable 'ol_closesize' is used before its [declaration](1).
librenms,Código Fuente (SAST),js/use-before-declaration,Medium,html/js/overlib_mini.js,Requiere parche o revisión manual,Variable 'ol_width' is used before its [declaration](1).
librenms,Código Fuente (SAST),js/use-before-declaration,Medium,html/js/overlib_mini.js,Requiere parche o revisión manual,Variable 'ol_border' is used before its [declaration](1).
librenms,Código Fuente (SAST),js/use-before-declaration,Medium,html/js/overlib_mini.js,Requiere parche o revisión manual,Variable 'ol_cellpad' is used before its [declaration](1).
librenms,Código Fuente (SAST),js/use-before-declaration,Medium,html/js/overlib_mini.js,Requiere parche o revisión manual,Variable 'ol_offsetx' is used before its [declaration](1).
librenms,Código Fuente (SAST),js/use-before-declaration,Medium,html/js/overlib_mini.js,Requiere parche o revisión manual,Variable 'ol_offsety' is used before its [declaration](1).
librenms,Código Fuente (SAST),js/use-before-declaration,Medium,html/js/overlib_mini.js,Requiere parche o revisión manual,Variable 'ol_text' is used before its [declaration](1).
librenms,Código Fuente (SAST),js/use-before-declaration,Medium,html/js/overlib_mini.js,Requiere parche o revisión manual,Variable 'ol_cap' is used before its [declaration](1).
librenms,Código Fuente (SAST),js/use-before-declaration,Medium,html/js/overlib_mini.js,Requiere parche o revisión manual,Variable 'ol_sticky' is used before its [declaration](1).
librenms,Código Fuente (SAST),js/use-before-declaration,Medium,html/js/overlib_mini.js,Requiere parche o revisión manual,Variable 'ol_background' is used before its [declaration](1).
librenms,Código Fuente (SAST),js/use-before-declaration,Medium,html/js/overlib_mini.js,Requiere parche o revisión manual,Variable 'ol_close' is used before its [declaration](1).
librenms,Código Fuente (SAST),js/use-before-declaration,Medium,html/js/overlib_mini.js,Requiere parche o revisión manual,Variable 'ol_hpos' is used before its [declaration](1).
librenms,Código Fuente (SAST),js/use-before-declaration,Medium,html/js/overlib_mini.js,Requiere parche o revisión manual,Variable 'ol_status' is used before its [declaration](1).
librenms,Código Fuente (SAST),js/use-before-declaration,Medium,html/js/overlib_mini.js,Requiere parche o revisión manual,Variable 'ol_autostatus' is used before its [declaration](1).
librenms,Código Fuente (SAST),js/use-before-declaration,Medium,html/js/overlib_mini.js,Requiere parche o revisión manual,Variable 'ol_height' is used before its [declaration](1).
librenms,Código Fuente (SAST),js/use-before-declaration,Medium,html/js/overlib_mini.js,Requiere parche o revisión manual,Variable 'ol_snapx' is used before its [declaration](1).
librenms,Código Fuente (SAST),js/use-before-declaration,Medium,html/js/overlib_mini.js,Requiere parche o revisión manual,Variable 'ol_snapy' is used before its [declaration](1).
librenms,Código Fuente (SAST),js/use-before-declaration,Medium,html/js/overlib_mini.js,Requiere parche o revisión manual,Variable 'ol_fixx' is used before its [declaration](1).
librenms,Código Fuente (SAST),js/use-before-declaration,Medium,html/js/overlib_mini.js,Requiere parche o revisión manual,Variable 'ol_fixy' is used before its [declaration](1).
librenms,Código Fuente (SAST),js/use-before-declaration,Medium,html/js/overlib_mini.js,Requiere parche o revisión manual,Variable 'ol_relx' is used before its [declaration](1).
librenms,Código Fuente (SAST),js/use-before-declaration,Medium,html/js/overlib_mini.js,Requiere parche o revisión manual,Variable 'ol_rely' is used before its [declaration](1).
librenms,Código Fuente (SAST),js/use-before-declaration,Medium,html/js/overlib_mini.js,Requiere parche o revisión manual,Variable 'ol_fgbackground' is used before its [declaration](1).
librenms,Código Fuente (SAST),js/use-before-declaration,Medium,html/js/overlib_mini.js,Requiere parche o revisión manual,Variable 'ol_bgbackground' is used before its [declaration](1).
librenms,Código Fuente (SAST),js/use-before-declaration,Medium,html/js/overlib_mini.js,Requiere parche o revisión manual,Variable 'ol_padxl' is used before its [declaration](1).
librenms,Código Fuente (SAST),js/use-before-declaration,Medium,html/js/overlib_mini.js,Requiere parche o revisión manual,Variable 'ol_padxr' is used before its [declaration](1).
librenms,Código Fuente (SAST),js/use-before-declaration,Medium,html/js/overlib_mini.js,Requiere parche o revisión manual,Variable 'ol_padyt' is used before its [declaration](1).
librenms,Código Fuente (SAST),js/use-before-declaration,Medium,html/js/overlib_mini.js,Requiere parche o revisión manual,Variable 'ol_padyb' is used before its [declaration](1).
librenms,Código Fuente (SAST),js/use-before-declaration,Medium,html/js/overlib_mini.js,Requiere parche o revisión manual,Variable 'ol_fullhtml' is used before its [declaration](1).
librenms,Código Fuente (SAST),js/use-before-declaration,Medium,html/js/overlib_mini.js,Requiere parche o revisión manual,Variable 'ol_vpos' is used before its [declaration](1).
librenms,Código Fuente (SAST),js/use-before-declaration,Medium,html/js/overlib_mini.js,Requiere parche o revisión manual,Variable 'ol_aboveheight' is used before its [declaration](1).
librenms,Código Fuente (SAST),js/use-before-declaration,Medium,html/js/overlib_mini.js,Requiere parche o revisión manual,Variable 'ol_capicon' is used before its [declaration](1).
librenms,Código Fuente (SAST),js/use-before-declaration,Medium,html/js/overlib_mini.js,Requiere parche o revisión manual,Variable 'ol_frame' is used before its [declaration](1).
librenms,Código Fuente (SAST),js/use-before-declaration,Medium,html/js/overlib_mini.js,Requiere parche o revisión manual,Variable 'ol_timeout' is used before its [declaration](1).
librenms,Código Fuente (SAST),js/use-before-declaration,Medium,html/js/overlib_mini.js,Requiere parche o revisión manual,Variable 'ol_function' is used before its [declaration](1).
librenms,Código Fuente (SAST),js/use-before-declaration,Medium,html/js/overlib_mini.js,Requiere parche o revisión manual,Variable 'ol_delay' is used before its [declaration](1).
librenms,Código Fuente (SAST),js/use-before-declaration,Medium,html/js/overlib_mini.js,Requiere parche o revisión manual,Variable 'ol_hauto' is used before its [declaration](1).
librenms,Código Fuente (SAST),js/use-before-declaration,Medium,html/js/overlib_mini.js,Requiere parche o revisión manual,Variable 'ol_vauto' is used before its [declaration](1).
librenms,Código Fuente (SAST),js/use-before-declaration,Medium,html/js/overlib_mini.js,Requiere parche o revisión manual,Variable 'ol_closeclick' is used before its [declaration](1).
librenms,Código Fuente (SAST),js/use-before-declaration,Medium,html/js/overlib_mini.js,Requiere parche o revisión manual,Variable 'ol_wrap' is used before its [declaration](1).
librenms,Código Fuente (SAST),js/use-before-declaration,Medium,html/js/overlib_mini.js,Requiere parche o revisión manual,Variable 'ol_followmouse' is used before its [declaration](1).
librenms,Código Fuente (SAST),js/use-before-declaration,Medium,html/js/overlib_mini.js,Requiere parche o revisión manual,Variable 'ol_mouseoff' is used before its [declaration](1).
librenms,Código Fuente (SAST),js/use-before-declaration,Medium,html/js/overlib_mini.js,Requiere parche o revisión manual,Variable 'ol_closetitle' is used before its [declaration](1).
librenms,Código Fuente (SAST),js/use-before-declaration,Medium,html/js/overlib_mini.js,Requiere parche o revisión manual,Variable 'ol_compatmode' is used before its [declaration](1).
librenms,Código Fuente (SAST),js/use-before-declaration,Medium,html/js/overlib_mini.js,Requiere parche o revisión manual,Variable 'ol_css' is used before its [declaration](1).
librenms,Código Fuente (SAST),js/use-before-declaration,Medium,html/js/overlib_mini.js,Requiere parche o revisión manual,Variable 'ol_fgclass' is used before its [declaration](1).
librenms,Código Fuente (SAST),js/use-before-declaration,Medium,html/js/overlib_mini.js,Requiere parche o revisión manual,Variable 'ol_bgclass' is used before its [declaration](1).
librenms,Código Fuente (SAST),js/use-before-declaration,Medium,html/js/overlib_mini.js,Requiere parche o revisión manual,Variable 'ol_textfontclass' is used before its [declaration](1).
librenms,Código Fuente (SAST),js/use-before-declaration,Medium,html/js/overlib_mini.js,Requiere parche o revisión manual,Variable 'ol_captionfontclass' is used before its [declaration](1).
librenms,Código Fuente (SAST),js/use-before-declaration,Medium,html/js/overlib_mini.js,Requiere parche o revisión manual,Variable 'ol_closefontclass' is used before its [declaration](1).
librenms,Código Fuente (SAST),js/use-before-declaration,Medium,html/js/overlib_mini.js,Requiere parche o revisión manual,Variable 'ol_texts' is used before its [declaration](1).
librenms,Código Fuente (SAST),js/use-before-declaration,Medium,html/js/overlib_mini.js,Requiere parche o revisión manual,Variable 'ol_caps' is used before its [declaration](1).
librenms,Código Fuente (SAST),js/automatic-semicolon-insertion,Medium,html/js/RrdGraphJS/rrdGraphPng.js,Requiere parche o revisión manual,Avoid automated semicolon insertion (94% of all statements in [the enclosing function](1) have an explicit semicolon).
librenms,Código Fuente (SAST),js/automatic-semicolon-insertion,Medium,html/js/RrdGraphJS/rrdGraphPng.js,Requiere parche o revisión manual,Avoid automated semicolon insertion (92% of all statements in [the enclosing function](1) have an explicit semicolon).
librenms,Código Fuente (SAST),js/automatic-semicolon-insertion,Medium,html/js/librenms.js,Requiere parche o revisión manual,Avoid automated semicolon insertion (94% of all statements in [the enclosing script](1) have an explicit semicolon).
librenms,Código Fuente (SAST),js/automatic-semicolon-insertion,Medium,html/js/librenms.js,Requiere parche o revisión manual,Avoid automated semicolon insertion (92% of all statements in [the enclosing function](1) have an explicit semicolon).
librenms,Código Fuente (SAST),js/automatic-semicolon-insertion,Medium,html/js/librenms.js,Requiere parche o revisión manual,Avoid automated semicolon insertion (92% of all statements in [the enclosing function](1) have an explicit semicolon).
librenms,Código Fuente (SAST),js/automatic-semicolon-insertion,Medium,html/js/librenms.js,Requiere parche o revisión manual,Avoid automated semicolon insertion (90% of all statements in [the enclosing function](1) have an explicit semicolon).
librenms,Código Fuente (SAST),js/automatic-semicolon-insertion,Medium,html/js/overlib_mini.js,Requiere parche o revisión manual,Avoid automated semicolon insertion (98% of all statements in [the enclosing script](1) have an explicit semicolon).
librenms,Código Fuente (SAST),js/automatic-semicolon-insertion,Medium,resources/js/components/LibrenmsSettings.vue,Requiere parche o revisión manual,Avoid automated semicolon insertion (91% of all statements in [the enclosing function](1) have an explicit semicolon).
librenms,Código Fuente (SAST),js/superfluous-trailing-arguments,Medium,html/js/overlib_mini.js,Requiere parche o revisión manual,Superfluous argument passed to [function cClick](1).
librenms,Código Fuente (SAST),js/eval-like-call,Medium,html/js/overlib_mini.js,Requiere parche o revisión manual,Avoid using functions that evaluate strings as code.
librenms,Código Fuente (SAST),js/eval-like-call,Medium,html/js/overlib_mini.js,Requiere parche o revisión manual,Avoid using functions that evaluate strings as code.
librenms,Código Fuente (SAST),js/eval-like-call,Medium,html/js/overlib_mini.js,Requiere parche o revisión manual,Avoid using functions that evaluate strings as code.
librenms,Código Fuente (SAST),js/eval-like-call,Medium,html/js/overlib_mini.js,Requiere parche o revisión manual,Avoid using functions that evaluate strings as code.
mastodon,Código Fuente (SAST),js/incomplete-multi-character-sanitization,Medium,app/javascript/mastodon/service_worker/web_push_notifications.js,Requiere parche o revisión manual,"This string may still contain [<script](1), which may cause an HTML element injection vulnerability."
mastodon,Código Fuente (SAST),js/incomplete-multi-character-sanitization,Medium,app/javascript/mastodon/utils/html.ts,Requiere parche o revisión manual,"This string may still contain [<script](1), which may cause an HTML element injection vulnerability."
mastodon,Código Fuente (SAST),js/xss-through-dom,Medium,app/javascript/mastodon/actions/importer/normalizer.js,Requiere parche o revisión manual,[DOM text](1) is reinterpreted as HTML without escaping meta-characters.
mastodon,Código Fuente (SAST),js/xss-through-dom,Medium,app/javascript/mastodon/components/error_boundary.jsx,Requiere parche o revisión manual,[DOM text](1) is reinterpreted as HTML without escaping meta-characters.
mastodon,Código Fuente (SAST),js/xss-through-dom,Medium,app/javascript/mastodon/features/compose/index.tsx,Requiere parche o revisión manual,[DOM text](1) is reinterpreted as HTML without escaping meta-characters.
mastodon,Código Fuente (SAST),js/xss-through-dom,Medium,app/javascript/mastodon/features/custom_homepage/components/header.tsx,Requiere parche o revisión manual,[DOM text](1) is reinterpreted as HTML without escaping meta-characters.
mastodon,Código Fuente (SAST),js/xss-through-dom,Medium,app/javascript/mastodon/features/home_timeline/components/announcements/index.tsx,Requiere parche o revisión manual,[DOM text](1) is reinterpreted as HTML without escaping meta-characters.
mastodon,Código Fuente (SAST),js/xss-through-dom,Medium,app/javascript/mastodon/features/interaction_modal/index.tsx,Requiere parche o revisión manual,[DOM text](1) is reinterpreted as HTML without escaping meta-characters.
mastodon,Código Fuente (SAST),js/xss-through-dom,Medium,app/javascript/mastodon/features/navigation_panel/components/sign_in_banner.tsx,Requiere parche o revisión manual,[DOM text](1) is reinterpreted as HTML without escaping meta-characters.
mastodon,Código Fuente (SAST),js/xss-through-dom,Medium,app/javascript/mastodon/features/ui/components/link_footer.tsx,Requiere parche o revisión manual,[DOM text](1) is reinterpreted as HTML without escaping meta-characters.
mastodon,Código Fuente (SAST),js/xss-through-dom,Medium,app/javascript/mastodon/features/ui/components/link_footer.tsx,Requiere parche o revisión manual,[DOM text](1) is reinterpreted as HTML without escaping meta-characters.
mastodon,Código Fuente (SAST),js/xss-through-dom,Medium,app/javascript/mastodon/features/ui/components/navigation_bar.tsx,Requiere parche o revisión manual,[DOM text](1) is reinterpreted as HTML without escaping meta-characters.
mastodon,Código Fuente (SAST),js/xss-through-dom,Medium,app/javascript/mastodon/utils/html.ts,Requiere parche o revisión manual,[DOM text](1) is reinterpreted as HTML without escaping meta-characters.
mastodon,Código Fuente (SAST),js/insecure-randomness,Medium,app/javascript/mastodon/reducers/settings.js,Requiere parche o revisión manual,This uses a cryptographically insecure random number generated at [Math.random()](1) in a security context.
mastodon,Código Fuente (SAST),js/insecure-randomness,Medium,app/javascript/mastodon/reducers/settings.js,Requiere parche o revisión manual,This uses a cryptographically insecure random number generated at [Math.random()](1) in a security context.
mastodon,Código Fuente (SAST),js/insecure-randomness,Medium,app/javascript/mastodon/reducers/settings.js,Requiere parche o revisión manual,This uses a cryptographically insecure random number generated at [Math.random()](1) in a security context.
mastodon,Código Fuente (SAST),js/insecure-randomness,Medium,app/javascript/mastodon/reducers/settings.js,Requiere parche o revisión manual,This uses a cryptographically insecure random number generated at [Math.random()](1) in a security context.
mastodon,Código Fuente (SAST),js/log-injection,Medium,streaming/index.js,Requiere parche o revisión manual,Log entry depends on a [user-provided value](1).
mastodon,Código Fuente (SAST),js/missing-origin-check,Medium,app/javascript/entrypoints/embed.tsx,Requiere parche o revisión manual,Postmessage handler has no origin check.
mastodon,Código Fuente (SAST),js/missing-origin-check,Medium,app/javascript/mastodon/features/emoji/worker.ts,Requiere parche o revisión manual,Postmessage handler has no origin check.
mastodon,Código Fuente (SAST),js/trivial-conditional,Medium,app/javascript/mastodon/features/ui/components/column.jsx,Requiere parche o revisión manual,This use of variable 'hideHeadingOnMobile' always evaluates to true.
mastodon,Código Fuente (SAST),js/useless-assignment-to-local,Medium,app/javascript/mastodon/reducers/slices/collections.ts,Requiere parche o revisión manual,The value assigned to accountCollectionIds here is unused.
mastodon,Código Fuente (SAST),js/unused-local-variable,Medium,app/javascript/mastodon/actions/domain_blocks.js,Requiere parche o revisión manual,Unused import getLinks.
mastodon,Código Fuente (SAST),js/unused-local-variable,Medium,app/javascript/mastodon/components/scrollable_list/index.jsx,Requiere parche o revisión manual,Unused import LoadingIndicator.
mastodon,Código Fuente (SAST),js/unused-local-variable,Medium,app/javascript/mastodon/features/about/index.jsx,Requiere parche o revisión manual,Unused variable locale.
mastodon,Código Fuente (SAST),js/unused-local-variable,Medium,app/javascript/mastodon/features/compose/components/compose_form.jsx,Requiere parche o revisión manual,Unused import classNames.
mastodon,Código Fuente (SAST),js/unused-local-variable,Medium,app/javascript/mastodon/features/direct_timeline/components/conversation.jsx,Requiere parche o revisión manual,Unused import Link.
mastodon,Código Fuente (SAST),js/unused-local-variable,Medium,app/javascript/mastodon/features/explore/links.jsx,Requiere parche o revisión manual,Unused import DismissableBanner.
mastodon,Código Fuente (SAST),js/unused-local-variable,Medium,app/javascript/mastodon/features/explore/statuses.jsx,Requiere parche o revisión manual,Unused import DismissableBanner.
mastodon,Código Fuente (SAST),js/unused-local-variable,Medium,app/javascript/mastodon/features/explore/tags.jsx,Requiere parche o revisión manual,Unused import DismissableBanner.
mastodon,Código Fuente (SAST),js/unused-local-variable,Medium,app/javascript/mastodon/features/notifications/components/notification.jsx,Requiere parche o revisión manual,Unused import Link.
mastodon,Código Fuente (SAST),js/unused-local-variable,Medium,app/javascript/mastodon/features/status/index.jsx,Requiere parche o revisión manual,Unused variable remoteHint.
mastodon,Código Fuente (SAST),js/unused-local-variable,Medium,app/javascript/mastodon/features/status/index.jsx,Requiere parche o revisión manual,Unused variable refresh.
mastodon,Código Fuente (SAST),js/unused-local-variable,Medium,vitest.config.mts,Requiere parche o revisión manual,Unused import resolve.
mastodon,Código Fuente (SAST),js/automatic-semicolon-insertion,Medium,app/javascript/mastodon/components/status.jsx,Requiere parche o revisión manual,Avoid automated semicolon insertion (97% of all statements in [the enclosing function](1) have an explicit semicolon).
mastodon,Código Fuente (SAST),js/automatic-semicolon-insertion,Medium,app/javascript/mastodon/reducers/statuses.js,Requiere parche o revisión manual,Avoid automated semicolon insertion (96% of all statements in [the enclosing function](1) have an explicit semicolon).
mastodon,Código Fuente (SAST),js/automatic-semicolon-insertion,Medium,app/javascript/mastodon/reducers/timelines.js,Requiere parche o revisión manual,Avoid automated semicolon insertion (90% of all statements in [the enclosing script](1) have an explicit semicolon).
mastodon,Código Fuente (SAST),js/automatic-semicolon-insertion,Medium,streaming/index.js,Requiere parche o revisión manual,Avoid automated semicolon insertion (91% of all statements in [the enclosing script](1) have an explicit semicolon).
mastodon,Código Fuente (SAST),js/superfluous-trailing-arguments,Medium,app/javascript/mastodon/actions/announcements.js,Requiere parche o revisión manual,Superfluous argument passed to [function addReactionRequest](1).
mastodon,Código Fuente (SAST),js/superfluous-trailing-arguments,Medium,app/javascript/mastodon/actions/announcements.js,Requiere parche o revisión manual,Superfluous argument passed to [function addReactionSuccess](1).
mastodon,Código Fuente (SAST),js/superfluous-trailing-arguments,Medium,app/javascript/mastodon/actions/compose.js,Requiere parche o revisión manual,Superfluous argument passed to [function uploadThumbnailFail](1).
mastodon,Código Fuente (SAST),js/superfluous-trailing-arguments,Medium,app/javascript/mastodon/actions/compose.js,Requiere parche o revisión manual,Superfluous argument passed to [function changeUploadComposeFail](1).
mastodon,Código Fuente (SAST),js/malformed-html-id,Medium,app/javascript/mastodon/components/picture_in_picture_placeholder.tsx,Requiere parche o revisión manual,The value of the id attribute must contain at least one character.
mastodon,Código Fuente (SAST),js/malformed-html-id,Medium,app/javascript/mastodon/features/alt_text_modal/components/info_button.tsx,Requiere parche o revisión manual,The value of the id attribute must contain at least one character.
mastodon,Código Fuente (SAST),js/malformed-html-id,Medium,app/javascript/mastodon/features/audio/index.tsx,Requiere parche o revisión manual,The value of the id attribute must contain at least one character.
mastodon,Código Fuente (SAST),js/malformed-html-id,Medium,app/javascript/mastodon/features/audio/index.tsx,Requiere parche o revisión manual,The value of the id attribute must contain at least one character.
mastodon,Código Fuente (SAST),js/malformed-html-id,Medium,app/javascript/mastodon/features/compose/components/language_dropdown.tsx,Requiere parche o revisión manual,The value of the id attribute must contain at least one character.
mastodon,Código Fuente (SAST),js/malformed-html-id,Medium,app/javascript/mastodon/features/home_timeline/components/inline_follow_suggestions.tsx,Requiere parche o revisión manual,The value of the id attribute must contain at least one character.
mastodon,Código Fuente (SAST),js/malformed-html-id,Medium,app/javascript/mastodon/features/home_timeline/components/inline_follow_suggestions.tsx,Requiere parche o revisión manual,The value of the id attribute must contain at least one character.
mastodon,Código Fuente (SAST),js/malformed-html-id,Medium,app/javascript/mastodon/features/navigation_panel/components/more_link.tsx,Requiere parche o revisión manual,The value of the id attribute must contain at least one character.
mastodon,Código Fuente (SAST),js/malformed-html-id,Medium,app/javascript/mastodon/features/onboarding/profile.tsx,Requiere parche o revisión manual,The value of the id attribute must contain at least one character.
mastodon,Código Fuente (SAST),js/malformed-html-id,Medium,app/javascript/mastodon/features/onboarding/profile.tsx,Requiere parche o revisión manual,The value of the id attribute must contain at least one character.
mastodon,Código Fuente (SAST),js/malformed-html-id,Medium,app/javascript/mastodon/features/ui/components/domain_block_modal.tsx,Requiere parche o revisión manual,The value of the id attribute must contain at least one character.
mastodon,Código Fuente (SAST),js/malformed-html-id,Medium,app/javascript/mastodon/features/ui/components/domain_block_modal.tsx,Requiere parche o revisión manual,The value of the id attribute must contain at least one character.
mastodon,Código Fuente (SAST),js/malformed-html-id,Medium,app/javascript/mastodon/features/ui/components/domain_block_modal.tsx,Requiere parche o revisión manual,The value of the id attribute must contain at least one character.
mastodon,Código Fuente (SAST),js/malformed-html-id,Medium,app/javascript/mastodon/features/ui/components/domain_block_modal.tsx,Requiere parche o revisión manual,The value of the id attribute must contain at least one character.
mastodon,Código Fuente (SAST),js/malformed-html-id,Medium,app/javascript/mastodon/features/ui/components/domain_block_modal.tsx,Requiere parche o revisión manual,The value of the id attribute must contain at least one character.
mastodon,Código Fuente (SAST),js/malformed-html-id,Medium,app/javascript/mastodon/features/ui/components/domain_block_modal.tsx,Requiere parche o revisión manual,The value of the id attribute must contain at least one character.
mastodon,Código Fuente (SAST),js/malformed-html-id,Medium,app/javascript/mastodon/features/ui/components/domain_block_modal.tsx,Requiere parche o revisión manual,The value of the id attribute must contain at least one character.
mastodon,Código Fuente (SAST),js/malformed-html-id,Medium,app/javascript/mastodon/features/ui/components/navigation_bar.tsx,Requiere parche o revisión manual,The value of the id attribute must contain at least one character.
mastodon,Código Fuente (SAST),js/malformed-html-id,Medium,app/javascript/mastodon/features/ui/components/navigation_bar.tsx,Requiere parche o revisión manual,The value of the id attribute must contain at least one character.
mastodon,Código Fuente (SAST),js/malformed-html-id,Medium,app/javascript/mastodon/features/ui/components/navigation_bar.tsx,Requiere parche o revisión manual,The value of the id attribute must contain at least one character.
mastodon,Código Fuente (SAST),js/malformed-html-id,Medium,app/javascript/mastodon/features/ui/components/navigation_bar.tsx,Requiere parche o revisión manual,The value of the id attribute must contain at least one character.
mastodon,Código Fuente (SAST),js/malformed-html-id,Medium,app/javascript/mastodon/features/ui/components/navigation_bar.tsx,Requiere parche o revisión manual,The value of the id attribute must contain at least one character.
mastodon,Código Fuente (SAST),js/malformed-html-id,Medium,app/javascript/mastodon/features/video/components/hotkey_indicator.tsx,Requiere parche o revisión manual,The value of the id attribute must contain at least one character.
mastodon,Código Fuente (SAST),js/react/unused-or-undefined-state-property,Medium,app/javascript/mastodon/components/error_boundary.jsx,Requiere parche o revisión manual,"Component state property 'componentStack' is [written](1), but it is never read.
Component state property 'componentStack' is [written](2), but it is never read."
mastodon,Código Fuente (SAST),js/react/unused-or-undefined-state-property,Medium,app/javascript/mastodon/containers/media_container.jsx,Requiere parche o revisión manual,"Component state property 'time' is [written](1), but it is never read.
Component state property 'time' is [written](2), but it is never read."
mastodon,Código Fuente (SAST),js/react/inconsistent-state-update,Medium,app/javascript/mastodon/components/admin/ReportReasonSelector.jsx,Requiere parche o revisión manual,Component state update uses [potentially inconsistent value](1).
mastodon,Código Fuente (SAST),js/react/inconsistent-state-update,Medium,app/javascript/mastodon/components/media_gallery.jsx,Requiere parche o revisión manual,Component state update uses [potentially inconsistent value](1).
mastodon,Código Fuente (SAST),js/react/inconsistent-state-update,Medium,app/javascript/mastodon/components/media_gallery.jsx,Requiere parche o revisión manual,Component state update uses [potentially inconsistent value](1).
mastodon,Código Fuente (SAST),js/react/inconsistent-state-update,Medium,app/javascript/mastodon/components/media_gallery.jsx,Requiere parche o revisión manual,Component state update uses [potentially inconsistent value](1).
snipe-it,Código Fuente (SAST),js/xss-through-dom,Medium,public/vendor/livewire/livewire.csp.esm.js,Requiere parche o revisión manual,[DOM text](1) is reinterpreted as HTML without escaping meta-characters.
snipe-it,Código Fuente (SAST),js/xss-through-dom,Medium,public/vendor/livewire/livewire.csp.js,Requiere parche o revisión manual,[DOM text](1) is reinterpreted as HTML without escaping meta-characters.
snipe-it,Código Fuente (SAST),js/xss-through-dom,Medium,public/vendor/livewire/livewire.esm.js,Requiere parche o revisión manual,[DOM text](1) is reinterpreted as HTML without escaping meta-characters.
snipe-it,Código Fuente (SAST),js/xss-through-dom,Medium,public/vendor/livewire/livewire.js,Requiere parche o revisión manual,[DOM text](1) is reinterpreted as HTML without escaping meta-characters.
snipe-it,Código Fuente (SAST),js/xss-through-dom,Medium,resources/assets/js/snipeit.js,Requiere parche o revisión manual,[DOM text](1) is reinterpreted as HTML without escaping meta-characters.
snipe-it,Código Fuente (SAST),js/xss-through-dom,Medium,resources/assets/js/snipeit.js,Requiere parche o revisión manual,[DOM text](1) is reinterpreted as HTML without escaping meta-characters.
snipe-it,Código Fuente (SAST),js/insecure-randomness,Medium,resources/assets/js/extensions/pGenerator.jquery.js,Requiere parche o revisión manual,This uses a cryptographically insecure random number generated at [Math.random()](1) in a security context.
snipe-it,Código Fuente (SAST),js/remote-property-injection,Medium,public/vendor/livewire/livewire.csp.esm.js,Requiere parche o revisión manual,A property name to write to depends on a [user-provided value](1).
snipe-it,Código Fuente (SAST),js/remote-property-injection,Medium,public/vendor/livewire/livewire.csp.esm.js,Requiere parche o revisión manual,A property name to write to depends on a [user-provided value](1).
snipe-it,Código Fuente (SAST),js/remote-property-injection,Medium,public/vendor/livewire/livewire.csp.esm.js,Requiere parche o revisión manual,A property name to write to depends on a [user-provided value](1).
snipe-it,Código Fuente (SAST),js/remote-property-injection,Medium,public/vendor/livewire/livewire.csp.js,Requiere parche o revisión manual,A property name to write to depends on a [user-provided value](1).
snipe-it,Código Fuente (SAST),js/remote-property-injection,Medium,public/vendor/livewire/livewire.csp.js,Requiere parche o revisión manual,A property name to write to depends on a [user-provided value](1).
snipe-it,Código Fuente (SAST),js/remote-property-injection,Medium,public/vendor/livewire/livewire.csp.js,Requiere parche o revisión manual,A property name to write to depends on a [user-provided value](1).
snipe-it,Código Fuente (SAST),js/remote-property-injection,Medium,public/vendor/livewire/livewire.esm.js,Requiere parche o revisión manual,A property name to write to depends on a [user-provided value](1).
snipe-it,Código Fuente (SAST),js/remote-property-injection,Medium,public/vendor/livewire/livewire.esm.js,Requiere parche o revisión manual,A property name to write to depends on a [user-provided value](1).
snipe-it,Código Fuente (SAST),js/remote-property-injection,Medium,public/vendor/livewire/livewire.esm.js,Requiere parche o revisión manual,A property name to write to depends on a [user-provided value](1).
snipe-it,Código Fuente (SAST),js/remote-property-injection,Medium,public/vendor/livewire/livewire.js,Requiere parche o revisión manual,A property name to write to depends on a [user-provided value](1).
snipe-it,Código Fuente (SAST),js/remote-property-injection,Medium,public/vendor/livewire/livewire.js,Requiere parche o revisión manual,A property name to write to depends on a [user-provided value](1).
snipe-it,Código Fuente (SAST),js/remote-property-injection,Medium,public/vendor/livewire/livewire.js,Requiere parche o revisión manual,A property name to write to depends on a [user-provided value](1).
snipe-it,Código Fuente (SAST),js/empty-password-in-configuration-file,Medium,ansible/ubuntu/vagrant_playbook.yml,Requiere parche o revisión manual,Empty password in configuration file.
snipe-it,Código Fuente (SAST),js/redundant-assignment,Medium,resources/assets/js/bootstrap-table-reorder-columns.js,Requiere parche o revisión manual,This expression assigns property get to itself.
snipe-it,Código Fuente (SAST),js/redundant-assignment,Medium,resources/assets/js/bootstrap-table-reorder-columns.js,Requiere parche o revisión manual,This expression assigns property set to itself.
snipe-it,Código Fuente (SAST),js/implicit-operand-conversion,Medium,resources/assets/js/dragtable.js,Requiere parche o revisión manual,This expression will be implicitly converted from boolean to number or string.
snipe-it,Código Fuente (SAST),js/useless-expression,Medium,public/vendor/livewire/livewire.csp.esm.js,Requiere parche o revisión manual,This expression has no effect.
snipe-it,Código Fuente (SAST),js/useless-expression,Medium,public/vendor/livewire/livewire.csp.esm.js,Requiere parche o revisión manual,This expression has no effect.
snipe-it,Código Fuente (SAST),js/useless-expression,Medium,public/vendor/livewire/livewire.csp.esm.js,Requiere parche o revisión manual,This expression has no effect.
snipe-it,Código Fuente (SAST),js/useless-expression,Medium,public/vendor/livewire/livewire.csp.esm.js,Requiere parche o revisión manual,This expression has no effect.
snipe-it,Código Fuente (SAST),js/useless-expression,Medium,public/vendor/livewire/livewire.csp.js,Requiere parche o revisión manual,This expression has no effect.
snipe-it,Código Fuente (SAST),js/useless-expression,Medium,public/vendor/livewire/livewire.csp.js,Requiere parche o revisión manual,This expression has no effect.
snipe-it,Código Fuente (SAST),js/useless-expression,Medium,public/vendor/livewire/livewire.esm.js,Requiere parche o revisión manual,This expression has no effect.
snipe-it,Código Fuente (SAST),js/useless-expression,Medium,public/vendor/livewire/livewire.esm.js,Requiere parche o revisión manual,This expression has no effect.
snipe-it,Código Fuente (SAST),js/useless-expression,Medium,public/vendor/livewire/livewire.esm.js,Requiere parche o revisión manual,This expression has no effect.
snipe-it,Código Fuente (SAST),js/useless-expression,Medium,public/vendor/livewire/livewire.esm.js,Requiere parche o revisión manual,This expression has no effect.
snipe-it,Código Fuente (SAST),js/useless-expression,Medium,public/vendor/livewire/livewire.js,Requiere parche o revisión manual,This expression has no effect.
snipe-it,Código Fuente (SAST),js/useless-expression,Medium,public/vendor/livewire/livewire.js,Requiere parche o revisión manual,This expression has no effect.
snipe-it,Código Fuente (SAST),js/unneeded-defensive-code,Medium,public/vendor/livewire/livewire.csp.esm.js,Requiere parche o revisión manual,This guard always evaluates to false.
snipe-it,Código Fuente (SAST),js/unneeded-defensive-code,Medium,public/vendor/livewire/livewire.csp.esm.js,Requiere parche o revisión manual,This guard always evaluates to false.
snipe-it,Código Fuente (SAST),js/unneeded-defensive-code,Medium,public/vendor/livewire/livewire.csp.esm.js,Requiere parche o revisión manual,This guard always evaluates to false.
snipe-it,Código Fuente (SAST),js/unneeded-defensive-code,Medium,public/vendor/livewire/livewire.csp.esm.js,Requiere parche o revisión manual,This guard always evaluates to true.
snipe-it,Código Fuente (SAST),js/unneeded-defensive-code,Medium,public/vendor/livewire/livewire.csp.esm.js,Requiere parche o revisión manual,This guard always evaluates to true.
snipe-it,Código Fuente (SAST),js/unneeded-defensive-code,Medium,public/vendor/livewire/livewire.csp.esm.js,Requiere parche o revisión manual,This guard always evaluates to false.
snipe-it,Código Fuente (SAST),js/unneeded-defensive-code,Medium,public/vendor/livewire/livewire.csp.esm.js,Requiere parche o revisión manual,This guard always evaluates to false.
snipe-it,Código Fuente (SAST),js/unneeded-defensive-code,Medium,public/vendor/livewire/livewire.csp.esm.js,Requiere parche o revisión manual,This guard always evaluates to true.
snipe-it,Código Fuente (SAST),js/unneeded-defensive-code,Medium,public/vendor/livewire/livewire.csp.js,Requiere parche o revisión manual,This guard always evaluates to false.
snipe-it,Código Fuente (SAST),js/unneeded-defensive-code,Medium,public/vendor/livewire/livewire.csp.js,Requiere parche o revisión manual,This guard always evaluates to false.
snipe-it,Código Fuente (SAST),js/unneeded-defensive-code,Medium,public/vendor/livewire/livewire.csp.js,Requiere parche o revisión manual,This guard always evaluates to false.
snipe-it,Código Fuente (SAST),js/unneeded-defensive-code,Medium,public/vendor/livewire/livewire.csp.js,Requiere parche o revisión manual,This guard always evaluates to false.
snipe-it,Código Fuente (SAST),js/unneeded-defensive-code,Medium,public/vendor/livewire/livewire.csp.js,Requiere parche o revisión manual,This guard always evaluates to false.
snipe-it,Código Fuente (SAST),js/unneeded-defensive-code,Medium,public/vendor/livewire/livewire.csp.js,Requiere parche o revisión manual,This guard always evaluates to false.
snipe-it,Código Fuente (SAST),js/unneeded-defensive-code,Medium,public/vendor/livewire/livewire.csp.js,Requiere parche o revisión manual,This guard always evaluates to false.
snipe-it,Código Fuente (SAST),js/unneeded-defensive-code,Medium,public/vendor/livewire/livewire.csp.js,Requiere parche o revisión manual,This guard always evaluates to true.
snipe-it,Código Fuente (SAST),js/unneeded-defensive-code,Medium,public/vendor/livewire/livewire.csp.js,Requiere parche o revisión manual,This guard always evaluates to true.
snipe-it,Código Fuente (SAST),js/unneeded-defensive-code,Medium,public/vendor/livewire/livewire.csp.js,Requiere parche o revisión manual,This guard always evaluates to false.
snipe-it,Código Fuente (SAST),js/unneeded-defensive-code,Medium,public/vendor/livewire/livewire.csp.js,Requiere parche o revisión manual,This guard always evaluates to false.
snipe-it,Código Fuente (SAST),js/unneeded-defensive-code,Medium,public/vendor/livewire/livewire.csp.js,Requiere parche o revisión manual,This guard always evaluates to true.
snipe-it,Código Fuente (SAST),js/unneeded-defensive-code,Medium,public/vendor/livewire/livewire.esm.js,Requiere parche o revisión manual,This guard always evaluates to false.
snipe-it,Código Fuente (SAST),js/unneeded-defensive-code,Medium,public/vendor/livewire/livewire.esm.js,Requiere parche o revisión manual,This guard always evaluates to false.
snipe-it,Código Fuente (SAST),js/unneeded-defensive-code,Medium,public/vendor/livewire/livewire.esm.js,Requiere parche o revisión manual,This guard always evaluates to false.
snipe-it,Código Fuente (SAST),js/unneeded-defensive-code,Medium,public/vendor/livewire/livewire.esm.js,Requiere parche o revisión manual,This guard always evaluates to true.
snipe-it,Código Fuente (SAST),js/unneeded-defensive-code,Medium,public/vendor/livewire/livewire.esm.js,Requiere parche o revisión manual,This guard always evaluates to true.
snipe-it,Código Fuente (SAST),js/unneeded-defensive-code,Medium,public/vendor/livewire/livewire.esm.js,Requiere parche o revisión manual,This guard always evaluates to false.
snipe-it,Código Fuente (SAST),js/unneeded-defensive-code,Medium,public/vendor/livewire/livewire.esm.js,Requiere parche o revisión manual,This guard always evaluates to false.
snipe-it,Código Fuente (SAST),js/unneeded-defensive-code,Medium,public/vendor/livewire/livewire.esm.js,Requiere parche o revisión manual,This guard always evaluates to true.
snipe-it,Código Fuente (SAST),js/unneeded-defensive-code,Medium,public/vendor/livewire/livewire.js,Requiere parche o revisión manual,This guard always evaluates to false.
snipe-it,Código Fuente (SAST),js/unneeded-defensive-code,Medium,public/vendor/livewire/livewire.js,Requiere parche o revisión manual,This guard always evaluates to false.
snipe-it,Código Fuente (SAST),js/unneeded-defensive-code,Medium,public/vendor/livewire/livewire.js,Requiere parche o revisión manual,This guard always evaluates to false.
snipe-it,Código Fuente (SAST),js/unneeded-defensive-code,Medium,public/vendor/livewire/livewire.js,Requiere parche o revisión manual,This guard always evaluates to false.
snipe-it,Código Fuente (SAST),js/unneeded-defensive-code,Medium,public/vendor/livewire/livewire.js,Requiere parche o revisión manual,This guard always evaluates to false.
snipe-it,Código Fuente (SAST),js/unneeded-defensive-code,Medium,public/vendor/livewire/livewire.js,Requiere parche o revisión manual,This guard always evaluates to false.
snipe-it,Código Fuente (SAST),js/unneeded-defensive-code,Medium,public/vendor/livewire/livewire.js,Requiere parche o revisión manual,This guard always evaluates to false.
snipe-it,Código Fuente (SAST),js/unneeded-defensive-code,Medium,public/vendor/livewire/livewire.js,Requiere parche o revisión manual,This guard always evaluates to true.
snipe-it,Código Fuente (SAST),js/unneeded-defensive-code,Medium,public/vendor/livewire/livewire.js,Requiere parche o revisión manual,This guard always evaluates to true.
snipe-it,Código Fuente (SAST),js/unneeded-defensive-code,Medium,public/vendor/livewire/livewire.js,Requiere parche o revisión manual,This guard always evaluates to false.
snipe-it,Código Fuente (SAST),js/unneeded-defensive-code,Medium,public/vendor/livewire/livewire.js,Requiere parche o revisión manual,This guard always evaluates to false.
snipe-it,Código Fuente (SAST),js/unneeded-defensive-code,Medium,public/vendor/livewire/livewire.js,Requiere parche o revisión manual,This guard always evaluates to true.
snipe-it,Código Fuente (SAST),js/misleading-indentation-after-control-statement,Medium,resources/assets/js/bootstrap-table-reorder-columns.js,Requiere parche o revisión manual,"The indentation of this statement suggests that it is controlled by [this statement](1), while in fact it is not."
snipe-it,Código Fuente (SAST),js/unreachable-statement,Medium,public/vendor/livewire/livewire.csp.esm.js,Requiere parche o revisión manual,This statement is unreachable.
snipe-it,Código Fuente (SAST),js/unreachable-statement,Medium,public/vendor/livewire/livewire.csp.esm.js,Requiere parche o revisión manual,This statement is unreachable.
snipe-it,Código Fuente (SAST),js/unreachable-statement,Medium,public/vendor/livewire/livewire.csp.js,Requiere parche o revisión manual,This statement is unreachable.
snipe-it,Código Fuente (SAST),js/unreachable-statement,Medium,public/vendor/livewire/livewire.csp.js,Requiere parche o revisión manual,This statement is unreachable.
snipe-it,Código Fuente (SAST),js/unreachable-statement,Medium,public/vendor/livewire/livewire.esm.js,Requiere parche o revisión manual,This statement is unreachable.
snipe-it,Código Fuente (SAST),js/unreachable-statement,Medium,public/vendor/livewire/livewire.esm.js,Requiere parche o revisión manual,This statement is unreachable.
snipe-it,Código Fuente (SAST),js/trivial-conditional,Medium,public/vendor/livewire/livewire.csp.esm.js,Requiere parche o revisión manual,This negation always evaluates to true.
snipe-it,Código Fuente (SAST),js/trivial-conditional,Medium,public/vendor/livewire/livewire.csp.esm.js,Requiere parche o revisión manual,This use of variable 'm2' always evaluates to true.
snipe-it,Código Fuente (SAST),js/trivial-conditional,Medium,public/vendor/livewire/livewire.csp.esm.js,Requiere parche o revisión manual,This negation always evaluates to false.
snipe-it,Código Fuente (SAST),js/trivial-conditional,Medium,public/vendor/livewire/livewire.csp.esm.js,Requiere parche o revisión manual,This use of variable 'currentTo' always evaluates to true.
snipe-it,Código Fuente (SAST),js/trivial-conditional,Medium,public/vendor/livewire/livewire.csp.esm.js,Requiere parche o revisión manual,This use of variable 'currentTo' always evaluates to true.
snipe-it,Código Fuente (SAST),js/trivial-conditional,Medium,public/vendor/livewire/livewire.csp.esm.js,Requiere parche o revisión manual,This use of variable 'expression' always evaluates to true.
snipe-it,Código Fuente (SAST),js/trivial-conditional,Medium,public/vendor/livewire/livewire.csp.js,Requiere parche o revisión manual,This negation always evaluates to true.
snipe-it,Código Fuente (SAST),js/trivial-conditional,Medium,public/vendor/livewire/livewire.csp.js,Requiere parche o revisión manual,This use of variable 'elLastChild' always evaluates to true.
snipe-it,Código Fuente (SAST),js/trivial-conditional,Medium,public/vendor/livewire/livewire.csp.js,Requiere parche o revisión manual,This negation always evaluates to false.
snipe-it,Código Fuente (SAST),js/trivial-conditional,Medium,public/vendor/livewire/livewire.csp.js,Requiere parche o revisión manual,This use of variable 'currentTo' always evaluates to true.
snipe-it,Código Fuente (SAST),js/trivial-conditional,Medium,public/vendor/livewire/livewire.csp.js,Requiere parche o revisión manual,This use of variable 'currentTo' always evaluates to true.
snipe-it,Código Fuente (SAST),js/trivial-conditional,Medium,public/vendor/livewire/livewire.csp.js,Requiere parche o revisión manual,This use of variable 'expression' always evaluates to true.
snipe-it,Código Fuente (SAST),js/trivial-conditional,Medium,public/vendor/livewire/livewire.esm.js,Requiere parche o revisión manual,This negation always evaluates to true.
snipe-it,Código Fuente (SAST),js/trivial-conditional,Medium,public/vendor/livewire/livewire.esm.js,Requiere parche o revisión manual,This use of variable 'm2' always evaluates to true.
snipe-it,Código Fuente (SAST),js/trivial-conditional,Medium,public/vendor/livewire/livewire.esm.js,Requiere parche o revisión manual,This negation always evaluates to false.
snipe-it,Código Fuente (SAST),js/trivial-conditional,Medium,public/vendor/livewire/livewire.esm.js,Requiere parche o revisión manual,This use of variable 'currentTo' always evaluates to true.
snipe-it,Código Fuente (SAST),js/trivial-conditional,Medium,public/vendor/livewire/livewire.esm.js,Requiere parche o revisión manual,This use of variable 'currentTo' always evaluates to true.
snipe-it,Código Fuente (SAST),js/trivial-conditional,Medium,public/vendor/livewire/livewire.esm.js,Requiere parche o revisión manual,This use of variable 'expression' always evaluates to true.
snipe-it,Código Fuente (SAST),js/trivial-conditional,Medium,public/vendor/livewire/livewire.js,Requiere parche o revisión manual,This negation always evaluates to true.
snipe-it,Código Fuente (SAST),js/trivial-conditional,Medium,public/vendor/livewire/livewire.js,Requiere parche o revisión manual,This use of variable 'elLastChild' always evaluates to true.
snipe-it,Código Fuente (SAST),js/trivial-conditional,Medium,public/vendor/livewire/livewire.js,Requiere parche o revisión manual,This negation always evaluates to false.
snipe-it,Código Fuente (SAST),js/trivial-conditional,Medium,public/vendor/livewire/livewire.js,Requiere parche o revisión manual,This use of variable 'currentTo' always evaluates to true.
snipe-it,Código Fuente (SAST),js/trivial-conditional,Medium,public/vendor/livewire/livewire.js,Requiere parche o revisión manual,This use of variable 'currentTo' always evaluates to true.
snipe-it,Código Fuente (SAST),js/trivial-conditional,Medium,public/vendor/livewire/livewire.js,Requiere parche o revisión manual,This use of variable 'expression' always evaluates to true.
snipe-it,Código Fuente (SAST),js/trivial-conditional,Medium,resources/assets/js/bootstrap-table-reorder-columns.js,Requiere parche o revisión manual,This use of variable 'DESCRIPTORS$4' always evaluates to true.
snipe-it,Código Fuente (SAST),js/missing-variable-declaration,Medium,resources/assets/js/snipeit.js,Requiere parche o revisión manual,"Variable searchElement is used like a local variable, but is missing a declaration."
snipe-it,Código Fuente (SAST),js/missing-variable-declaration,Medium,resources/assets/js/snipeit.js,Requiere parche o revisión manual,"Variable value is used like a local variable, but is missing a declaration."
snipe-it,Código Fuente (SAST),js/missing-variable-declaration,Medium,resources/assets/js/snipeit.js,Requiere parche o revisión manual,"Variable area is used like a local variable, but is missing a declaration."
snipe-it,Código Fuente (SAST),js/missing-variable-declaration,Medium,resources/assets/js/snipeit_modals.js,Requiere parche o revisión manual,"Variable msg is used like a local variable, but is missing a declaration."
snipe-it,Código Fuente (SAST),js/useless-assignment-to-local,Medium,public/vendor/livewire/livewire.csp.esm.js,Requiere parche o revisión manual,The value assigned to t here is unused.
snipe-it,Código Fuente (SAST),js/useless-assignment-to-local,Medium,public/vendor/livewire/livewire.csp.esm.js,Requiere parche o revisión manual,The value assigned to e2 here is unused.
snipe-it,Código Fuente (SAST),js/useless-assignment-to-local,Medium,public/vendor/livewire/livewire.csp.esm.js,Requiere parche o revisión manual,The value assigned to c2 here is unused.
snipe-it,Código Fuente (SAST),js/useless-assignment-to-local,Medium,public/vendor/livewire/livewire.csp.esm.js,Requiere parche o revisión manual,The value assigned to c2 here is unused.
snipe-it,Código Fuente (SAST),js/useless-assignment-to-local,Medium,public/vendor/livewire/livewire.csp.esm.js,Requiere parche o revisión manual,The value assigned to n3 here is unused.
snipe-it,Código Fuente (SAST),js/useless-assignment-to-local,Medium,public/vendor/livewire/livewire.csp.esm.js,Requiere parche o revisión manual,The value assigned to e2 here is unused.
snipe-it,Código Fuente (SAST),js/useless-assignment-to-local,Medium,public/vendor/livewire/livewire.csp.esm.js,Requiere parche o revisión manual,The value assigned to fromKey here is unused.
snipe-it,Código Fuente (SAST),js/useless-assignment-to-local,Medium,public/vendor/livewire/livewire.csp.js,Requiere parche o revisión manual,The value assigned to fromKey here is unused.
snipe-it,Código Fuente (SAST),js/useless-assignment-to-local,Medium,public/vendor/livewire/livewire.esm.js,Requiere parche o revisión manual,The value assigned to t here is unused.
snipe-it,Código Fuente (SAST),js/useless-assignment-to-local,Medium,public/vendor/livewire/livewire.esm.js,Requiere parche o revisión manual,The value assigned to e2 here is unused.
snipe-it,Código Fuente (SAST),js/useless-assignment-to-local,Medium,public/vendor/livewire/livewire.esm.js,Requiere parche o revisión manual,The value assigned to c2 here is unused.
snipe-it,Código Fuente (SAST),js/useless-assignment-to-local,Medium,public/vendor/livewire/livewire.esm.js,Requiere parche o revisión manual,The value assigned to c2 here is unused.
snipe-it,Código Fuente (SAST),js/useless-assignment-to-local,Medium,public/vendor/livewire/livewire.esm.js,Requiere parche o revisión manual,The value assigned to n3 here is unused.
snipe-it,Código Fuente (SAST),js/useless-assignment-to-local,Medium,public/vendor/livewire/livewire.esm.js,Requiere parche o revisión manual,The value assigned to e2 here is unused.
snipe-it,Código Fuente (SAST),js/useless-assignment-to-local,Medium,public/vendor/livewire/livewire.esm.js,Requiere parche o revisión manual,The value assigned to fromKey here is unused.
snipe-it,Código Fuente (SAST),js/useless-assignment-to-local,Medium,public/vendor/livewire/livewire.js,Requiere parche o revisión manual,The value assigned to fromKey here is unused.
snipe-it,Código Fuente (SAST),js/duplicate-variable-declaration,Medium,public/vendor/livewire/livewire.csp.esm.js,Requiere parche o revisión manual,Variable i2 has already [been previously declared](1).
snipe-it,Código Fuente (SAST),js/duplicate-variable-declaration,Medium,public/vendor/livewire/livewire.csp.esm.js,Requiere parche o revisión manual,Variable e2 has already [been previously declared](1).
snipe-it,Código Fuente (SAST),js/duplicate-variable-declaration,Medium,public/vendor/livewire/livewire.csp.esm.js,Requiere parche o revisión manual,Variable a2 has already [been previously declared](1).
snipe-it,Código Fuente (SAST),js/duplicate-variable-declaration,Medium,public/vendor/livewire/livewire.csp.esm.js,Requiere parche o revisión manual,Variable l2 has already [been previously declared](1).
snipe-it,Código Fuente (SAST),js/duplicate-variable-declaration,Medium,public/vendor/livewire/livewire.csp.esm.js,Requiere parche o revisión manual,Variable p2 has already [been previously declared](1).
snipe-it,Código Fuente (SAST),js/duplicate-variable-declaration,Medium,public/vendor/livewire/livewire.csp.esm.js,Requiere parche o revisión manual,Variable D2 has already [been previously declared](1).
snipe-it,Código Fuente (SAST),js/duplicate-variable-declaration,Medium,public/vendor/livewire/livewire.csp.esm.js,Requiere parche o revisión manual,Variable T2 has already [been previously declared](1).
snipe-it,Código Fuente (SAST),js/duplicate-variable-declaration,Medium,public/vendor/livewire/livewire.csp.esm.js,Requiere parche o revisión manual,"Variable p2 has already [been previously declared](1).
Variable p2 has already [been previously declared](2)."
snipe-it,Código Fuente (SAST),js/duplicate-variable-declaration,Medium,public/vendor/livewire/livewire.esm.js,Requiere parche o revisión manual,Variable i2 has already [been previously declared](1).
snipe-it,Código Fuente (SAST),js/duplicate-variable-declaration,Medium,public/vendor/livewire/livewire.esm.js,Requiere parche o revisión manual,Variable e2 has already [been previously declared](1).
snipe-it,Código Fuente (SAST),js/duplicate-variable-declaration,Medium,public/vendor/livewire/livewire.esm.js,Requiere parche o revisión manual,Variable a2 has already [been previously declared](1).
snipe-it,Código Fuente (SAST),js/duplicate-variable-declaration,Medium,public/vendor/livewire/livewire.esm.js,Requiere parche o revisión manual,Variable l2 has already [been previously declared](1).
snipe-it,Código Fuente (SAST),js/duplicate-variable-declaration,Medium,public/vendor/livewire/livewire.esm.js,Requiere parche o revisión manual,Variable p2 has already [been previously declared](1).
snipe-it,Código Fuente (SAST),js/duplicate-variable-declaration,Medium,public/vendor/livewire/livewire.esm.js,Requiere parche o revisión manual,Variable D2 has already [been previously declared](1).
snipe-it,Código Fuente (SAST),js/duplicate-variable-declaration,Medium,public/vendor/livewire/livewire.esm.js,Requiere parche o revisión manual,Variable T2 has already [been previously declared](1).
snipe-it,Código Fuente (SAST),js/duplicate-variable-declaration,Medium,public/vendor/livewire/livewire.esm.js,Requiere parche o revisión manual,"Variable p2 has already [been previously declared](1).
Variable p2 has already [been previously declared](2)."
snipe-it,Código Fuente (SAST),js/useless-assignment-to-property,Medium,resources/assets/js/bootstrap-table-reorder-columns.js,Requiere parche o revisión manual,"This write to property 'prototype' is useless, since [another property write](1) always overrides it."
snipe-it,Código Fuente (SAST),js/unused-local-variable,Medium,public/vendor/livewire/livewire.csp.esm.js,Requiere parche o revisión manual,Unused variable placement.
snipe-it,Código Fuente (SAST),js/unused-local-variable,Medium,public/vendor/livewire/livewire.csp.esm.js,Requiere parche o revisión manual,Unused variable offsetValue.
snipe-it,Código Fuente (SAST),js/unused-local-variable,Medium,public/vendor/livewire/livewire.csp.esm.js,Requiere parche o revisión manual,Unused variable meta.
snipe-it,Código Fuente (SAST),js/unused-local-variable,Medium,public/vendor/livewire/livewire.csp.esm.js,Requiere parche o revisión manual,Unused variable isScoped.
snipe-it,Código Fuente (SAST),js/unused-local-variable,Medium,public/vendor/livewire/livewire.csp.esm.js,Requiere parche o revisión manual,Unused variable snapshot.
snipe-it,Código Fuente (SAST),js/unused-local-variable,Medium,public/vendor/livewire/livewire.csp.esm.js,Requiere parche o revisión manual,Unused variable findComponentByElId.
snipe-it,Código Fuente (SAST),js/unused-local-variable,Medium,public/vendor/livewire/livewire.csp.esm.js,Requiere parche o revisión manual,Unused variable s1.
snipe-it,Código Fuente (SAST),js/unused-local-variable,Medium,public/vendor/livewire/livewire.csp.esm.js,Requiere parche o revisión manual,Unused variable signature.
snipe-it,Código Fuente (SAST),js/unused-local-variable,Medium,public/vendor/livewire/livewire.csp.esm.js,Requiere parche o revisión manual,Unused variable s2.
snipe-it,Código Fuente (SAST),js/unused-local-variable,Medium,public/vendor/livewire/livewire.csp.esm.js,Requiere parche o revisión manual,Unused variable s3.
snipe-it,Código Fuente (SAST),js/unused-local-variable,Medium,public/vendor/livewire/livewire.csp.esm.js,Requiere parche o revisión manual,Unused variable directive2.
snipe-it,Código Fuente (SAST),js/unused-local-variable,Medium,public/vendor/livewire/livewire.csp.esm.js,Requiere parche o revisión manual,Unused variable hasEphemeralTriggers.
snipe-it,Código Fuente (SAST),js/unused-local-variable,Medium,public/vendor/livewire/livewire.csp.js,Requiere parche o revisión manual,Unused variable meta.
snipe-it,Código Fuente (SAST),js/unused-local-variable,Medium,public/vendor/livewire/livewire.csp.js,Requiere parche o revisión manual,Unused variable isScoped.
snipe-it,Código Fuente (SAST),js/unused-local-variable,Medium,public/vendor/livewire/livewire.csp.js,Requiere parche o revisión manual,Unused variable snapshot.
snipe-it,Código Fuente (SAST),js/unused-local-variable,Medium,public/vendor/livewire/livewire.csp.js,Requiere parche o revisión manual,Unused variable placement.
snipe-it,Código Fuente (SAST),js/unused-local-variable,Medium,public/vendor/livewire/livewire.csp.js,Requiere parche o revisión manual,Unused variable offsetValue.
snipe-it,Código Fuente (SAST),js/unused-local-variable,Medium,public/vendor/livewire/livewire.csp.js,Requiere parche o revisión manual,Unused variable findComponentByElId.
snipe-it,Código Fuente (SAST),js/unused-local-variable,Medium,public/vendor/livewire/livewire.csp.js,Requiere parche o revisión manual,Unused variable s1.
snipe-it,Código Fuente (SAST),js/unused-local-variable,Medium,public/vendor/livewire/livewire.csp.js,Requiere parche o revisión manual,Unused variable signature.
snipe-it,Código Fuente (SAST),js/unused-local-variable,Medium,public/vendor/livewire/livewire.csp.js,Requiere parche o revisión manual,Unused variable s2.
snipe-it,Código Fuente (SAST),js/unused-local-variable,Medium,public/vendor/livewire/livewire.csp.js,Requiere parche o revisión manual,Unused variable s3.
snipe-it,Código Fuente (SAST),js/unused-local-variable,Medium,public/vendor/livewire/livewire.csp.js,Requiere parche o revisión manual,Unused variable directive2.
snipe-it,Código Fuente (SAST),js/unused-local-variable,Medium,public/vendor/livewire/livewire.csp.js,Requiere parche o revisión manual,Unused variable hasEphemeralTriggers.
snipe-it,Código Fuente (SAST),js/unused-local-variable,Medium,public/vendor/livewire/livewire.esm.js,Requiere parche o revisión manual,Unused variable placement.
snipe-it,Código Fuente (SAST),js/unused-local-variable,Medium,public/vendor/livewire/livewire.esm.js,Requiere parche o revisión manual,Unused variable offsetValue.
snipe-it,Código Fuente (SAST),js/unused-local-variable,Medium,public/vendor/livewire/livewire.esm.js,Requiere parche o revisión manual,Unused variable meta.
snipe-it,Código Fuente (SAST),js/unused-local-variable,Medium,public/vendor/livewire/livewire.esm.js,Requiere parche o revisión manual,Unused variable isScoped.
snipe-it,Código Fuente (SAST),js/unused-local-variable,Medium,public/vendor/livewire/livewire.esm.js,Requiere parche o revisión manual,Unused variable snapshot.
snipe-it,Código Fuente (SAST),js/unused-local-variable,Medium,public/vendor/livewire/livewire.esm.js,Requiere parche o revisión manual,Unused variable findComponentByElId.
snipe-it,Código Fuente (SAST),js/unused-local-variable,Medium,public/vendor/livewire/livewire.esm.js,Requiere parche o revisión manual,Unused variable s1.
snipe-it,Código Fuente (SAST),js/unused-local-variable,Medium,public/vendor/livewire/livewire.esm.js,Requiere parche o revisión manual,Unused variable signature.
snipe-it,Código Fuente (SAST),js/unused-local-variable,Medium,public/vendor/livewire/livewire.esm.js,Requiere parche o revisión manual,Unused variable s2.
snipe-it,Código Fuente (SAST),js/unused-local-variable,Medium,public/vendor/livewire/livewire.esm.js,Requiere parche o revisión manual,Unused variable s3.
snipe-it,Código Fuente (SAST),js/unused-local-variable,Medium,public/vendor/livewire/livewire.esm.js,Requiere parche o revisión manual,Unused variable directive2.
snipe-it,Código Fuente (SAST),js/unused-local-variable,Medium,public/vendor/livewire/livewire.esm.js,Requiere parche o revisión manual,Unused variable hasEphemeralTriggers.
snipe-it,Código Fuente (SAST),js/unused-local-variable,Medium,public/vendor/livewire/livewire.js,Requiere parche o revisión manual,Unused variable meta.
snipe-it,Código Fuente (SAST),js/unused-local-variable,Medium,public/vendor/livewire/livewire.js,Requiere parche o revisión manual,Unused variable isBooleanAttr2.
snipe-it,Código Fuente (SAST),js/unused-local-variable,Medium,public/vendor/livewire/livewire.js,Requiere parche o revisión manual,Unused variable EMPTY_ARR.
snipe-it,Código Fuente (SAST),js/unused-local-variable,Medium,public/vendor/livewire/livewire.js,Requiere parche o revisión manual,Unused variable camelize.
snipe-it,Código Fuente (SAST),js/unused-local-variable,Medium,public/vendor/livewire/livewire.js,Requiere parche o revisión manual,Unused variable hyphenate.
snipe-it,Código Fuente (SAST),js/unused-local-variable,Medium,public/vendor/livewire/livewire.js,Requiere parche o revisión manual,Unused variable toHandlerKey.
snipe-it,Código Fuente (SAST),js/unused-local-variable,Medium,public/vendor/livewire/livewire.js,Requiere parche o revisión manual,Unused variable isScoped.
snipe-it,Código Fuente (SAST),js/unused-local-variable,Medium,public/vendor/livewire/livewire.js,Requiere parche o revisión manual,Unused variable snapshot.
snipe-it,Código Fuente (SAST),js/unused-local-variable,Medium,public/vendor/livewire/livewire.js,Requiere parche o revisión manual,Unused variable placement.
snipe-it,Código Fuente (SAST),js/unused-local-variable,Medium,public/vendor/livewire/livewire.js,Requiere parche o revisión manual,Unused variable offsetValue.
snipe-it,Código Fuente (SAST),js/unused-local-variable,Medium,public/vendor/livewire/livewire.js,Requiere parche o revisión manual,Unused variable findComponentByElId.
snipe-it,Código Fuente (SAST),js/unused-local-variable,Medium,public/vendor/livewire/livewire.js,Requiere parche o revisión manual,Unused variable s1.
snipe-it,Código Fuente (SAST),js/unused-local-variable,Medium,public/vendor/livewire/livewire.js,Requiere parche o revisión manual,Unused variable signature.
snipe-it,Código Fuente (SAST),js/unused-local-variable,Medium,public/vendor/livewire/livewire.js,Requiere parche o revisión manual,Unused variable s2.
snipe-it,Código Fuente (SAST),js/unused-local-variable,Medium,public/vendor/livewire/livewire.js,Requiere parche o revisión manual,Unused variable s3.
snipe-it,Código Fuente (SAST),js/unused-local-variable,Medium,public/vendor/livewire/livewire.js,Requiere parche o revisión manual,Unused variable directive3.
snipe-it,Código Fuente (SAST),js/unused-local-variable,Medium,public/vendor/livewire/livewire.js,Requiere parche o revisión manual,Unused variable hasEphemeralTriggers.
snipe-it,Código Fuente (SAST),js/unused-local-variable,Medium,resources/assets/js/snipeit.js,Requiere parche o revisión manual,Unused variable select.
snipe-it,Código Fuente (SAST),js/unused-local-variable,Medium,resources/assets/js/snipeit.js,Requiere parche o revisión manual,Unused function formatDataSelection.
snipe-it,Código Fuente (SAST),js/unused-local-variable,Medium,resources/assets/js/snipeit_modals.js,Requiere parche o revisión manual,Unused variable select.
snipe-it,Código Fuente (SAST),js/unused-local-variable,Medium,webpack.mix.js,Requiere parche o revisión manual,Unused variable fs.
snipe-it,Código Fuente (SAST),js/variable-initialization-conflict,Medium,public/vendor/livewire/livewire.csp.esm.js,Requiere parche o revisión manual,This initialization of e2 overwrites an [earlier initialization](1).
snipe-it,Código Fuente (SAST),js/variable-initialization-conflict,Medium,public/vendor/livewire/livewire.csp.esm.js,Requiere parche o revisión manual,This initialization of p2 overwrites an [earlier initialization](1).
snipe-it,Código Fuente (SAST),js/variable-initialization-conflict,Medium,public/vendor/livewire/livewire.csp.esm.js,Requiere parche o revisión manual,This initialization of D2 overwrites an [earlier initialization](1).
snipe-it,Código Fuente (SAST),js/variable-initialization-conflict,Medium,public/vendor/livewire/livewire.esm.js,Requiere parche o revisión manual,This initialization of e2 overwrites an [earlier initialization](1).
snipe-it,Código Fuente (SAST),js/variable-initialization-conflict,Medium,public/vendor/livewire/livewire.esm.js,Requiere parche o revisión manual,This initialization of p2 overwrites an [earlier initialization](1).
snipe-it,Código Fuente (SAST),js/variable-initialization-conflict,Medium,public/vendor/livewire/livewire.esm.js,Requiere parche o revisión manual,This initialization of D2 overwrites an [earlier initialization](1).
snipe-it,Código Fuente (SAST),js/use-before-declaration,Medium,public/vendor/livewire/livewire.csp.esm.js,Requiere parche o revisión manual,Variable 'o4' is used before its [declaration](1).
snipe-it,Código Fuente (SAST),js/use-before-declaration,Medium,public/vendor/livewire/livewire.csp.esm.js,Requiere parche o revisión manual,Variable 'i2' is used before its [declaration](1).
snipe-it,Código Fuente (SAST),js/use-before-declaration,Medium,public/vendor/livewire/livewire.csp.esm.js,Requiere parche o revisión manual,Variable 'o2' is used before its [declaration](1).
snipe-it,Código Fuente (SAST),js/use-before-declaration,Medium,public/vendor/livewire/livewire.csp.esm.js,Requiere parche o revisión manual,Variable 'i2' is used before its [declaration](1).
snipe-it,Código Fuente (SAST),js/use-before-declaration,Medium,public/vendor/livewire/livewire.csp.esm.js,Requiere parche o revisión manual,Variable 'r2' is used before its [declaration](1).
snipe-it,Código Fuente (SAST),js/use-before-declaration,Medium,public/vendor/livewire/livewire.csp.esm.js,Requiere parche o revisión manual,Variable 'a2' is used before its [declaration](1).
snipe-it,Código Fuente (SAST),js/use-before-declaration,Medium,public/vendor/livewire/livewire.csp.esm.js,Requiere parche o revisión manual,"Variable 'S2' is used before its [declaration](1).
Variable 'S2' is used before its [declaration](2)."
snipe-it,Código Fuente (SAST),js/use-before-declaration,Medium,public/vendor/livewire/livewire.csp.esm.js,Requiere parche o revisión manual,Variable 'x2' is used before its [declaration](1).
snipe-it,Código Fuente (SAST),js/use-before-declaration,Medium,public/vendor/livewire/livewire.csp.esm.js,Requiere parche o revisión manual,"Variable 'D2' is used before its [declaration](1).
Variable 'D2' is used before its [declaration](2)."
snipe-it,Código Fuente (SAST),js/use-before-declaration,Medium,public/vendor/livewire/livewire.csp.esm.js,Requiere parche o revisión manual,Variable 'C2' is used before its [declaration](1).
snipe-it,Código Fuente (SAST),js/use-before-declaration,Medium,public/vendor/livewire/livewire.csp.esm.js,Requiere parche o revisión manual,Variable '_2' is used before its [declaration](1).
snipe-it,Código Fuente (SAST),js/use-before-declaration,Medium,public/vendor/livewire/livewire.csp.esm.js,Requiere parche o revisión manual,Variable 'E2' is used before its [declaration](1).
snipe-it,Código Fuente (SAST),js/use-before-declaration,Medium,public/vendor/livewire/livewire.csp.js,Requiere parche o revisión manual,Variable 'o4' is used before its [declaration](1).
snipe-it,Código Fuente (SAST),js/use-before-declaration,Medium,public/vendor/livewire/livewire.esm.js,Requiere parche o revisión manual,Variable 'o4' is used before its [declaration](1).
snipe-it,Código Fuente (SAST),js/use-before-declaration,Medium,public/vendor/livewire/livewire.esm.js,Requiere parche o revisión manual,Variable 'i2' is used before its [declaration](1).
snipe-it,Código Fuente (SAST),js/use-before-declaration,Medium,public/vendor/livewire/livewire.esm.js,Requiere parche o revisión manual,Variable 'o2' is used before its [declaration](1).
snipe-it,Código Fuente (SAST),js/use-before-declaration,Medium,public/vendor/livewire/livewire.esm.js,Requiere parche o revisión manual,Variable 'i2' is used before its [declaration](1).
snipe-it,Código Fuente (SAST),js/use-before-declaration,Medium,public/vendor/livewire/livewire.esm.js,Requiere parche o revisión manual,Variable 'r2' is used before its [declaration](1).
snipe-it,Código Fuente (SAST),js/use-before-declaration,Medium,public/vendor/livewire/livewire.esm.js,Requiere parche o revisión manual,Variable 'a2' is used before its [declaration](1).
snipe-it,Código Fuente (SAST),js/use-before-declaration,Medium,public/vendor/livewire/livewire.esm.js,Requiere parche o revisión manual,"Variable 'S2' is used before its [declaration](1).
Variable 'S2' is used before its [declaration](2)."
snipe-it,Código Fuente (SAST),js/use-before-declaration,Medium,public/vendor/livewire/livewire.esm.js,Requiere parche o revisión manual,Variable 'x2' is used before its [declaration](1).
snipe-it,Código Fuente (SAST),js/use-before-declaration,Medium,public/vendor/livewire/livewire.esm.js,Requiere parche o revisión manual,"Variable 'D2' is used before its [declaration](1).
Variable 'D2' is used before its [declaration](2)."
snipe-it,Código Fuente (SAST),js/use-before-declaration,Medium,public/vendor/livewire/livewire.esm.js,Requiere parche o revisión manual,Variable 'C2' is used before its [declaration](1).
snipe-it,Código Fuente (SAST),js/use-before-declaration,Medium,public/vendor/livewire/livewire.esm.js,Requiere parche o revisión manual,Variable '_2' is used before its [declaration](1).
snipe-it,Código Fuente (SAST),js/use-before-declaration,Medium,public/vendor/livewire/livewire.esm.js,Requiere parche o revisión manual,Variable 'E2' is used before its [declaration](1).
snipe-it,Código Fuente (SAST),js/use-before-declaration,Medium,public/vendor/livewire/livewire.js,Requiere parche o revisión manual,Variable 'o4' is used before its [declaration](1).
snipe-it,Código Fuente (SAST),js/automatic-semicolon-insertion,Medium,resources/assets/js/dragtable.js,Requiere parche o revisión manual,Avoid automated semicolon insertion (96% of all statements in [the enclosing function](1) have an explicit semicolon).
snipe-it,Código Fuente (SAST),js/superfluous-trailing-arguments,Medium,public/vendor/livewire/livewire.csp.esm.js,Requiere parche o revisión manual,Superfluous argument passed to [anonymous function](1).
snipe-it,Código Fuente (SAST),js/superfluous-trailing-arguments,Medium,public/vendor/livewire/livewire.csp.esm.js,Requiere parche o revisión manual,Superfluous argument passed to [function walk](1).
snipe-it,Código Fuente (SAST),js/superfluous-trailing-arguments,Medium,public/vendor/livewire/livewire.csp.esm.js,Requiere parche o revisión manual,Superfluous argument passed to [function walk](1).
snipe-it,Código Fuente (SAST),js/superfluous-trailing-arguments,Medium,public/vendor/livewire/livewire.csp.esm.js,Requiere parche o revisión manual,Superfluous argument passed to [anonymous function](1).
snipe-it,Código Fuente (SAST),js/superfluous-trailing-arguments,Medium,public/vendor/livewire/livewire.csp.js,Requiere parche o revisión manual,Superfluous argument passed to [anonymous function](1).
snipe-it,Código Fuente (SAST),js/superfluous-trailing-arguments,Medium,public/vendor/livewire/livewire.csp.js,Requiere parche o revisión manual,Superfluous argument passed to [function walk2](1).
snipe-it,Código Fuente (SAST),js/superfluous-trailing-arguments,Medium,public/vendor/livewire/livewire.csp.js,Requiere parche o revisión manual,Superfluous argument passed to [function walk](1).
snipe-it,Código Fuente (SAST),js/superfluous-trailing-arguments,Medium,public/vendor/livewire/livewire.csp.js,Requiere parche o revisión manual,Superfluous argument passed to [anonymous function](1).
snipe-it,Código Fuente (SAST),js/superfluous-trailing-arguments,Medium,public/vendor/livewire/livewire.esm.js,Requiere parche o revisión manual,Superfluous argument passed to [anonymous function](1).
snipe-it,Código Fuente (SAST),js/superfluous-trailing-arguments,Medium,public/vendor/livewire/livewire.esm.js,Requiere parche o revisión manual,Superfluous argument passed to [function walk](1).
snipe-it,Código Fuente (SAST),js/superfluous-trailing-arguments,Medium,public/vendor/livewire/livewire.esm.js,Requiere parche o revisión manual,Superfluous argument passed to [function walk](1).
snipe-it,Código Fuente (SAST),js/superfluous-trailing-arguments,Medium,public/vendor/livewire/livewire.esm.js,Requiere parche o revisión manual,Superfluous argument passed to [anonymous function](1).
snipe-it,Código Fuente (SAST),js/superfluous-trailing-arguments,Medium,public/vendor/livewire/livewire.js,Requiere parche o revisión manual,Superfluous argument passed to [anonymous function](1).
snipe-it,Código Fuente (SAST),js/superfluous-trailing-arguments,Medium,public/vendor/livewire/livewire.js,Requiere parche o revisión manual,Superfluous argument passed to [function walk](1).
snipe-it,Código Fuente (SAST),js/superfluous-trailing-arguments,Medium,public/vendor/livewire/livewire.js,Requiere parche o revisión manual,Superfluous argument passed to [function walk2](1).
snipe-it,Código Fuente (SAST),js/superfluous-trailing-arguments,Medium,public/vendor/livewire/livewire.js,Requiere parche o revisión manual,Superfluous argument passed to [anonymous function](1).
wiki,Código Fuente (SAST),js/clear-text-cookie,Medium,server/master.js,Requiere parche o revisión manual,Sensitive cookie sent without enforcing SSL encryption.
wiki,Código Fuente (SAST),js/incomplete-sanitization,Medium,server/helpers/page.js,Requiere parche o revisión manual,This replaces only the first occurrence of /\[\x00- ... <>:*?\]/.
wiki,Código Fuente (SAST),js/xss-through-dom,Medium,client/components/editor/editor-markdown.vue,Requiere parche o revisión manual,[DOM text](1) is reinterpreted as HTML without escaping meta-characters.
wiki,Código Fuente (SAST),js/missing-rate-limiting,Medium,server/controllers/auth.js,Requiere parche o revisión manual,"This route handler performs [authorization](1), but is not rate-limited."
wiki,Código Fuente (SAST),js/missing-rate-limiting,Medium,server/controllers/auth.js,Requiere parche o revisión manual,"This route handler performs [authorization](1), but is not rate-limited."
wiki,Código Fuente (SAST),js/missing-rate-limiting,Medium,server/setup.js,Requiere parche o revisión manual,"This route handler performs [a file system access](1), but is not rate-limited."
wiki,Código Fuente (SAST),js/missing-rate-limiting,Medium,server/setup.js,Requiere parche o revisión manual,"This route handler performs [a file system access](1), but is not rate-limited.
This route handler performs [a file system access](2), but is not rate-limited.
This route handler performs [a file system access](3), but is not rate-limited."
wiki,Código Fuente (SAST),js/type-confusion-through-parameter-tampering,Medium,server/controllers/common.js,Requiere parche o revisión manual,Potential type confusion as [this HTTP request parameter](1) may be either an array or a string.
wiki,Código Fuente (SAST),js/stack-trace-exposure,Medium,server/controllers/auth.js,Requiere parche o revisión manual,This information exposed to the user depends on [stack trace information](1).
wiki,Código Fuente (SAST),js/regex/unmatchable-dollar,Medium,server/modules/rendering/markdown-katex/mhchem.js,Requiere parche o revisión manual,This assertion can never match.
wiki,Código Fuente (SAST),js/trivial-conditional,Medium,client/components/common/search-results.vue,Requiere parche o revisión manual,This use of variable 'newValue' always evaluates to true.
wiki,Código Fuente (SAST),js/useless-assignment-to-local,Medium,server/core/telemetry.js,Requiere parche o revisión manual,"The initial value of platform is unused, since it is always overwritten."
wiki,Código Fuente (SAST),js/unused-local-variable,Medium,server/controllers/ssl.js,Requiere parche o revisión manual,Unused variable qs.
wiki,Código Fuente (SAST),js/unused-local-variable,Medium,server/index.js,Requiere parche o revisión manual,Unused variable gte.
zoneminder,Código Fuente (SAST),js/polynomial-redos,Medium,web/skins/classic/js/skin.js,Requiere parche o revisión manual,This [regular expression](1) that depends on [library input](2) may run slow on strings starting with '<' and with many repetitions of '<'.
zoneminder,Código Fuente (SAST),js/redos,Medium,web/js/hls-1.6.13/hls-demo.js,Requiere parche o revisión manual,This part of the regular expression may cause exponential backtracking on strings containing many repetitions of '0'.
zoneminder,Código Fuente (SAST),js/incomplete-sanitization,Medium,web/js/hls-1.6.13/hls-demo.js,Requiere parche o revisión manual,This replaces only the first occurrence of '\\'.
zoneminder,Código Fuente (SAST),js/incomplete-sanitization,Medium,web/skins/classic/assets/bootstrap-table-1.27.1/extensions/filter-control/bootstrap-table-filter-control.js,Requiere parche o revisión manual,This does not escape backslash characters in the input.
zoneminder,Código Fuente (SAST),js/incomplete-sanitization,Medium,web/skins/classic/assets/bootstrap-table-1.27.1/extensions/filter-control/utils.js,Requiere parche o revisión manual,This does not escape backslash characters in the input.
zoneminder,Código Fuente (SAST),js/incomplete-sanitization,Medium,web/skins/classic/js/jquery-ui-1.13.2/jquery-ui.js,Requiere parche o revisión manual,This does not escape backslash characters in the input.
zoneminder,Código Fuente (SAST),js/incomplete-sanitization,Medium,web/skins/classic/js/moment.js,Requiere parche o revisión manual,This replaces only the first occurrence of '\\'.
zoneminder,Código Fuente (SAST),js/incomplete-multi-character-sanitization,Medium,web/skins/classic/js/skin.js,Requiere parche o revisión manual,"This string may still contain [<script](1), which may cause an HTML element injection vulnerability."
zoneminder,Código Fuente (SAST),js/unsafe-jquery-plugin,Medium,web/skins/classic/assets/bootstrap-table-1.27.1/bootstrap-table.js,Requiere parche o revisión manual,"Potential XSS vulnerability in the ['$.fn.button' plugin](1).
Potential XSS vulnerability in the ['$.fn.datepicker' plugin](2)."
zoneminder,Código Fuente (SAST),js/unsafe-jquery-plugin,Medium,web/skins/classic/assets/bootstrap-table-1.27.1/extensions/filter-control/bootstrap-table-filter-control.js,Requiere parche o revisión manual,"Potential XSS vulnerability in the ['$.fn.button' plugin](1).
Potential XSS vulnerability in the ['$.fn.datepicker' plugin](2)."
zoneminder,Código Fuente (SAST),js/unsafe-jquery-plugin,Medium,web/skins/classic/assets/bootstrap-table-1.27.1/extensions/multiple-sort/bootstrap-table-multiple-sort.js,Requiere parche o revisión manual,"Potential XSS vulnerability in the ['$.fn.button' plugin](1).
Potential XSS vulnerability in the ['$.fn.datepicker' plugin](2)."
zoneminder,Código Fuente (SAST),js/unsafe-jquery-plugin,Medium,web/skins/classic/assets/bootstrap-table-1.27.1/extensions/multiple-sort/bootstrap-table-multiple-sort.js,Requiere parche o revisión manual,"Potential XSS vulnerability in the ['$.fn.button' plugin](1).
Potential XSS vulnerability in the ['$.fn.datepicker' plugin](2)."
zoneminder,Código Fuente (SAST),js/unsafe-jquery-plugin,Medium,web/skins/classic/assets/bootstrap-table-1.27.1/extensions/multiple-sort/bootstrap-table-multiple-sort.js,Requiere parche o revisión manual,"Potential XSS vulnerability in the ['$.fn.button' plugin](1).
Potential XSS vulnerability in the ['$.fn.datepicker' plugin](2)."
zoneminder,Código Fuente (SAST),js/unsafe-jquery-plugin,Medium,web/skins/classic/js/bootstrap-4.5.0.js,Requiere parche o revisión manual,"Potential XSS vulnerability in the ['$.fn.button' plugin](1).
Potential XSS vulnerability in the ['$.fn.datepicker' plugin](2)."
zoneminder,Código Fuente (SAST),js/unsafe-jquery-plugin,Medium,web/skins/classic/js/bootstrap-4.5.0.js,Requiere parche o revisión manual,"Potential XSS vulnerability in the ['$.fn.button' plugin](1).
Potential XSS vulnerability in the ['$.fn.datepicker' plugin](2)."
zoneminder,Código Fuente (SAST),js/unsafe-jquery-plugin,Medium,web/skins/classic/js/bootstrap-4.5.0.js,Requiere parche o revisión manual,"Potential XSS vulnerability in the ['$.fn.button' plugin](1).
Potential XSS vulnerability in the ['$.fn.datepicker' plugin](2)."
zoneminder,Código Fuente (SAST),js/unsafe-jquery-plugin,Medium,web/skins/classic/js/bootstrap-4.5.0.js,Requiere parche o revisión manual,"Potential XSS vulnerability in the ['$.fn.button' plugin](1).
Potential XSS vulnerability in the ['$.fn.datepicker' plugin](2)."
zoneminder,Código Fuente (SAST),js/unsafe-jquery-plugin,Medium,web/skins/classic/js/bootstrap-4.5.0.js,Requiere parche o revisión manual,"Potential XSS vulnerability in the ['$.fn.button' plugin](1).
Potential XSS vulnerability in the ['$.fn.datepicker' plugin](2)."
zoneminder,Código Fuente (SAST),js/unsafe-jquery-plugin,Medium,web/skins/classic/js/bootstrap-4.5.0.js,Requiere parche o revisión manual,"Potential XSS vulnerability in the ['$.fn.button' plugin](1).
Potential XSS vulnerability in the ['$.fn.datepicker' plugin](2)."
zoneminder,Código Fuente (SAST),js/unsafe-jquery-plugin,Medium,web/skins/classic/js/bootstrap-4.5.0.js,Requiere parche o revisión manual,"Potential XSS vulnerability in the ['$.fn.button' plugin](1).
Potential XSS vulnerability in the ['$.fn.datepicker' plugin](2)."
zoneminder,Código Fuente (SAST),js/unsafe-jquery-plugin,Medium,web/skins/classic/js/bootstrap-4.5.0.js,Requiere parche o revisión manual,"Potential XSS vulnerability in the ['$.fn.button' plugin](1).
Potential XSS vulnerability in the ['$.fn.datepicker' plugin](2)."
zoneminder,Código Fuente (SAST),js/unsafe-jquery-plugin,Medium,web/skins/classic/js/bootstrap-4.5.0.js,Requiere parche o revisión manual,"Potential XSS vulnerability in the ['$.fn.button' plugin](1).
Potential XSS vulnerability in the ['$.fn.datepicker' plugin](2)."
zoneminder,Código Fuente (SAST),js/unsafe-jquery-plugin,Medium,web/skins/classic/js/bootstrap-4.5.0.js,Requiere parche o revisión manual,"Potential XSS vulnerability in the ['$.fn.button' plugin](1).
Potential XSS vulnerability in the ['$.fn.datepicker' plugin](2)."
zoneminder,Código Fuente (SAST),js/unsafe-jquery-plugin,Medium,web/skins/classic/js/bootstrap-4.5.0.js,Requiere parche o revisión manual,"Potential XSS vulnerability in the ['$.fn.button' plugin](1).
Potential XSS vulnerability in the ['$.fn.datepicker' plugin](2)."
zoneminder,Código Fuente (SAST),js/unsafe-jquery-plugin,Medium,web/skins/classic/js/bootstrap-4.5.0.js,Requiere parche o revisión manual,"Potential XSS vulnerability in the ['$.fn.button' plugin](1).
Potential XSS vulnerability in the ['$.fn.datepicker' plugin](2)."
zoneminder,Código Fuente (SAST),js/unsafe-jquery-plugin,Medium,web/skins/classic/js/bootstrap-4.5.0.js,Requiere parche o revisión manual,"Potential XSS vulnerability in the ['$.fn.button' plugin](1).
Potential XSS vulnerability in the ['$.fn.datepicker' plugin](2)."
zoneminder,Código Fuente (SAST),js/unsafe-jquery-plugin,Medium,web/skins/classic/js/bootstrap-4.5.0.js,Requiere parche o revisión manual,"Potential XSS vulnerability in the ['$.fn.button' plugin](1).
Potential XSS vulnerability in the ['$.fn.datepicker' plugin](2)."
zoneminder,Código Fuente (SAST),js/unsafe-jquery-plugin,Medium,web/skins/classic/js/bootstrap-4.5.0.js,Requiere parche o revisión manual,"Potential XSS vulnerability in the ['$.fn.button' plugin](1).
Potential XSS vulnerability in the ['$.fn.datepicker' plugin](2)."
zoneminder,Código Fuente (SAST),js/unsafe-jquery-plugin,Medium,web/skins/classic/js/bootstrap-4.5.0.js,Requiere parche o revisión manual,"Potential XSS vulnerability in the ['$.fn.button' plugin](1).
Potential XSS vulnerability in the ['$.fn.datepicker' plugin](2)."
zoneminder,Código Fuente (SAST),js/unsafe-jquery-plugin,Medium,web/skins/classic/js/bootstrap-4.5.0.js,Requiere parche o revisión manual,"Potential XSS vulnerability in the ['$.fn.button' plugin](1).
Potential XSS vulnerability in the ['$.fn.datepicker' plugin](2)."
zoneminder,Código Fuente (SAST),js/unsafe-jquery-plugin,Medium,web/skins/classic/js/bootstrap-4.5.0.js,Requiere parche o revisión manual,"Potential XSS vulnerability in the ['$.fn.button' plugin](1).
Potential XSS vulnerability in the ['$.fn.datepicker' plugin](2)."
zoneminder,Código Fuente (SAST),js/unsafe-jquery-plugin,Medium,web/skins/classic/js/bootstrap-4.5.0.js,Requiere parche o revisión manual,"Potential XSS vulnerability in the ['$.fn.button' plugin](1).
Potential XSS vulnerability in the ['$.fn.datepicker' plugin](2)."
zoneminder,Código Fuente (SAST),js/unsafe-jquery-plugin,Medium,web/skins/classic/js/bootstrap-4.5.0.js,Requiere parche o revisión manual,"Potential XSS vulnerability in the ['$.fn.button' plugin](1).
Potential XSS vulnerability in the ['$.fn.datepicker' plugin](2)."
zoneminder,Código Fuente (SAST),js/unsafe-jquery-plugin,Medium,web/skins/classic/js/bootstrap-4.5.0.js,Requiere parche o revisión manual,"Potential XSS vulnerability in the ['$.fn.button' plugin](1).
Potential XSS vulnerability in the ['$.fn.datepicker' plugin](2)."
zoneminder,Código Fuente (SAST),js/unsafe-jquery-plugin,Medium,web/skins/classic/js/bootstrap-4.5.0.js,Requiere parche o revisión manual,"Potential XSS vulnerability in the ['$.fn.button' plugin](1).
Potential XSS vulnerability in the ['$.fn.datepicker' plugin](2)."
zoneminder,Código Fuente (SAST),js/unsafe-jquery-plugin,Medium,web/skins/classic/js/bootstrap-4.5.0.js,Requiere parche o revisión manual,"Potential XSS vulnerability in the ['$.fn.button' plugin](1).
Potential XSS vulnerability in the ['$.fn.datepicker' plugin](2)."
zoneminder,Código Fuente (SAST),js/unsafe-jquery-plugin,Medium,web/skins/classic/js/bootstrap-4.5.0.js,Requiere parche o revisión manual,"Potential XSS vulnerability in the ['$.fn.button' plugin](1).
Potential XSS vulnerability in the ['$.fn.datepicker' plugin](2)."
zoneminder,Código Fuente (SAST),js/unsafe-jquery-plugin,Medium,web/skins/classic/js/bootstrap-4.5.0.js,Requiere parche o revisión manual,"Potential XSS vulnerability in the ['$.fn.button' plugin](1).
Potential XSS vulnerability in the ['$.fn.datepicker' plugin](2)."
zoneminder,Código Fuente (SAST),js/unsafe-jquery-plugin,Medium,web/skins/classic/js/bootstrap-4.5.0.js,Requiere parche o revisión manual,"Potential XSS vulnerability in the ['$.fn.button' plugin](1).
Potential XSS vulnerability in the ['$.fn.datepicker' plugin](2)."
zoneminder,Código Fuente (SAST),js/unsafe-jquery-plugin,Medium,web/skins/classic/js/bootstrap-4.5.0.js,Requiere parche o revisión manual,"Potential XSS vulnerability in the ['$.fn.button' plugin](1).
Potential XSS vulnerability in the ['$.fn.datepicker' plugin](2)."
zoneminder,Código Fuente (SAST),js/unsafe-jquery-plugin,Medium,web/skins/classic/js/bootstrap-4.5.0.js,Requiere parche o revisión manual,"Potential XSS vulnerability in the ['$.fn.button' plugin](1).
Potential XSS vulnerability in the ['$.fn.datepicker' plugin](2)."
zoneminder,Código Fuente (SAST),js/unsafe-jquery-plugin,Medium,web/skins/classic/js/jquery-ui-1.13.2/jquery-ui.js,Requiere parche o revisión manual,"Potential XSS vulnerability in the ['$.fn.button' plugin](1).
Potential XSS vulnerability in the ['$.fn.datepicker' plugin](2)."
zoneminder,Código Fuente (SAST),js/unsafe-jquery-plugin,Medium,web/skins/classic/js/jquery-ui-1.13.2/jquery-ui.js,Requiere parche o revisión manual,"Potential XSS vulnerability in the ['$.fn.button' plugin](1).
Potential XSS vulnerability in the ['$.fn.datepicker' plugin](2)."
zoneminder,Código Fuente (SAST),js/unsafe-jquery-plugin,Medium,web/skins/classic/js/jquery-ui-1.13.2/jquery-ui.js,Requiere parche o revisión manual,"Potential XSS vulnerability in the ['$.fn.button' plugin](1).
Potential XSS vulnerability in the ['$.fn.datepicker' plugin](2)."
zoneminder,Código Fuente (SAST),js/unsafe-jquery-plugin,Medium,web/skins/classic/js/jquery-ui-1.13.2/jquery-ui.js,Requiere parche o revisión manual,"Potential XSS vulnerability in the ['$.fn.button' plugin](1).
Potential XSS vulnerability in the ['$.fn.datepicker' plugin](2)."
zoneminder,Código Fuente (SAST),js/unsafe-jquery-plugin,Medium,web/skins/classic/js/jquery-ui-1.13.2/jquery-ui.js,Requiere parche o revisión manual,Potential XSS vulnerability in the ['$.fn.position' plugin](1).
zoneminder,Código Fuente (SAST),js/unsafe-jquery-plugin,Medium,web/skins/classic/js/jquery-ui-1.13.2/jquery-ui.js,Requiere parche o revisión manual,"Potential XSS vulnerability in the ['$.fn.button' plugin](1).
Potential XSS vulnerability in the ['$.fn.datepicker' plugin](2)."
zoneminder,Código Fuente (SAST),js/unsafe-jquery-plugin,Medium,web/skins/classic/js/jquery-ui-1.13.2/jquery-ui.js,Requiere parche o revisión manual,"Potential XSS vulnerability in the ['$.fn.button' plugin](1).
Potential XSS vulnerability in the ['$.fn.datepicker' plugin](2)."
zoneminder,Código Fuente (SAST),js/unsafe-jquery-plugin,Medium,web/skins/classic/js/jquery-ui-1.13.2/jquery-ui.js,Requiere parche o revisión manual,"Potential XSS vulnerability in the ['$.fn.button' plugin](1).
Potential XSS vulnerability in the ['$.fn.datepicker' plugin](2)."
zoneminder,Código Fuente (SAST),js/unsafe-jquery-plugin,Medium,web/skins/classic/js/jquery-ui-1.13.2/jquery-ui.js,Requiere parche o revisión manual,"Potential XSS vulnerability in the ['$.fn.button' plugin](1).
Potential XSS vulnerability in the ['$.fn.datepicker' plugin](2)."
zoneminder,Código Fuente (SAST),js/unsafe-jquery-plugin,Medium,web/skins/classic/js/jquery-ui-1.13.2/jquery-ui.js,Requiere parche o revisión manual,"Potential XSS vulnerability in the ['$.fn.button' plugin](1).
Potential XSS vulnerability in the ['$.fn.datepicker' plugin](2)."
zoneminder,Código Fuente (SAST),js/unsafe-jquery-plugin,Medium,web/skins/classic/js/jquery-ui-1.13.2/jquery-ui.js,Requiere parche o revisión manual,"Potential XSS vulnerability in the ['$.fn.button' plugin](1).
Potential XSS vulnerability in the ['$.fn.datepicker' plugin](2)."
zoneminder,Código Fuente (SAST),js/unsafe-jquery-plugin,Medium,web/skins/classic/js/jquery-ui-1.13.2/jquery-ui.js,Requiere parche o revisión manual,"Potential XSS vulnerability in the ['$.fn.button' plugin](1).
Potential XSS vulnerability in the ['$.fn.datepicker' plugin](2)."
zoneminder,Código Fuente (SAST),js/unsafe-jquery-plugin,Medium,web/skins/classic/js/jquery-ui-1.13.2/jquery-ui.js,Requiere parche o revisión manual,"Potential XSS vulnerability in the ['$.fn.button' plugin](1).
Potential XSS vulnerability in the ['$.fn.datepicker' plugin](2)."
zoneminder,Código Fuente (SAST),js/unsafe-jquery-plugin,Medium,web/skins/classic/js/jquery-ui-1.13.2/jquery-ui.js,Requiere parche o revisión manual,"Potential XSS vulnerability in the ['$.fn.button' plugin](1).
Potential XSS vulnerability in the ['$.fn.datepicker' plugin](2)."
zoneminder,Código Fuente (SAST),js/unsafe-jquery-plugin,Medium,web/skins/classic/js/jquery-ui-1.13.2/jquery-ui.js,Requiere parche o revisión manual,"Potential XSS vulnerability in the ['$.fn.button' plugin](1).
Potential XSS vulnerability in the ['$.fn.datepicker' plugin](2)."
zoneminder,Código Fuente (SAST),js/unsafe-jquery-plugin,Medium,web/skins/classic/js/jquery-ui-1.13.2/jquery-ui.js,Requiere parche o revisión manual,"Potential XSS vulnerability in the ['$.fn.button' plugin](1).
Potential XSS vulnerability in the ['$.fn.datepicker' plugin](2)."
zoneminder,Código Fuente (SAST),js/unsafe-jquery-plugin,Medium,web/skins/classic/js/jquery-ui-1.13.2/jquery-ui.js,Requiere parche o revisión manual,"Potential XSS vulnerability in the ['$.fn.button' plugin](1).
Potential XSS vulnerability in the ['$.fn.datepicker' plugin](2)."
zoneminder,Código Fuente (SAST),js/unsafe-jquery-plugin,Medium,web/skins/classic/js/jquery-ui-1.13.2/jquery-ui.js,Requiere parche o revisión manual,"Potential XSS vulnerability in the ['$.fn.button' plugin](1).
Potential XSS vulnerability in the ['$.fn.datepicker' plugin](2)."
zoneminder,Código Fuente (SAST),js/unsafe-jquery-plugin,Medium,web/skins/classic/js/jquery-ui-1.13.2/jquery-ui.js,Requiere parche o revisión manual,"Potential XSS vulnerability in the ['$.fn.button' plugin](1).
Potential XSS vulnerability in the ['$.fn.datepicker' plugin](2)."
zoneminder,Código Fuente (SAST),js/unsafe-jquery-plugin,Medium,web/skins/classic/js/jquery-ui-1.13.2/jquery-ui.js,Requiere parche o revisión manual,"Potential XSS vulnerability in the ['$.fn.button' plugin](1).
Potential XSS vulnerability in the ['$.fn.datepicker' plugin](2)."
zoneminder,Código Fuente (SAST),js/unsafe-jquery-plugin,Medium,web/skins/classic/js/jquery-ui-1.13.2/jquery-ui.js,Requiere parche o revisión manual,"Potential XSS vulnerability in the ['$.fn.button' plugin](1).
Potential XSS vulnerability in the ['$.fn.datepicker' plugin](2)."
zoneminder,Código Fuente (SAST),js/unsafe-jquery-plugin,Medium,web/skins/classic/js/jquery-ui-1.13.2/jquery-ui.js,Requiere parche o revisión manual,"Potential XSS vulnerability in the ['$.fn.button' plugin](1).
Potential XSS vulnerability in the ['$.fn.datepicker' plugin](2)."
zoneminder,Código Fuente (SAST),js/unsafe-jquery-plugin,Medium,web/skins/classic/js/jquery-ui-1.13.2/jquery-ui.js,Requiere parche o revisión manual,"Potential XSS vulnerability in the ['$.fn.button' plugin](1).
Potential XSS vulnerability in the ['$.fn.datepicker' plugin](2)."
zoneminder,Código Fuente (SAST),js/unsafe-jquery-plugin,Medium,web/skins/classic/js/jquery-ui-1.13.2/jquery-ui.js,Requiere parche o revisión manual,"Potential XSS vulnerability in the ['$.fn.button' plugin](1).
Potential XSS vulnerability in the ['$.fn.datepicker' plugin](2)."
zoneminder,Código Fuente (SAST),js/unsafe-jquery-plugin,Medium,web/skins/classic/js/jquery-ui-1.13.2/jquery-ui.js,Requiere parche o revisión manual,"Potential XSS vulnerability in the ['$.fn.button' plugin](1).
Potential XSS vulnerability in the ['$.fn.datepicker' plugin](2)."
zoneminder,Código Fuente (SAST),js/unsafe-jquery-plugin,Medium,web/skins/classic/js/jquery-ui-1.13.2/jquery-ui.js,Requiere parche o revisión manual,"Potential XSS vulnerability in the ['$.fn.button' plugin](1).
Potential XSS vulnerability in the ['$.fn.datepicker' plugin](2)."
zoneminder,Código Fuente (SAST),js/unsafe-jquery-plugin,Medium,web/skins/classic/js/jquery-ui-1.13.2/jquery-ui.js,Requiere parche o revisión manual,"Potential XSS vulnerability in the ['$.fn.button' plugin](1).
Potential XSS vulnerability in the ['$.fn.datepicker' plugin](2)."
zoneminder,Código Fuente (SAST),js/unsafe-jquery-plugin,Medium,web/skins/classic/js/jquery-ui-1.13.2/jquery-ui.js,Requiere parche o revisión manual,"Potential XSS vulnerability in the ['$.fn.button' plugin](1).
Potential XSS vulnerability in the ['$.fn.datepicker' plugin](2)."
zoneminder,Código Fuente (SAST),js/unsafe-jquery-plugin,Medium,web/skins/classic/js/jquery-ui-1.13.2/jquery-ui.js,Requiere parche o revisión manual,"Potential XSS vulnerability in the ['$.fn.button' plugin](1).
Potential XSS vulnerability in the ['$.fn.datepicker' plugin](2)."
zoneminder,Código Fuente (SAST),js/unsafe-jquery-plugin,Medium,web/skins/classic/js/jquery-ui-1.13.2/jquery-ui.js,Requiere parche o revisión manual,"Potential XSS vulnerability in the ['$.fn.button' plugin](1).
Potential XSS vulnerability in the ['$.fn.datepicker' plugin](2)."
zoneminder,Código Fuente (SAST),js/unsafe-jquery-plugin,Medium,web/skins/classic/js/jquery-ui-1.13.2/jquery-ui.js,Requiere parche o revisión manual,"Potential XSS vulnerability in the ['$.fn.button' plugin](1).
Potential XSS vulnerability in the ['$.fn.datepicker' plugin](2)."
zoneminder,Código Fuente (SAST),js/unsafe-jquery-plugin,Medium,web/skins/classic/js/jquery-ui-1.13.2/jquery-ui.js,Requiere parche o revisión manual,"Potential XSS vulnerability in the ['$.fn.button' plugin](1).
Potential XSS vulnerability in the ['$.fn.datepicker' plugin](2)."
zoneminder,Código Fuente (SAST),js/xss-through-dom,Medium,web/js/hls-1.6.13/hls-demo.js,Requiere parche o revisión manual,[DOM text](1) is reinterpreted as HTML without escaping meta-characters.
zoneminder,Código Fuente (SAST),js/xss-through-dom,Medium,web/js/hls-1.6.13/hls-demo.js,Requiere parche o revisión manual,[DOM text](1) is reinterpreted as HTML without escaping meta-characters.
zoneminder,Código Fuente (SAST),js/xss-through-dom,Medium,web/skins/classic/js/bootstrap-4.5.0.js,Requiere parche o revisión manual,[DOM text](1) is reinterpreted as HTML without escaping meta-characters.
zoneminder,Código Fuente (SAST),js/xss-through-dom,Medium,web/skins/classic/js/skin.js,Requiere parche o revisión manual,[DOM text](1) is reinterpreted as HTML without escaping meta-characters.
zoneminder,Código Fuente (SAST),js/xss-through-dom,Medium,web/skins/classic/views/js/monitor.js,Requiere parche o revisión manual,[DOM text](1) is reinterpreted as HTML without escaping meta-characters.
zoneminder,Código Fuente (SAST),js/html-constructed-from-input,Medium,web/skins/classic/js/dateTimePicker/jquery-ui-timepicker-addon.js,Requiere parche o revisión manual,"This HTML construction which depends on [library input](1) might later allow [cross-site scripting](2).
This HTML construction which depends on [library input](3) might later allow [cross-site scripting](2).
This HTML construction which depends on [library input](3) might later allow [cross-site scripting](2).
This HTML construction which depends on [library input](4) might later allow [cross-site scripting](2)."
zoneminder,Código Fuente (SAST),js/html-constructed-from-input,Medium,web/skins/classic/js/dateTimePicker/jquery-ui-timepicker-addon.js,Requiere parche o revisión manual,"This HTML construction which depends on [library input](1) might later allow [cross-site scripting](2).
This HTML construction which depends on [library input](3) might later allow [cross-site scripting](2).
This HTML construction which depends on [library input](3) might later allow [cross-site scripting](2).
This HTML construction which depends on [library input](4) might later allow [cross-site scripting](2)."
zoneminder,Código Fuente (SAST),js/insecure-randomness,Medium,web/js/hls-1.6.13/hls.js,Requiere parche o revisión manual,This uses a cryptographically insecure random number generated at [Math.random()](1) in a security context.
zoneminder,Código Fuente (SAST),js/insecure-randomness,Medium,web/js/hls-1.6.13/hls.light.js,Requiere parche o revisión manual,This uses a cryptographically insecure random number generated at [Math.random()](1) in a security context.
zoneminder,Código Fuente (SAST),js/insecure-randomness,Medium,web/js/hls-1.6.13/hls.light.mjs,Requiere parche o revisión manual,This uses a cryptographically insecure random number generated at [Math.random()](1) in a security context.
zoneminder,Código Fuente (SAST),js/insecure-randomness,Medium,web/js/hls-1.6.13/hls.mjs,Requiere parche o revisión manual,This uses a cryptographically insecure random number generated at [Math.random()](1) in a security context.
zoneminder,Código Fuente (SAST),js/log-injection,Medium,web/js/MonitorStream.js,Requiere parche o revisión manual,Log entry depends on a [user-provided value](1).
zoneminder,Código Fuente (SAST),js/log-injection,Medium,web/js/MonitorStream.js,Requiere parche o revisión manual,Log entry depends on a [user-provided value](1).
zoneminder,Código Fuente (SAST),js/remote-property-injection,Medium,web/js/hls-1.6.13/hls.js,Requiere parche o revisión manual,A property name to write to depends on a [user-provided value](1).
zoneminder,Código Fuente (SAST),js/remote-property-injection,Medium,web/js/hls-1.6.13/hls.js,Requiere parche o revisión manual,A property name to write to depends on a [user-provided value](1).
zoneminder,Código Fuente (SAST),js/remote-property-injection,Medium,web/js/hls-1.6.13/hls.light.js,Requiere parche o revisión manual,A property name to write to depends on a [user-provided value](1).
zoneminder,Código Fuente (SAST),js/remote-property-injection,Medium,web/js/hls-1.6.13/hls.light.js,Requiere parche o revisión manual,A property name to write to depends on a [user-provided value](1).
zoneminder,Código Fuente (SAST),js/missing-origin-check,Medium,web/js/hls-1.6.13/hls.js,Requiere parche o revisión manual,Postmessage handler has no origin check.
zoneminder,Código Fuente (SAST),js/missing-origin-check,Medium,web/js/hls-1.6.13/hls.light.js,Requiere parche o revisión manual,Postmessage handler has no origin check.
zoneminder,Código Fuente (SAST),js/regex/missing-regexp-anchor,Medium,web/js/dms.js,Requiere parche o revisión manual,"Misleading operator precedence. The subexpression '^\[WE\]' is anchored at the beginning, but the other parts of this regular expression are not"
zoneminder,Código Fuente (SAST),js/redundant-assignment,Medium,web/js/hls-1.6.13/hls.js,Requiere parche o revisión manual,This expression assigns variable data to itself.
zoneminder,Código Fuente (SAST),js/redundant-assignment,Medium,web/js/hls-1.6.13/hls.light.js,Requiere parche o revisión manual,This expression assigns variable data to itself.
zoneminder,Código Fuente (SAST),js/redundant-assignment,Medium,web/js/hls-1.6.13/hls.light.mjs,Requiere parche o revisión manual,This expression assigns variable data to itself.
zoneminder,Código Fuente (SAST),js/redundant-assignment,Medium,web/js/hls-1.6.13/hls.mjs,Requiere parche o revisión manual,This expression assigns variable data to itself.
zoneminder,Código Fuente (SAST),js/redundant-assignment,Medium,web/skins/classic/assets/bootstrap-table-1.27.1/bootstrap-table-locale-all.js,Requiere parche o revisión manual,This expression assigns property get to itself.
zoneminder,Código Fuente (SAST),js/redundant-assignment,Medium,web/skins/classic/assets/bootstrap-table-1.27.1/bootstrap-table-locale-all.js,Requiere parche o revisión manual,This expression assigns property set to itself.
zoneminder,Código Fuente (SAST),js/redundant-assignment,Medium,web/skins/classic/assets/bootstrap-table-1.27.1/bootstrap-table.js,Requiere parche o revisión manual,This expression assigns property get to itself.
zoneminder,Código Fuente (SAST),js/redundant-assignment,Medium,web/skins/classic/assets/bootstrap-table-1.27.1/bootstrap-table.js,Requiere parche o revisión manual,This expression assigns property set to itself.
zoneminder,Código Fuente (SAST),js/redundant-assignment,Medium,web/skins/classic/assets/bootstrap-table-1.27.1/config/index.js,Requiere parche o revisión manual,This expression assigns property get to itself.
zoneminder,Código Fuente (SAST),js/redundant-assignment,Medium,web/skins/classic/assets/bootstrap-table-1.27.1/config/index.js,Requiere parche o revisión manual,This expression assigns property set to itself.
zoneminder,Código Fuente (SAST),js/redundant-assignment,Medium,web/skins/classic/assets/bootstrap-table-1.27.1/extensions/addrbar/bootstrap-table-addrbar.js,Requiere parche o revisión manual,This expression assigns property get to itself.
zoneminder,Código Fuente (SAST),js/redundant-assignment,Medium,web/skins/classic/assets/bootstrap-table-1.27.1/extensions/addrbar/bootstrap-table-addrbar.js,Requiere parche o revisión manual,This expression assigns property set to itself.
zoneminder,Código Fuente (SAST),js/redundant-assignment,Medium,web/skins/classic/assets/bootstrap-table-1.27.1/extensions/auto-refresh/bootstrap-table-auto-refresh.js,Requiere parche o revisión manual,This expression assigns property get to itself.
zoneminder,Código Fuente (SAST),js/redundant-assignment,Medium,web/skins/classic/assets/bootstrap-table-1.27.1/extensions/auto-refresh/bootstrap-table-auto-refresh.js,Requiere parche o revisión manual,This expression assigns property set to itself.
zoneminder,Código Fuente (SAST),js/redundant-assignment,Medium,web/skins/classic/assets/bootstrap-table-1.27.1/extensions/cookie/bootstrap-table-cookie.js,Requiere parche o revisión manual,This expression assigns property get to itself.
zoneminder,Código Fuente (SAST),js/redundant-assignment,Medium,web/skins/classic/assets/bootstrap-table-1.27.1/extensions/cookie/bootstrap-table-cookie.js,Requiere parche o revisión manual,This expression assigns property set to itself.
zoneminder,Código Fuente (SAST),js/redundant-assignment,Medium,web/skins/classic/assets/bootstrap-table-1.27.1/extensions/copy-rows/bootstrap-table-copy-rows.js,Requiere parche o revisión manual,This expression assigns property get to itself.
zoneminder,Código Fuente (SAST),js/redundant-assignment,Medium,web/skins/classic/assets/bootstrap-table-1.27.1/extensions/copy-rows/bootstrap-table-copy-rows.js,Requiere parche o revisión manual,This expression assigns property set to itself.
zoneminder,Código Fuente (SAST),js/redundant-assignment,Medium,web/skins/classic/assets/bootstrap-table-1.27.1/extensions/custom-view/bootstrap-table-custom-view.js,Requiere parche o revisión manual,This expression assigns property get to itself.
zoneminder,Código Fuente (SAST),js/redundant-assignment,Medium,web/skins/classic/assets/bootstrap-table-1.27.1/extensions/custom-view/bootstrap-table-custom-view.js,Requiere parche o revisión manual,This expression assigns property set to itself.
zoneminder,Código Fuente (SAST),js/redundant-assignment,Medium,web/skins/classic/assets/bootstrap-table-1.27.1/extensions/defer-url/bootstrap-table-defer-url.js,Requiere parche o revisión manual,This expression assigns property get to itself.
zoneminder,Código Fuente (SAST),js/redundant-assignment,Medium,web/skins/classic/assets/bootstrap-table-1.27.1/extensions/defer-url/bootstrap-table-defer-url.js,Requiere parche o revisión manual,This expression assigns property set to itself.
zoneminder,Código Fuente (SAST),js/redundant-assignment,Medium,web/skins/classic/assets/bootstrap-table-1.27.1/extensions/editable/bootstrap-table-editable.js,Requiere parche o revisión manual,This expression assigns property get to itself.
zoneminder,Código Fuente (SAST),js/redundant-assignment,Medium,web/skins/classic/assets/bootstrap-table-1.27.1/extensions/editable/bootstrap-table-editable.js,Requiere parche o revisión manual,This expression assigns property set to itself.
zoneminder,Código Fuente (SAST),js/redundant-assignment,Medium,web/skins/classic/assets/bootstrap-table-1.27.1/extensions/export/bootstrap-table-export.js,Requiere parche o revisión manual,This expression assigns property get to itself.
zoneminder,Código Fuente (SAST),js/redundant-assignment,Medium,web/skins/classic/assets/bootstrap-table-1.27.1/extensions/export/bootstrap-table-export.js,Requiere parche o revisión manual,This expression assigns property set to itself.
zoneminder,Código Fuente (SAST),js/redundant-assignment,Medium,web/skins/classic/assets/bootstrap-table-1.27.1/extensions/filter-control/bootstrap-table-filter-control.js,Requiere parche o revisión manual,This expression assigns property get to itself.
zoneminder,Código Fuente (SAST),js/redundant-assignment,Medium,web/skins/classic/assets/bootstrap-table-1.27.1/extensions/filter-control/bootstrap-table-filter-control.js,Requiere parche o revisión manual,This expression assigns property set to itself.
zoneminder,Código Fuente (SAST),js/redundant-assignment,Medium,web/skins/classic/assets/bootstrap-table-1.27.1/extensions/filter-control/utils.js,Requiere parche o revisión manual,This expression assigns property get to itself.
zoneminder,Código Fuente (SAST),js/redundant-assignment,Medium,web/skins/classic/assets/bootstrap-table-1.27.1/extensions/filter-control/utils.js,Requiere parche o revisión manual,This expression assigns property set to itself.
zoneminder,Código Fuente (SAST),js/redundant-assignment,Medium,web/skins/classic/assets/bootstrap-table-1.27.1/extensions/fixed-columns/bootstrap-table-fixed-columns.js,Requiere parche o revisión manual,This expression assigns property get to itself.
zoneminder,Código Fuente (SAST),js/redundant-assignment,Medium,web/skins/classic/assets/bootstrap-table-1.27.1/extensions/fixed-columns/bootstrap-table-fixed-columns.js,Requiere parche o revisión manual,This expression assigns property set to itself.
zoneminder,Código Fuente (SAST),js/redundant-assignment,Medium,web/skins/classic/assets/bootstrap-table-1.27.1/extensions/group-by-v2/bootstrap-table-group-by.js,Requiere parche o revisión manual,This expression assigns property get to itself.
zoneminder,Código Fuente (SAST),js/redundant-assignment,Medium,web/skins/classic/assets/bootstrap-table-1.27.1/extensions/group-by-v2/bootstrap-table-group-by.js,Requiere parche o revisión manual,This expression assigns property set to itself.
zoneminder,Código Fuente (SAST),js/redundant-assignment,Medium,web/skins/classic/assets/bootstrap-table-1.27.1/extensions/i18n-enhance/bootstrap-table-i18n-enhance.js,Requiere parche o revisión manual,This expression assigns property get to itself.
zoneminder,Código Fuente (SAST),js/redundant-assignment,Medium,web/skins/classic/assets/bootstrap-table-1.27.1/extensions/i18n-enhance/bootstrap-table-i18n-enhance.js,Requiere parche o revisión manual,This expression assigns property set to itself.
zoneminder,Código Fuente (SAST),js/redundant-assignment,Medium,web/skins/classic/assets/bootstrap-table-1.27.1/extensions/key-events/bootstrap-table-key-events.js,Requiere parche o revisión manual,This expression assigns property get to itself.
zoneminder,Código Fuente (SAST),js/redundant-assignment,Medium,web/skins/classic/assets/bootstrap-table-1.27.1/extensions/key-events/bootstrap-table-key-events.js,Requiere parche o revisión manual,This expression assigns property set to itself.
zoneminder,Código Fuente (SAST),js/redundant-assignment,Medium,web/skins/classic/assets/bootstrap-table-1.27.1/extensions/mobile/bootstrap-table-mobile.js,Requiere parche o revisión manual,This expression assigns property get to itself.
zoneminder,Código Fuente (SAST),js/redundant-assignment,Medium,web/skins/classic/assets/bootstrap-table-1.27.1/extensions/mobile/bootstrap-table-mobile.js,Requiere parche o revisión manual,This expression assigns property set to itself.
zoneminder,Código Fuente (SAST),js/redundant-assignment,Medium,web/skins/classic/assets/bootstrap-table-1.27.1/extensions/multiple-sort/bootstrap-table-multiple-sort.js,Requiere parche o revisión manual,This expression assigns property get to itself.
zoneminder,Código Fuente (SAST),js/redundant-assignment,Medium,web/skins/classic/assets/bootstrap-table-1.27.1/extensions/multiple-sort/bootstrap-table-multiple-sort.js,Requiere parche o revisión manual,This expression assigns property set to itself.
zoneminder,Código Fuente (SAST),js/redundant-assignment,Medium,web/skins/classic/assets/bootstrap-table-1.27.1/extensions/page-jump-to/bootstrap-table-page-jump-to.js,Requiere parche o revisión manual,This expression assigns property get to itself.
zoneminder,Código Fuente (SAST),js/redundant-assignment,Medium,web/skins/classic/assets/bootstrap-table-1.27.1/extensions/page-jump-to/bootstrap-table-page-jump-to.js,Requiere parche o revisión manual,This expression assigns property set to itself.
zoneminder,Código Fuente (SAST),js/redundant-assignment,Medium,web/skins/classic/assets/bootstrap-table-1.27.1/extensions/pipeline/bootstrap-table-pipeline.js,Requiere parche o revisión manual,This expression assigns property get to itself.
zoneminder,Código Fuente (SAST),js/redundant-assignment,Medium,web/skins/classic/assets/bootstrap-table-1.27.1/extensions/pipeline/bootstrap-table-pipeline.js,Requiere parche o revisión manual,This expression assigns property set to itself.
zoneminder,Código Fuente (SAST),js/redundant-assignment,Medium,web/skins/classic/assets/bootstrap-table-1.27.1/extensions/print/bootstrap-table-print.js,Requiere parche o revisión manual,This expression assigns property get to itself.
zoneminder,Código Fuente (SAST),js/redundant-assignment,Medium,web/skins/classic/assets/bootstrap-table-1.27.1/extensions/print/bootstrap-table-print.js,Requiere parche o revisión manual,This expression assigns property set to itself.
zoneminder,Código Fuente (SAST),js/redundant-assignment,Medium,web/skins/classic/assets/bootstrap-table-1.27.1/extensions/reorder-columns/bootstrap-table-reorder-columns.js,Requiere parche o revisión manual,This expression assigns property get to itself.
zoneminder,Código Fuente (SAST),js/redundant-assignment,Medium,web/skins/classic/assets/bootstrap-table-1.27.1/extensions/reorder-columns/bootstrap-table-reorder-columns.js,Requiere parche o revisión manual,This expression assigns property set to itself.
zoneminder,Código Fuente (SAST),js/redundant-assignment,Medium,web/skins/classic/assets/bootstrap-table-1.27.1/extensions/reorder-rows/bootstrap-table-reorder-rows.js,Requiere parche o revisión manual,This expression assigns property get to itself.
zoneminder,Código Fuente (SAST),js/redundant-assignment,Medium,web/skins/classic/assets/bootstrap-table-1.27.1/extensions/reorder-rows/bootstrap-table-reorder-rows.js,Requiere parche o revisión manual,This expression assigns property set to itself.
zoneminder,Código Fuente (SAST),js/redundant-assignment,Medium,web/skins/classic/assets/bootstrap-table-1.27.1/extensions/resizable/bootstrap-table-resizable.js,Requiere parche o revisión manual,This expression assigns property get to itself.
zoneminder,Código Fuente (SAST),js/redundant-assignment,Medium,web/skins/classic/assets/bootstrap-table-1.27.1/extensions/resizable/bootstrap-table-resizable.js,Requiere parche o revisión manual,This expression assigns property set to itself.
zoneminder,Código Fuente (SAST),js/redundant-assignment,Medium,web/skins/classic/assets/bootstrap-table-1.27.1/extensions/sticky-header/bootstrap-table-sticky-header.js,Requiere parche o revisión manual,This expression assigns property get to itself.
zoneminder,Código Fuente (SAST),js/redundant-assignment,Medium,web/skins/classic/assets/bootstrap-table-1.27.1/extensions/sticky-header/bootstrap-table-sticky-header.js,Requiere parche o revisión manual,This expression assigns property set to itself.
zoneminder,Código Fuente (SAST),js/redundant-assignment,Medium,web/skins/classic/assets/bootstrap-table-1.27.1/extensions/toolbar/bootstrap-table-toolbar.js,Requiere parche o revisión manual,This expression assigns property get to itself.
zoneminder,Código Fuente (SAST),js/redundant-assignment,Medium,web/skins/classic/assets/bootstrap-table-1.27.1/extensions/toolbar/bootstrap-table-toolbar.js,Requiere parche o revisión manual,This expression assigns property set to itself.
zoneminder,Código Fuente (SAST),js/redundant-assignment,Medium,web/skins/classic/assets/bootstrap-table-1.27.1/extensions/treegrid/bootstrap-table-treegrid.js,Requiere parche o revisión manual,This expression assigns property get to itself.
zoneminder,Código Fuente (SAST),js/redundant-assignment,Medium,web/skins/classic/assets/bootstrap-table-1.27.1/extensions/treegrid/bootstrap-table-treegrid.js,Requiere parche o revisión manual,This expression assigns property set to itself.
zoneminder,Código Fuente (SAST),js/redundant-assignment,Medium,web/skins/classic/assets/bootstrap-table-1.27.1/locale/bootstrap-table-af-ZA.js,Requiere parche o revisión manual,This expression assigns property get to itself.
zoneminder,Código Fuente (SAST),js/redundant-assignment,Medium,web/skins/classic/assets/bootstrap-table-1.27.1/locale/bootstrap-table-af-ZA.js,Requiere parche o revisión manual,This expression assigns property set to itself.
zoneminder,Código Fuente (SAST),js/redundant-assignment,Medium,web/skins/classic/assets/bootstrap-table-1.27.1/locale/bootstrap-table-ar-SA.js,Requiere parche o revisión manual,This expression assigns property get to itself.
zoneminder,Código Fuente (SAST),js/redundant-assignment,Medium,web/skins/classic/assets/bootstrap-table-1.27.1/locale/bootstrap-table-ar-SA.js,Requiere parche o revisión manual,This expression assigns property set to itself.
zoneminder,Código Fuente (SAST),js/redundant-assignment,Medium,web/skins/classic/assets/bootstrap-table-1.27.1/locale/bootstrap-table-bg-BG.js,Requiere parche o revisión manual,This expression assigns property get to itself.
zoneminder,Código Fuente (SAST),js/redundant-assignment,Medium,web/skins/classic/assets/bootstrap-table-1.27.1/locale/bootstrap-table-bg-BG.js,Requiere parche o revisión manual,This expression assigns property set to itself.
zoneminder,Código Fuente (SAST),js/redundant-assignment,Medium,web/skins/classic/assets/bootstrap-table-1.27.1/locale/bootstrap-table-ca-ES.js,Requiere parche o revisión manual,This expression assigns property get to itself.
zoneminder,Código Fuente (SAST),js/redundant-assignment,Medium,web/skins/classic/assets/bootstrap-table-1.27.1/locale/bootstrap-table-ca-ES.js,Requiere parche o revisión manual,This expression assigns property set to itself.
zoneminder,Código Fuente (SAST),js/redundant-assignment,Medium,web/skins/classic/assets/bootstrap-table-1.27.1/locale/bootstrap-table-cs-CZ.js,Requiere parche o revisión manual,This expression assigns property get to itself.
zoneminder,Código Fuente (SAST),js/redundant-assignment,Medium,web/skins/classic/assets/bootstrap-table-1.27.1/locale/bootstrap-table-cs-CZ.js,Requiere parche o revisión manual,This expression assigns property set to itself.
zoneminder,Código Fuente (SAST),js/redundant-assignment,Medium,web/skins/classic/assets/bootstrap-table-1.27.1/locale/bootstrap-table-da-DK.js,Requiere parche o revisión manual,This expression assigns property get to itself.
zoneminder,Código Fuente (SAST),js/redundant-assignment,Medium,web/skins/classic/assets/bootstrap-table-1.27.1/locale/bootstrap-table-da-DK.js,Requiere parche o revisión manual,This expression assigns property set to itself.
zoneminder,Código Fuente (SAST),js/redundant-assignment,Medium,web/skins/classic/assets/bootstrap-table-1.27.1/locale/bootstrap-table-de-DE.js,Requiere parche o revisión manual,This expression assigns property get to itself.
zoneminder,Código Fuente (SAST),js/redundant-assignment,Medium,web/skins/classic/assets/bootstrap-table-1.27.1/locale/bootstrap-table-de-DE.js,Requiere parche o revisión manual,This expression assigns property set to itself.
zoneminder,Código Fuente (SAST),js/redundant-assignment,Medium,web/skins/classic/assets/bootstrap-table-1.27.1/locale/bootstrap-table-el-GR.js,Requiere parche o revisión manual,This expression assigns property get to itself.
zoneminder,Código Fuente (SAST),js/redundant-assignment,Medium,web/skins/classic/assets/bootstrap-table-1.27.1/locale/bootstrap-table-el-GR.js,Requiere parche o revisión manual,This expression assigns property set to itself.
zoneminder,Código Fuente (SAST),js/redundant-assignment,Medium,web/skins/classic/assets/bootstrap-table-1.27.1/locale/bootstrap-table-en-US.js,Requiere parche o revisión manual,This expression assigns property get to itself.
zoneminder,Código Fuente (SAST),js/redundant-assignment,Medium,web/skins/classic/assets/bootstrap-table-1.27.1/locale/bootstrap-table-en-US.js,Requiere parche o revisión manual,This expression assigns property set to itself.
zoneminder,Código Fuente (SAST),js/redundant-assignment,Medium,web/skins/classic/assets/bootstrap-table-1.27.1/locale/bootstrap-table-es-AR.js,Requiere parche o revisión manual,This expression assigns property get to itself.
zoneminder,Código Fuente (SAST),js/redundant-assignment,Medium,web/skins/classic/assets/bootstrap-table-1.27.1/locale/bootstrap-table-es-AR.js,Requiere parche o revisión manual,This expression assigns property set to itself.
zoneminder,Código Fuente (SAST),js/redundant-assignment,Medium,web/skins/classic/assets/bootstrap-table-1.27.1/locale/bootstrap-table-es-CL.js,Requiere parche o revisión manual,This expression assigns property get to itself.
zoneminder,Código Fuente (SAST),js/redundant-assignment,Medium,web/skins/classic/assets/bootstrap-table-1.27.1/locale/bootstrap-table-es-CL.js,Requiere parche o revisión manual,This expression assigns property set to itself.
zoneminder,Código Fuente (SAST),js/redundant-assignment,Medium,web/skins/classic/assets/bootstrap-table-1.27.1/locale/bootstrap-table-es-CR.js,Requiere parche o revisión manual,This expression assigns property get to itself.
zoneminder,Código Fuente (SAST),js/redundant-assignment,Medium,web/skins/classic/assets/bootstrap-table-1.27.1/locale/bootstrap-table-es-CR.js,Requiere parche o revisión manual,This expression assigns property set to itself.
zoneminder,Código Fuente (SAST),js/redundant-assignment,Medium,web/skins/classic/assets/bootstrap-table-1.27.1/locale/bootstrap-table-es-ES.js,Requiere parche o revisión manual,This expression assigns property get to itself.
zoneminder,Código Fuente (SAST),js/redundant-assignment,Medium,web/skins/classic/assets/bootstrap-table-1.27.1/locale/bootstrap-table-es-ES.js,Requiere parche o revisión manual,This expression assigns property set to itself.
zoneminder,Código Fuente (SAST),js/redundant-assignment,Medium,web/skins/classic/assets/bootstrap-table-1.27.1/locale/bootstrap-table-es-MX.js,Requiere parche o revisión manual,This expression assigns property get to itself.
zoneminder,Código Fuente (SAST),js/redundant-assignment,Medium,web/skins/classic/assets/bootstrap-table-1.27.1/locale/bootstrap-table-es-MX.js,Requiere parche o revisión manual,This expression assigns property set to itself.
zoneminder,Código Fuente (SAST),js/redundant-assignment,Medium,web/skins/classic/assets/bootstrap-table-1.27.1/locale/bootstrap-table-es-NI.js,Requiere parche o revisión manual,This expression assigns property get to itself.
zoneminder,Código Fuente (SAST),js/redundant-assignment,Medium,web/skins/classic/assets/bootstrap-table-1.27.1/locale/bootstrap-table-es-NI.js,Requiere parche o revisión manual,This expression assigns property set to itself.
zoneminder,Código Fuente (SAST),js/redundant-assignment,Medium,web/skins/classic/assets/bootstrap-table-1.27.1/locale/bootstrap-table-es-SP.js,Requiere parche o revisión manual,This expression assigns property get to itself.
zoneminder,Código Fuente (SAST),js/redundant-assignment,Medium,web/skins/classic/assets/bootstrap-table-1.27.1/locale/bootstrap-table-es-SP.js,Requiere parche o revisión manual,This expression assigns property set to itself.
zoneminder,Código Fuente (SAST),js/redundant-assignment,Medium,web/skins/classic/assets/bootstrap-table-1.27.1/locale/bootstrap-table-et-EE.js,Requiere parche o revisión manual,This expression assigns property get to itself.
zoneminder,Código Fuente (SAST),js/redundant-assignment,Medium,web/skins/classic/assets/bootstrap-table-1.27.1/locale/bootstrap-table-et-EE.js,Requiere parche o revisión manual,This expression assigns property set to itself.
zoneminder,Código Fuente (SAST),js/redundant-assignment,Medium,web/skins/classic/assets/bootstrap-table-1.27.1/locale/bootstrap-table-eu-EU.js,Requiere parche o revisión manual,This expression assigns property get to itself.
zoneminder,Código Fuente (SAST),js/redundant-assignment,Medium,web/skins/classic/assets/bootstrap-table-1.27.1/locale/bootstrap-table-eu-EU.js,Requiere parche o revisión manual,This expression assigns property set to itself.
zoneminder,Código Fuente (SAST),js/redundant-assignment,Medium,web/skins/classic/assets/bootstrap-table-1.27.1/locale/bootstrap-table-fa-IR.js,Requiere parche o revisión manual,This expression assigns property get to itself.
zoneminder,Código Fuente (SAST),js/redundant-assignment,Medium,web/skins/classic/assets/bootstrap-table-1.27.1/locale/bootstrap-table-fa-IR.js,Requiere parche o revisión manual,This expression assigns property set to itself.
zoneminder,Código Fuente (SAST),js/redundant-assignment,Medium,web/skins/classic/assets/bootstrap-table-1.27.1/locale/bootstrap-table-fi-FI.js,Requiere parche o revisión manual,This expression assigns property get to itself.
zoneminder,Código Fuente (SAST),js/redundant-assignment,Medium,web/skins/classic/assets/bootstrap-table-1.27.1/locale/bootstrap-table-fi-FI.js,Requiere parche o revisión manual,This expression assigns property set to itself.
zoneminder,Código Fuente (SAST),js/redundant-assignment,Medium,web/skins/classic/assets/bootstrap-table-1.27.1/locale/bootstrap-table-fr-BE.js,Requiere parche o revisión manual,This expression assigns property get to itself.
zoneminder,Código Fuente (SAST),js/redundant-assignment,Medium,web/skins/classic/assets/bootstrap-table-1.27.1/locale/bootstrap-table-fr-BE.js,Requiere parche o revisión manual,This expression assigns property set to itself.
zoneminder,Código Fuente (SAST),js/redundant-assignment,Medium,web/skins/classic/assets/bootstrap-table-1.27.1/locale/bootstrap-table-fr-CH.js,Requiere parche o revisión manual,This expression assigns property get to itself.
zoneminder,Código Fuente (SAST),js/redundant-assignment,Medium,web/skins/classic/assets/bootstrap-table-1.27.1/locale/bootstrap-table-fr-CH.js,Requiere parche o revisión manual,This expression assigns property set to itself.
zoneminder,Código Fuente (SAST),js/redundant-assignment,Medium,web/skins/classic/assets/bootstrap-table-1.27.1/locale/bootstrap-table-fr-FR.js,Requiere parche o revisión manual,This expression assigns property get to itself.
zoneminder,Código Fuente (SAST),js/redundant-assignment,Medium,web/skins/classic/assets/bootstrap-table-1.27.1/locale/bootstrap-table-fr-FR.js,Requiere parche o revisión manual,This expression assigns property set to itself.
zoneminder,Código Fuente (SAST),js/redundant-assignment,Medium,web/skins/classic/assets/bootstrap-table-1.27.1/locale/bootstrap-table-fr-LU.js,Requiere parche o revisión manual,This expression assigns property get to itself.
zoneminder,Código Fuente (SAST),js/redundant-assignment,Medium,web/skins/classic/assets/bootstrap-table-1.27.1/locale/bootstrap-table-fr-LU.js,Requiere parche o revisión manual,This expression assigns property set to itself.
zoneminder,Código Fuente (SAST),js/redundant-assignment,Medium,web/skins/classic/assets/bootstrap-table-1.27.1/locale/bootstrap-table-he-IL.js,Requiere parche o revisión manual,This expression assigns property get to itself.
zoneminder,Código Fuente (SAST),js/redundant-assignment,Medium,web/skins/classic/assets/bootstrap-table-1.27.1/locale/bootstrap-table-he-IL.js,Requiere parche o revisión manual,This expression assigns property set to itself.
zoneminder,Código Fuente (SAST),js/redundant-assignment,Medium,web/skins/classic/assets/bootstrap-table-1.27.1/locale/bootstrap-table-hi-IN.js,Requiere parche o revisión manual,This expression assigns property get to itself.
zoneminder,Código Fuente (SAST),js/redundant-assignment,Medium,web/skins/classic/assets/bootstrap-table-1.27.1/locale/bootstrap-table-hi-IN.js,Requiere parche o revisión manual,This expression assigns property set to itself.
zoneminder,Código Fuente (SAST),js/redundant-assignment,Medium,web/skins/classic/assets/bootstrap-table-1.27.1/locale/bootstrap-table-hr-HR.js,Requiere parche o revisión manual,This expression assigns property get to itself.
zoneminder,Código Fuente (SAST),js/redundant-assignment,Medium,web/skins/classic/assets/bootstrap-table-1.27.1/locale/bootstrap-table-hr-HR.js,Requiere parche o revisión manual,This expression assigns property set to itself.
zoneminder,Código Fuente (SAST),js/redundant-assignment,Medium,web/skins/classic/assets/bootstrap-table-1.27.1/locale/bootstrap-table-hu-HU.js,Requiere parche o revisión manual,This expression assigns property get to itself.
zoneminder,Código Fuente (SAST),js/redundant-assignment,Medium,web/skins/classic/assets/bootstrap-table-1.27.1/locale/bootstrap-table-hu-HU.js,Requiere parche o revisión manual,This expression assigns property set to itself.
zoneminder,Código Fuente (SAST),js/redundant-assignment,Medium,web/skins/classic/assets/bootstrap-table-1.27.1/locale/bootstrap-table-id-ID.js,Requiere parche o revisión manual,This expression assigns property get to itself.
zoneminder,Código Fuente (SAST),js/redundant-assignment,Medium,web/skins/classic/assets/bootstrap-table-1.27.1/locale/bootstrap-table-id-ID.js,Requiere parche o revisión manual,This expression assigns property set to itself.
zoneminder,Código Fuente (SAST),js/redundant-assignment,Medium,web/skins/classic/assets/bootstrap-table-1.27.1/locale/bootstrap-table-it-IT.js,Requiere parche o revisión manual,This expression assigns property get to itself.
zoneminder,Código Fuente (SAST),js/redundant-assignment,Medium,web/skins/classic/assets/bootstrap-table-1.27.1/locale/bootstrap-table-it-IT.js,Requiere parche o revisión manual,This expression assigns property set to itself.
zoneminder,Código Fuente (SAST),js/redundant-assignment,Medium,web/skins/classic/assets/bootstrap-table-1.27.1/locale/bootstrap-table-ja-JP.js,Requiere parche o revisión manual,This expression assigns property get to itself.
zoneminder,Código Fuente (SAST),js/redundant-assignment,Medium,web/skins/classic/assets/bootstrap-table-1.27.1/locale/bootstrap-table-ja-JP.js,Requiere parche o revisión manual,This expression assigns property set to itself.
zoneminder,Código Fuente (SAST),js/redundant-assignment,Medium,web/skins/classic/assets/bootstrap-table-1.27.1/locale/bootstrap-table-ka-GE.js,Requiere parche o revisión manual,This expression assigns property get to itself.
zoneminder,Código Fuente (SAST),js/redundant-assignment,Medium,web/skins/classic/assets/bootstrap-table-1.27.1/locale/bootstrap-table-ka-GE.js,Requiere parche o revisión manual,This expression assigns property set to itself.
zoneminder,Código Fuente (SAST),js/redundant-assignment,Medium,web/skins/classic/assets/bootstrap-table-1.27.1/locale/bootstrap-table-ko-KR.js,Requiere parche o revisión manual,This expression assigns property get to itself.
zoneminder,Código Fuente (SAST),js/redundant-assignment,Medium,web/skins/classic/assets/bootstrap-table-1.27.1/locale/bootstrap-table-ko-KR.js,Requiere parche o revisión manual,This expression assigns property set to itself.
zoneminder,Código Fuente (SAST),js/redundant-assignment,Medium,web/skins/classic/assets/bootstrap-table-1.27.1/locale/bootstrap-table-lb-LU.js,Requiere parche o revisión manual,This expression assigns property get to itself.
zoneminder,Código Fuente (SAST),js/redundant-assignment,Medium,web/skins/classic/assets/bootstrap-table-1.27.1/locale/bootstrap-table-lb-LU.js,Requiere parche o revisión manual,This expression assigns property set to itself.
zoneminder,Código Fuente (SAST),js/redundant-assignment,Medium,web/skins/classic/assets/bootstrap-table-1.27.1/locale/bootstrap-table-lt-LT.js,Requiere parche o revisión manual,This expression assigns property get to itself.
zoneminder,Código Fuente (SAST),js/redundant-assignment,Medium,web/skins/classic/assets/bootstrap-table-1.27.1/locale/bootstrap-table-lt-LT.js,Requiere parche o revisión manual,This expression assigns property set to itself.
zoneminder,Código Fuente (SAST),js/redundant-assignment,Medium,web/skins/classic/assets/bootstrap-table-1.27.1/locale/bootstrap-table-ms-MY.js,Requiere parche o revisión manual,This expression assigns property get to itself.
zoneminder,Código Fuente (SAST),js/redundant-assignment,Medium,web/skins/classic/assets/bootstrap-table-1.27.1/locale/bootstrap-table-ms-MY.js,Requiere parche o revisión manual,This expression assigns property set to itself.
zoneminder,Código Fuente (SAST),js/redundant-assignment,Medium,web/skins/classic/assets/bootstrap-table-1.27.1/locale/bootstrap-table-nb-NO.js,Requiere parche o revisión manual,This expression assigns property get to itself.
zoneminder,Código Fuente (SAST),js/redundant-assignment,Medium,web/skins/classic/assets/bootstrap-table-1.27.1/locale/bootstrap-table-nb-NO.js,Requiere parche o revisión manual,This expression assigns property set to itself.
zoneminder,Código Fuente (SAST),js/redundant-assignment,Medium,web/skins/classic/assets/bootstrap-table-1.27.1/locale/bootstrap-table-nl-BE.js,Requiere parche o revisión manual,This expression assigns property get to itself.
zoneminder,Código Fuente (SAST),js/redundant-assignment,Medium,web/skins/classic/assets/bootstrap-table-1.27.1/locale/bootstrap-table-nl-BE.js,Requiere parche o revisión manual,This expression assigns property set to itself.
zoneminder,Código Fuente (SAST),js/redundant-assignment,Medium,web/skins/classic/assets/bootstrap-table-1.27.1/locale/bootstrap-table-nl-NL.js,Requiere parche o revisión manual,This expression assigns property get to itself.
zoneminder,Código Fuente (SAST),js/redundant-assignment,Medium,web/skins/classic/assets/bootstrap-table-1.27.1/locale/bootstrap-table-nl-NL.js,Requiere parche o revisión manual,This expression assigns property set to itself.
zoneminder,Código Fuente (SAST),js/redundant-assignment,Medium,web/skins/classic/assets/bootstrap-table-1.27.1/locale/bootstrap-table-pl-PL.js,Requiere parche o revisión manual,This expression assigns property get to itself.
zoneminder,Código Fuente (SAST),js/redundant-assignment,Medium,web/skins/classic/assets/bootstrap-table-1.27.1/locale/bootstrap-table-pl-PL.js,Requiere parche o revisión manual,This expression assigns property set to itself.
zoneminder,Código Fuente (SAST),js/redundant-assignment,Medium,web/skins/classic/assets/bootstrap-table-1.27.1/locale/bootstrap-table-pt-BR.js,Requiere parche o revisión manual,This expression assigns property get to itself.
zoneminder,Código Fuente (SAST),js/redundant-assignment,Medium,web/skins/classic/assets/bootstrap-table-1.27.1/locale/bootstrap-table-pt-BR.js,Requiere parche o revisión manual,This expression assigns property set to itself.
zoneminder,Código Fuente (SAST),js/redundant-assignment,Medium,web/skins/classic/assets/bootstrap-table-1.27.1/locale/bootstrap-table-pt-PT.js,Requiere parche o revisión manual,This expression assigns property get to itself.
zoneminder,Código Fuente (SAST),js/redundant-assignment,Medium,web/skins/classic/assets/bootstrap-table-1.27.1/locale/bootstrap-table-pt-PT.js,Requiere parche o revisión manual,This expression assigns property set to itself.
zoneminder,Código Fuente (SAST),js/redundant-assignment,Medium,web/skins/classic/assets/bootstrap-table-1.27.1/locale/bootstrap-table-ro-RO.js,Requiere parche o revisión manual,This expression assigns property get to itself.
zoneminder,Código Fuente (SAST),js/redundant-assignment,Medium,web/skins/classic/assets/bootstrap-table-1.27.1/locale/bootstrap-table-ro-RO.js,Requiere parche o revisión manual,This expression assigns property set to itself.
zoneminder,Código Fuente (SAST),js/redundant-assignment,Medium,web/skins/classic/assets/bootstrap-table-1.27.1/locale/bootstrap-table-ru-RU.js,Requiere parche o revisión manual,This expression assigns property get to itself.
zoneminder,Código Fuente (SAST),js/redundant-assignment,Medium,web/skins/classic/assets/bootstrap-table-1.27.1/locale/bootstrap-table-ru-RU.js,Requiere parche o revisión manual,This expression assigns property set to itself.
zoneminder,Código Fuente (SAST),js/redundant-assignment,Medium,web/skins/classic/assets/bootstrap-table-1.27.1/locale/bootstrap-table-sk-SK.js,Requiere parche o revisión manual,This expression assigns property get to itself.
zoneminder,Código Fuente (SAST),js/redundant-assignment,Medium,web/skins/classic/assets/bootstrap-table-1.27.1/locale/bootstrap-table-sk-SK.js,Requiere parche o revisión manual,This expression assigns property set to itself.
zoneminder,Código Fuente (SAST),js/redundant-assignment,Medium,web/skins/classic/assets/bootstrap-table-1.27.1/locale/bootstrap-table-sl-SI.js,Requiere parche o revisión manual,This expression assigns property get to itself.
zoneminder,Código Fuente (SAST),js/redundant-assignment,Medium,web/skins/classic/assets/bootstrap-table-1.27.1/locale/bootstrap-table-sl-SI.js,Requiere parche o revisión manual,This expression assigns property set to itself.
zoneminder,Código Fuente (SAST),js/redundant-assignment,Medium,web/skins/classic/assets/bootstrap-table-1.27.1/locale/bootstrap-table-sr-Cyrl-RS.js,Requiere parche o revisión manual,This expression assigns property get to itself.
zoneminder,Código Fuente (SAST),js/redundant-assignment,Medium,web/skins/classic/assets/bootstrap-table-1.27.1/locale/bootstrap-table-sr-Cyrl-RS.js,Requiere parche o revisión manual,This expression assigns property set to itself.
zoneminder,Código Fuente (SAST),js/redundant-assignment,Medium,web/skins/classic/assets/bootstrap-table-1.27.1/locale/bootstrap-table-sr-Latn-RS.js,Requiere parche o revisión manual,This expression assigns property get to itself.
zoneminder,Código Fuente (SAST),js/redundant-assignment,Medium,web/skins/classic/assets/bootstrap-table-1.27.1/locale/bootstrap-table-sr-Latn-RS.js,Requiere parche o revisión manual,This expression assigns property set to itself.
zoneminder,Código Fuente (SAST),js/redundant-assignment,Medium,web/skins/classic/assets/bootstrap-table-1.27.1/locale/bootstrap-table-sv-SE.js,Requiere parche o revisión manual,This expression assigns property get to itself.
zoneminder,Código Fuente (SAST),js/redundant-assignment,Medium,web/skins/classic/assets/bootstrap-table-1.27.1/locale/bootstrap-table-sv-SE.js,Requiere parche o revisión manual,This expression assigns property set to itself.
zoneminder,Código Fuente (SAST),js/redundant-assignment,Medium,web/skins/classic/assets/bootstrap-table-1.27.1/locale/bootstrap-table-th-TH.js,Requiere parche o revisión manual,This expression assigns property get to itself.
zoneminder,Código Fuente (SAST),js/redundant-assignment,Medium,web/skins/classic/assets/bootstrap-table-1.27.1/locale/bootstrap-table-th-TH.js,Requiere parche o revisión manual,This expression assigns property set to itself.
zoneminder,Código Fuente (SAST),js/redundant-assignment,Medium,web/skins/classic/assets/bootstrap-table-1.27.1/locale/bootstrap-table-tr-TR.js,Requiere parche o revisión manual,This expression assigns property get to itself.
zoneminder,Código Fuente (SAST),js/redundant-assignment,Medium,web/skins/classic/assets/bootstrap-table-1.27.1/locale/bootstrap-table-tr-TR.js,Requiere parche o revisión manual,This expression assigns property set to itself.
zoneminder,Código Fuente (SAST),js/redundant-assignment,Medium,web/skins/classic/assets/bootstrap-table-1.27.1/locale/bootstrap-table-uk-UA.js,Requiere parche o revisión manual,This expression assigns property get to itself.
zoneminder,Código Fuente (SAST),js/redundant-assignment,Medium,web/skins/classic/assets/bootstrap-table-1.27.1/locale/bootstrap-table-uk-UA.js,Requiere parche o revisión manual,This expression assigns property set to itself.
zoneminder,Código Fuente (SAST),js/redundant-assignment,Medium,web/skins/classic/assets/bootstrap-table-1.27.1/locale/bootstrap-table-ur-PK.js,Requiere parche o revisión manual,This expression assigns property get to itself.
zoneminder,Código Fuente (SAST),js/redundant-assignment,Medium,web/skins/classic/assets/bootstrap-table-1.27.1/locale/bootstrap-table-ur-PK.js,Requiere parche o revisión manual,This expression assigns property set to itself.
zoneminder,Código Fuente (SAST),js/redundant-assignment,Medium,web/skins/classic/assets/bootstrap-table-1.27.1/locale/bootstrap-table-uz-Latn-UZ.js,Requiere parche o revisión manual,This expression assigns property get to itself.
zoneminder,Código Fuente (SAST),js/redundant-assignment,Medium,web/skins/classic/assets/bootstrap-table-1.27.1/locale/bootstrap-table-uz-Latn-UZ.js,Requiere parche o revisión manual,This expression assigns property set to itself.
zoneminder,Código Fuente (SAST),js/redundant-assignment,Medium,web/skins/classic/assets/bootstrap-table-1.27.1/locale/bootstrap-table-vi-VN.js,Requiere parche o revisión manual,This expression assigns property get to itself.
zoneminder,Código Fuente (SAST),js/redundant-assignment,Medium,web/skins/classic/assets/bootstrap-table-1.27.1/locale/bootstrap-table-vi-VN.js,Requiere parche o revisión manual,This expression assigns property set to itself.
zoneminder,Código Fuente (SAST),js/redundant-assignment,Medium,web/skins/classic/assets/bootstrap-table-1.27.1/locale/bootstrap-table-zh-CN.js,Requiere parche o revisión manual,This expression assigns property get to itself.
zoneminder,Código Fuente (SAST),js/redundant-assignment,Medium,web/skins/classic/assets/bootstrap-table-1.27.1/locale/bootstrap-table-zh-CN.js,Requiere parche o revisión manual,This expression assigns property set to itself.
zoneminder,Código Fuente (SAST),js/redundant-assignment,Medium,web/skins/classic/assets/bootstrap-table-1.27.1/locale/bootstrap-table-zh-TW.js,Requiere parche o revisión manual,This expression assigns property get to itself.
zoneminder,Código Fuente (SAST),js/redundant-assignment,Medium,web/skins/classic/assets/bootstrap-table-1.27.1/locale/bootstrap-table-zh-TW.js,Requiere parche o revisión manual,This expression assigns property set to itself.
zoneminder,Código Fuente (SAST),js/redundant-assignment,Medium,web/skins/classic/assets/bootstrap-table-1.27.1/themes/bootstrap-table/bootstrap-table.js,Requiere parche o revisión manual,This expression assigns property get to itself.
zoneminder,Código Fuente (SAST),js/redundant-assignment,Medium,web/skins/classic/assets/bootstrap-table-1.27.1/themes/bootstrap-table/bootstrap-table.js,Requiere parche o revisión manual,This expression assigns property set to itself.
zoneminder,Código Fuente (SAST),js/redundant-assignment,Medium,web/skins/classic/assets/bootstrap-table-1.27.1/themes/bulma/bootstrap-table-bulma.js,Requiere parche o revisión manual,This expression assigns property get to itself.
zoneminder,Código Fuente (SAST),js/redundant-assignment,Medium,web/skins/classic/assets/bootstrap-table-1.27.1/themes/bulma/bootstrap-table-bulma.js,Requiere parche o revisión manual,This expression assigns property set to itself.
zoneminder,Código Fuente (SAST),js/redundant-assignment,Medium,web/skins/classic/assets/bootstrap-table-1.27.1/themes/foundation/bootstrap-table-foundation.js,Requiere parche o revisión manual,This expression assigns property get to itself.
zoneminder,Código Fuente (SAST),js/redundant-assignment,Medium,web/skins/classic/assets/bootstrap-table-1.27.1/themes/foundation/bootstrap-table-foundation.js,Requiere parche o revisión manual,This expression assigns property set to itself.
zoneminder,Código Fuente (SAST),js/redundant-assignment,Medium,web/skins/classic/assets/bootstrap-table-1.27.1/themes/materialize/bootstrap-table-materialize.js,Requiere parche o revisión manual,This expression assigns property get to itself.
zoneminder,Código Fuente (SAST),js/redundant-assignment,Medium,web/skins/classic/assets/bootstrap-table-1.27.1/themes/materialize/bootstrap-table-materialize.js,Requiere parche o revisión manual,This expression assigns property set to itself.
zoneminder,Código Fuente (SAST),js/redundant-assignment,Medium,web/skins/classic/assets/bootstrap-table-1.27.1/themes/semantic/bootstrap-table-semantic.js,Requiere parche o revisión manual,This expression assigns property get to itself.
zoneminder,Código Fuente (SAST),js/redundant-assignment,Medium,web/skins/classic/assets/bootstrap-table-1.27.1/themes/semantic/bootstrap-table-semantic.js,Requiere parche o revisión manual,This expression assigns property set to itself.
zoneminder,Código Fuente (SAST),js/redundant-assignment,Medium,web/skins/classic/assets/pro-sidebar-template/dist_dev/main.js,Requiere parche o revisión manual,This expression assigns variable offsetParent to itself.
zoneminder,Código Fuente (SAST),js/redundant-assignment,Medium,web/skins/classic/views/js/event.js,Requiere parche o revisión manual,This expression assigns variable currentScale to itself.
zoneminder,Código Fuente (SAST),js/useless-expression,Medium,web/js/MonitorStream.js,Requiere parche o revisión manual,This expression has no effect.
zoneminder,Código Fuente (SAST),js/useless-expression,Medium,web/js/hls-1.6.13/hls-demo.js,Requiere parche o revisión manual,This expression has no effect.
zoneminder,Código Fuente (SAST),js/useless-expression,Medium,web/js/hls-1.6.13/hls-demo.js,Requiere parche o revisión manual,This expression has no effect.
zoneminder,Código Fuente (SAST),js/useless-expression,Medium,web/js/hls-1.6.13/hls-demo.js,Requiere parche o revisión manual,This expression has no effect.
zoneminder,Código Fuente (SAST),js/useless-expression,Medium,web/js/hls-1.6.13/hls-demo.js,Requiere parche o revisión manual,This expression has no effect.
zoneminder,Código Fuente (SAST),js/useless-expression,Medium,web/js/hls-1.6.13/hls-demo.js,Requiere parche o revisión manual,This expression has no effect.
zoneminder,Código Fuente (SAST),js/useless-expression,Medium,web/js/hls-1.6.13/hls-demo.js,Requiere parche o revisión manual,This expression has no effect.
zoneminder,Código Fuente (SAST),js/useless-expression,Medium,web/js/hls-1.6.13/hls-demo.js,Requiere parche o revisión manual,This expression has no effect.
zoneminder,Código Fuente (SAST),js/useless-expression,Medium,web/js/hls-1.6.13/hls-demo.js,Requiere parche o revisión manual,This expression has no effect.
zoneminder,Código Fuente (SAST),js/useless-expression,Medium,web/js/hls-1.6.13/hls-demo.js,Requiere parche o revisión manual,This expression has no effect.
zoneminder,Código Fuente (SAST),js/useless-expression,Medium,web/js/hls-1.6.13/hls-demo.js,Requiere parche o revisión manual,This expression has no effect.
zoneminder,Código Fuente (SAST),js/useless-expression,Medium,web/js/hls-1.6.13/hls-demo.js,Requiere parche o revisión manual,This expression has no effect.
zoneminder,Código Fuente (SAST),js/useless-expression,Medium,web/js/hls-1.6.13/hls-demo.js,Requiere parche o revisión manual,This expression has no effect.
zoneminder,Código Fuente (SAST),js/useless-expression,Medium,web/js/hls-1.6.13/hls-demo.js,Requiere parche o revisión manual,This expression has no effect.
zoneminder,Código Fuente (SAST),js/useless-expression,Medium,web/js/hls-1.6.13/hls-demo.js,Requiere parche o revisión manual,This expression has no effect.
zoneminder,Código Fuente (SAST),js/useless-expression,Medium,web/js/hls-1.6.13/hls-demo.js,Requiere parche o revisión manual,This expression has no effect.
zoneminder,Código Fuente (SAST),js/useless-expression,Medium,web/js/hls-1.6.13/hls.light.js,Requiere parche o revisión manual,This expression has no effect.
zoneminder,Código Fuente (SAST),js/useless-expression,Medium,web/js/hls-1.6.13/hls.light.js,Requiere parche o revisión manual,This expression has no effect.
zoneminder,Código Fuente (SAST),js/useless-expression,Medium,web/js/hls-1.6.13/hls.light.js,Requiere parche o revisión manual,This expression has no effect.
zoneminder,Código Fuente (SAST),js/useless-expression,Medium,web/skins/classic/assets/bootstrap-table-1.27.1/bootstrap-table-vue.js,Requiere parche o revisión manual,This expression has no effect.
zoneminder,Código Fuente (SAST),js/useless-expression,Medium,web/skins/classic/assets/bootstrap-table-1.27.1/bootstrap-table-vue.js,Requiere parche o revisión manual,This expression has no effect.
zoneminder,Código Fuente (SAST),js/useless-expression,Medium,web/skins/classic/assets/bootstrap-table-1.27.1/bootstrap-table-vue.js,Requiere parche o revisión manual,This expression has no effect.
zoneminder,Código Fuente (SAST),js/useless-expression,Medium,web/skins/classic/assets/bootstrap-table-1.27.1/bootstrap-table-vue.js,Requiere parche o revisión manual,This expression has no effect.
zoneminder,Código Fuente (SAST),js/useless-expression,Medium,web/skins/classic/assets/bootstrap-table-1.27.1/bootstrap-table-vue.js,Requiere parche o revisión manual,This expression has no effect.
zoneminder,Código Fuente (SAST),js/comparison-between-incompatible-types,Medium,web/skins/classic/assets/bootstrap-table-1.27.1/bootstrap-table.js,Requiere parche o revisión manual,"Variable 'value' cannot be of type undefined, but it is compared to ['undefined'](1) of type undefined."
zoneminder,Código Fuente (SAST),js/comparison-between-incompatible-types,Medium,web/skins/classic/assets/bootstrap-table-1.27.1/config/index.js,Requiere parche o revisión manual,"Variable 'value' cannot be of type undefined, but it is compared to ['undefined'](1) of type undefined."
zoneminder,Código Fuente (SAST),js/redundant-operation,Medium,web/js/MonitorStream.js,Requiere parche o revisión manual,Operands [(this.s ... efined)](1) and [(this.s ... efined)](2) are identical.
zoneminder,Código Fuente (SAST),js/property-access-on-non-object,Medium,web/js/hls-1.6.13/hls.js,Requiere parche o revisión manual,The base expression of this property access is always null.
zoneminder,Código Fuente (SAST),js/property-access-on-non-object,Medium,web/js/hls-1.6.13/hls.js,Requiere parche o revisión manual,The base expression of this property access is always null.
zoneminder,Código Fuente (SAST),js/property-access-on-non-object,Medium,web/js/hls-1.6.13/hls.light.js,Requiere parche o revisión manual,The base expression of this property access is always undefined.
zoneminder,Código Fuente (SAST),js/property-access-on-non-object,Medium,web/js/hls-1.6.13/hls.mjs,Requiere parche o revisión manual,The base expression of this property access is always null.
zoneminder,Código Fuente (SAST),js/property-access-on-non-object,Medium,web/js/hls-1.6.13/hls.mjs,Requiere parche o revisión manual,The base expression of this property access is always null.
zoneminder,Código Fuente (SAST),js/property-access-on-non-object,Medium,web/skins/classic/assets/bootstrap-table-1.27.1/bootstrap-table-vue.js,Requiere parche o revisión manual,The base expression of this property access is always undefined.
zoneminder,Código Fuente (SAST),js/unneeded-defensive-code,Medium,web/js/hls-1.6.13/hls.js,Requiere parche o revisión manual,This guard always evaluates to true.
zoneminder,Código Fuente (SAST),js/unneeded-defensive-code,Medium,web/js/hls-1.6.13/hls.js,Requiere parche o revisión manual,This guard always evaluates to true.
zoneminder,Código Fuente (SAST),js/unneeded-defensive-code,Medium,web/js/hls-1.6.13/hls.js,Requiere parche o revisión manual,This guard always evaluates to false.
zoneminder,Código Fuente (SAST),js/unneeded-defensive-code,Medium,web/js/hls-1.6.13/hls.js,Requiere parche o revisión manual,This guard always evaluates to true.
zoneminder,Código Fuente (SAST),js/unneeded-defensive-code,Medium,web/js/hls-1.6.13/hls.js,Requiere parche o revisión manual,This guard always evaluates to false.
zoneminder,Código Fuente (SAST),js/unneeded-defensive-code,Medium,web/js/hls-1.6.13/hls.js,Requiere parche o revisión manual,This guard always evaluates to false.
zoneminder,Código Fuente (SAST),js/unneeded-defensive-code,Medium,web/js/hls-1.6.13/hls.js,Requiere parche o revisión manual,This guard always evaluates to false.
zoneminder,Código Fuente (SAST),js/unneeded-defensive-code,Medium,web/js/hls-1.6.13/hls.js,Requiere parche o revisión manual,This guard always evaluates to false.
zoneminder,Código Fuente (SAST),js/unneeded-defensive-code,Medium,web/js/hls-1.6.13/hls.js,Requiere parche o revisión manual,This guard always evaluates to false.
zoneminder,Código Fuente (SAST),js/unneeded-defensive-code,Medium,web/js/hls-1.6.13/hls.js,Requiere parche o revisión manual,This guard always evaluates to false.
zoneminder,Código Fuente (SAST),js/unneeded-defensive-code,Medium,web/js/hls-1.6.13/hls.js,Requiere parche o revisión manual,This guard always evaluates to false.
zoneminder,Código Fuente (SAST),js/unneeded-defensive-code,Medium,web/js/hls-1.6.13/hls.js,Requiere parche o revisión manual,This guard always evaluates to false.
zoneminder,Código Fuente (SAST),js/unneeded-defensive-code,Medium,web/js/hls-1.6.13/hls.js,Requiere parche o revisión manual,This guard always evaluates to true.
zoneminder,Código Fuente (SAST),js/unneeded-defensive-code,Medium,web/js/hls-1.6.13/hls.light.js,Requiere parche o revisión manual,This guard always evaluates to true.
zoneminder,Código Fuente (SAST),js/unneeded-defensive-code,Medium,web/js/hls-1.6.13/hls.light.js,Requiere parche o revisión manual,This guard always evaluates to false.
zoneminder,Código Fuente (SAST),js/unneeded-defensive-code,Medium,web/js/hls-1.6.13/hls.light.js,Requiere parche o revisión manual,This guard always evaluates to true.
zoneminder,Código Fuente (SAST),js/unneeded-defensive-code,Medium,web/js/hls-1.6.13/hls.light.mjs,Requiere parche o revisión manual,This guard always evaluates to true.
zoneminder,Código Fuente (SAST),js/unneeded-defensive-code,Medium,web/js/hls-1.6.13/hls.light.mjs,Requiere parche o revisión manual,This guard always evaluates to false.
zoneminder,Código Fuente (SAST),js/unneeded-defensive-code,Medium,web/js/hls-1.6.13/hls.mjs,Requiere parche o revisión manual,This guard always evaluates to true.
zoneminder,Código Fuente (SAST),js/unneeded-defensive-code,Medium,web/js/hls-1.6.13/hls.mjs,Requiere parche o revisión manual,This guard always evaluates to false.
zoneminder,Código Fuente (SAST),js/unneeded-defensive-code,Medium,web/js/hls-1.6.13/hls.mjs,Requiere parche o revisión manual,This guard always evaluates to true.
zoneminder,Código Fuente (SAST),js/unneeded-defensive-code,Medium,web/js/hls-1.6.13/hls.mjs,Requiere parche o revisión manual,This guard always evaluates to false.
zoneminder,Código Fuente (SAST),js/unneeded-defensive-code,Medium,web/js/hls-1.6.13/hls.mjs,Requiere parche o revisión manual,This guard always evaluates to false.
zoneminder,Código Fuente (SAST),js/unneeded-defensive-code,Medium,web/js/hls-1.6.13/hls.mjs,Requiere parche o revisión manual,This guard always evaluates to false.
zoneminder,Código Fuente (SAST),js/unneeded-defensive-code,Medium,web/js/hls-1.6.13/hls.mjs,Requiere parche o revisión manual,This guard always evaluates to true.
zoneminder,Código Fuente (SAST),js/unneeded-defensive-code,Medium,web/skins/classic/assets/bootstrap-table-1.27.1/bootstrap-table-vue.js,Requiere parche o revisión manual,This guard always evaluates to false.
zoneminder,Código Fuente (SAST),js/unneeded-defensive-code,Medium,web/skins/classic/assets/bootstrap-table-1.27.1/bootstrap-table-vue.js,Requiere parche o revisión manual,This guard always evaluates to false.
zoneminder,Código Fuente (SAST),js/unneeded-defensive-code,Medium,web/skins/classic/assets/bootstrap-table-1.27.1/bootstrap-table-vue.js,Requiere parche o revisión manual,This guard always evaluates to false.
zoneminder,Código Fuente (SAST),js/useless-comparison-test,Medium,web/js/hls-1.6.13/hls.js,Requiere parche o revisión manual,The condition 'version > 0' is always false.
zoneminder,Código Fuente (SAST),js/useless-comparison-test,Medium,web/js/hls-1.6.13/hls.js,Requiere parche o revisión manual,The condition 'nextLoadLevel > 0' is always true.
zoneminder,Código Fuente (SAST),js/useless-comparison-test,Medium,web/js/hls-1.6.13/hls.js,Requiere parche o revisión manual,The condition 'sn === lastSn' is always false.
zoneminder,Código Fuente (SAST),js/useless-comparison-test,Medium,web/js/hls-1.6.13/hls.light.js,Requiere parche o revisión manual,The condition 'nextLoadLevel > 0' is always true.
zoneminder,Código Fuente (SAST),js/useless-comparison-test,Medium,web/js/hls-1.6.13/hls.light.mjs,Requiere parche o revisión manual,The condition 'nextLoadLevel > 0' is always true.
zoneminder,Código Fuente (SAST),js/useless-comparison-test,Medium,web/js/hls-1.6.13/hls.mjs,Requiere parche o revisión manual,The condition 'version > 0' is always false.
zoneminder,Código Fuente (SAST),js/useless-comparison-test,Medium,web/js/hls-1.6.13/hls.mjs,Requiere parche o revisión manual,The condition 'nextLoadLevel > 0' is always true.
zoneminder,Código Fuente (SAST),js/useless-comparison-test,Medium,web/js/hls-1.6.13/hls.mjs,Requiere parche o revisión manual,The condition 'sn === lastSn' is always false.
zoneminder,Código Fuente (SAST),js/loop-iteration-skipped-due-to-shifting,Medium,web/skins/classic/js/jquery-ui-1.13.2/jquery-ui.js,Requiere parche o revisión manual,Removing an array item without adjusting the loop index 'i' causes the subsequent array item to be skipped.
zoneminder,Código Fuente (SAST),js/unreachable-statement,Medium,web/js/MonitorStream.js,Requiere parche o revisión manual,This statement is unreachable.
zoneminder,Código Fuente (SAST),js/unreachable-statement,Medium,web/skins/classic/js/chosen/chosen.jquery.js,Requiere parche o revisión manual,This statement is unreachable.
zoneminder,Código Fuente (SAST),js/unreachable-statement,Medium,web/skins/classic/js/skin.js,Requiere parche o revisión manual,This statement is unreachable.
zoneminder,Código Fuente (SAST),js/unreachable-statement,Medium,web/skins/classic/views/js/event.js,Requiere parche o revisión manual,This statement is unreachable.
zoneminder,Código Fuente (SAST),js/unreachable-statement,Medium,web/skins/classic/views/js/montagereview.js,Requiere parche o revisión manual,This statement is unreachable.
zoneminder,Código Fuente (SAST),js/unreachable-statement,Medium,web/skins/classic/views/js/watch.js,Requiere parche o revisión manual,This statement is unreachable.
zoneminder,Código Fuente (SAST),js/trivial-conditional,Medium,web/js/hls-1.6.13/hls-demo.js,Requiere parche o revisión manual,This negation always evaluates to true.
zoneminder,Código Fuente (SAST),js/trivial-conditional,Medium,web/js/hls-1.6.13/hls-demo.js,Requiere parche o revisión manual,This negation always evaluates to true.
zoneminder,Código Fuente (SAST),js/trivial-conditional,Medium,web/js/hls-1.6.13/hls-demo.js,Requiere parche o revisión manual,This negation always evaluates to true.
zoneminder,Código Fuente (SAST),js/trivial-conditional,Medium,web/js/hls-1.6.13/hls-demo.js,Requiere parche o revisión manual,This use of variable 'dataset' always evaluates to true.
zoneminder,Código Fuente (SAST),js/trivial-conditional,Medium,web/js/hls-1.6.13/hls.js,Requiere parche o revisión manual,This use of variable 'media' always evaluates to true.
zoneminder,Código Fuente (SAST),js/trivial-conditional,Medium,web/js/hls-1.6.13/hls.js,Requiere parche o revisión manual,This use of variable 'url' always evaluates to false.
zoneminder,Código Fuente (SAST),js/trivial-conditional,Medium,web/js/hls-1.6.13/hls.js,Requiere parche o revisión manual,This use of variable 'frame' always evaluates to true.
zoneminder,Código Fuente (SAST),js/trivial-conditional,Medium,web/js/hls-1.6.13/hls.js,Requiere parche o revisión manual,This use of variable 'codecEvents' always evaluates to true.
zoneminder,Código Fuente (SAST),js/trivial-conditional,Medium,web/js/hls-1.6.13/hls.js,Requiere parche o revisión manual,This use of variable 'mainDetails' always evaluates to true.
zoneminder,Código Fuente (SAST),js/trivial-conditional,Medium,web/js/hls-1.6.13/hls.js,Requiere parche o revisión manual,This use of variable 'track' always evaluates to true.
zoneminder,Código Fuente (SAST),js/trivial-conditional,Medium,web/js/hls-1.6.13/hls.js,Requiere parche o revisión manual,This expression always evaluates to true.
zoneminder,Código Fuente (SAST),js/trivial-conditional,Medium,web/js/hls-1.6.13/hls.js,Requiere parche o revisión manual,This use of variable 'cue' always evaluates to true.
zoneminder,Código Fuente (SAST),js/trivial-conditional,Medium,web/js/hls-1.6.13/hls.js,Requiere parche o revisión manual,This use of variable '_cue2' always evaluates to true.
zoneminder,Código Fuente (SAST),js/trivial-conditional,Medium,web/js/hls-1.6.13/hls.light.js,Requiere parche o revisión manual,This use of variable 'media' always evaluates to true.
zoneminder,Código Fuente (SAST),js/trivial-conditional,Medium,web/js/hls-1.6.13/hls.light.js,Requiere parche o revisión manual,This use of variable 'codecEvents' always evaluates to true.
zoneminder,Código Fuente (SAST),js/trivial-conditional,Medium,web/js/hls-1.6.13/hls.light.js,Requiere parche o revisión manual,This use of variable 'frame' always evaluates to true.
zoneminder,Código Fuente (SAST),js/trivial-conditional,Medium,web/js/hls-1.6.13/hls.light.js,Requiere parche o revisión manual,This use of variable 'url' always evaluates to false.
zoneminder,Código Fuente (SAST),js/trivial-conditional,Medium,web/js/hls-1.6.13/hls.light.js,Requiere parche o revisión manual,This use of variable 'cue' always evaluates to true.
zoneminder,Código Fuente (SAST),js/trivial-conditional,Medium,web/js/hls-1.6.13/hls.light.js,Requiere parche o revisión manual,This use of variable '_cue2' always evaluates to true.
zoneminder,Código Fuente (SAST),js/trivial-conditional,Medium,web/js/hls-1.6.13/hls.light.mjs,Requiere parche o revisión manual,This use of variable 'codecEvents' always evaluates to true.
zoneminder,Código Fuente (SAST),js/trivial-conditional,Medium,web/js/hls-1.6.13/hls.mjs,Requiere parche o revisión manual,This use of variable 'codecEvents' always evaluates to true.
zoneminder,Código Fuente (SAST),js/trivial-conditional,Medium,web/js/hls-1.6.13/hls.mjs,Requiere parche o revisión manual,This expression always evaluates to true.
zoneminder,Código Fuente (SAST),js/trivial-conditional,Medium,web/js/logger.js,Requiere parche o revisión manual,This use of property 'callee' always evaluates to true.
zoneminder,Código Fuente (SAST),js/trivial-conditional,Medium,web/skins/classic/assets/bootstrap-table-1.27.1/bootstrap-table-locale-all.js,Requiere parche o revisión manual,This use of variable 'IS_PURE' always evaluates to false.
zoneminder,Código Fuente (SAST),js/trivial-conditional,Medium,web/skins/classic/assets/bootstrap-table-1.27.1/bootstrap-table-locale-all.js,Requiere parche o revisión manual,This use of variable 'DESCRIPTORS' always evaluates to true.
zoneminder,Código Fuente (SAST),js/trivial-conditional,Medium,web/skins/classic/assets/bootstrap-table-1.27.1/bootstrap-table-vue.js,Requiere parche o revisión manual,This expression always evaluates to false.
zoneminder,Código Fuente (SAST),js/trivial-conditional,Medium,web/skins/classic/assets/bootstrap-table-1.27.1/bootstrap-table-vue.js,Requiere parche o revisión manual,This call to xe always evaluates to false.
zoneminder,Código Fuente (SAST),js/trivial-conditional,Medium,web/skins/classic/assets/bootstrap-table-1.27.1/bootstrap-table-vue.js,Requiere parche o revisión manual,This expression always evaluates to false.
zoneminder,Código Fuente (SAST),js/trivial-conditional,Medium,web/skins/classic/assets/bootstrap-table-1.27.1/bootstrap-table-vue.js,Requiere parche o revisión manual,This expression always evaluates to false.
zoneminder,Código Fuente (SAST),js/trivial-conditional,Medium,web/skins/classic/assets/bootstrap-table-1.27.1/bootstrap-table.js,Requiere parche o revisión manual,This use of variable 'IS_PURE' always evaluates to false.
zoneminder,Código Fuente (SAST),js/trivial-conditional,Medium,web/skins/classic/assets/bootstrap-table-1.27.1/bootstrap-table.js,Requiere parche o revisión manual,This use of variable 'DESCRIPTORS' always evaluates to true.
zoneminder,Código Fuente (SAST),js/trivial-conditional,Medium,web/skins/classic/assets/bootstrap-table-1.27.1/bootstrap-table.js,Requiere parche o revisión manual,This use of variable 'IS_PURE' always evaluates to false.
zoneminder,Código Fuente (SAST),js/trivial-conditional,Medium,web/skins/classic/assets/bootstrap-table-1.27.1/config/index.js,Requiere parche o revisión manual,This use of variable 'IS_PURE' always evaluates to false.
zoneminder,Código Fuente (SAST),js/trivial-conditional,Medium,web/skins/classic/assets/bootstrap-table-1.27.1/config/index.js,Requiere parche o revisión manual,This use of variable 'DESCRIPTORS' always evaluates to true.
zoneminder,Código Fuente (SAST),js/trivial-conditional,Medium,web/skins/classic/assets/bootstrap-table-1.27.1/config/index.js,Requiere parche o revisión manual,This use of variable 'IS_PURE' always evaluates to false.
zoneminder,Código Fuente (SAST),js/trivial-conditional,Medium,web/skins/classic/assets/bootstrap-table-1.27.1/extensions/addrbar/bootstrap-table-addrbar.js,Requiere parche o revisión manual,This use of variable 'IS_PURE' always evaluates to false.
zoneminder,Código Fuente (SAST),js/trivial-conditional,Medium,web/skins/classic/assets/bootstrap-table-1.27.1/extensions/addrbar/bootstrap-table-addrbar.js,Requiere parche o revisión manual,This use of variable 'DESCRIPTORS' always evaluates to true.
zoneminder,Código Fuente (SAST),js/trivial-conditional,Medium,web/skins/classic/assets/bootstrap-table-1.27.1/extensions/addrbar/bootstrap-table-addrbar.js,Requiere parche o revisión manual,This use of variable 'IS_PURE' always evaluates to false.
zoneminder,Código Fuente (SAST),js/trivial-conditional,Medium,web/skins/classic/assets/bootstrap-table-1.27.1/extensions/auto-refresh/bootstrap-table-auto-refresh.js,Requiere parche o revisión manual,This use of variable 'IS_PURE' always evaluates to false.
zoneminder,Código Fuente (SAST),js/trivial-conditional,Medium,web/skins/classic/assets/bootstrap-table-1.27.1/extensions/auto-refresh/bootstrap-table-auto-refresh.js,Requiere parche o revisión manual,This use of variable 'DESCRIPTORS' always evaluates to true.
zoneminder,Código Fuente (SAST),js/trivial-conditional,Medium,web/skins/classic/assets/bootstrap-table-1.27.1/extensions/cookie/bootstrap-table-cookie.js,Requiere parche o revisión manual,This use of variable 'IS_PURE' always evaluates to false.
zoneminder,Código Fuente (SAST),js/trivial-conditional,Medium,web/skins/classic/assets/bootstrap-table-1.27.1/extensions/cookie/bootstrap-table-cookie.js,Requiere parche o revisión manual,This use of variable 'DESCRIPTORS' always evaluates to true.
zoneminder,Código Fuente (SAST),js/trivial-conditional,Medium,web/skins/classic/assets/bootstrap-table-1.27.1/extensions/copy-rows/bootstrap-table-copy-rows.js,Requiere parche o revisión manual,This use of variable 'IS_PURE' always evaluates to false.
zoneminder,Código Fuente (SAST),js/trivial-conditional,Medium,web/skins/classic/assets/bootstrap-table-1.27.1/extensions/copy-rows/bootstrap-table-copy-rows.js,Requiere parche o revisión manual,This use of variable 'DESCRIPTORS' always evaluates to true.
zoneminder,Código Fuente (SAST),js/trivial-conditional,Medium,web/skins/classic/assets/bootstrap-table-1.27.1/extensions/custom-view/bootstrap-table-custom-view.js,Requiere parche o revisión manual,This use of variable 'IS_PURE' always evaluates to false.
zoneminder,Código Fuente (SAST),js/trivial-conditional,Medium,web/skins/classic/assets/bootstrap-table-1.27.1/extensions/custom-view/bootstrap-table-custom-view.js,Requiere parche o revisión manual,This use of variable 'DESCRIPTORS' always evaluates to true.
zoneminder,Código Fuente (SAST),js/trivial-conditional,Medium,web/skins/classic/assets/bootstrap-table-1.27.1/extensions/defer-url/bootstrap-table-defer-url.js,Requiere parche o revisión manual,This use of variable 'IS_PURE' always evaluates to false.
zoneminder,Código Fuente (SAST),js/trivial-conditional,Medium,web/skins/classic/assets/bootstrap-table-1.27.1/extensions/defer-url/bootstrap-table-defer-url.js,Requiere parche o revisión manual,This use of variable 'DESCRIPTORS' always evaluates to true.
zoneminder,Código Fuente (SAST),js/trivial-conditional,Medium,web/skins/classic/assets/bootstrap-table-1.27.1/extensions/editable/bootstrap-table-editable.js,Requiere parche o revisión manual,This use of variable 'IS_PURE' always evaluates to false.
zoneminder,Código Fuente (SAST),js/trivial-conditional,Medium,web/skins/classic/assets/bootstrap-table-1.27.1/extensions/editable/bootstrap-table-editable.js,Requiere parche o revisión manual,This use of variable 'DESCRIPTORS' always evaluates to true.
zoneminder,Código Fuente (SAST),js/trivial-conditional,Medium,web/skins/classic/assets/bootstrap-table-1.27.1/extensions/export/bootstrap-table-export.js,Requiere parche o revisión manual,This use of variable 'IS_PURE' always evaluates to false.
zoneminder,Código Fuente (SAST),js/trivial-conditional,Medium,web/skins/classic/assets/bootstrap-table-1.27.1/extensions/export/bootstrap-table-export.js,Requiere parche o revisión manual,This use of variable 'DESCRIPTORS' always evaluates to true.
zoneminder,Código Fuente (SAST),js/trivial-conditional,Medium,web/skins/classic/assets/bootstrap-table-1.27.1/extensions/filter-control/bootstrap-table-filter-control.js,Requiere parche o revisión manual,This use of variable 'IS_PURE' always evaluates to false.
zoneminder,Código Fuente (SAST),js/trivial-conditional,Medium,web/skins/classic/assets/bootstrap-table-1.27.1/extensions/filter-control/bootstrap-table-filter-control.js,Requiere parche o revisión manual,This use of variable 'DESCRIPTORS' always evaluates to true.
zoneminder,Código Fuente (SAST),js/trivial-conditional,Medium,web/skins/classic/assets/bootstrap-table-1.27.1/extensions/filter-control/bootstrap-table-filter-control.js,Requiere parche o revisión manual,This use of variable 'IS_PURE' always evaluates to false.
zoneminder,Código Fuente (SAST),js/trivial-conditional,Medium,web/skins/classic/assets/bootstrap-table-1.27.1/extensions/filter-control/utils.js,Requiere parche o revisión manual,This use of variable 'IS_PURE' always evaluates to false.
zoneminder,Código Fuente (SAST),js/trivial-conditional,Medium,web/skins/classic/assets/bootstrap-table-1.27.1/extensions/filter-control/utils.js,Requiere parche o revisión manual,This use of variable 'DESCRIPTORS' always evaluates to true.
zoneminder,Código Fuente (SAST),js/trivial-conditional,Medium,web/skins/classic/assets/bootstrap-table-1.27.1/extensions/fixed-columns/bootstrap-table-fixed-columns.js,Requiere parche o revisión manual,This use of variable 'IS_PURE' always evaluates to false.
zoneminder,Código Fuente (SAST),js/trivial-conditional,Medium,web/skins/classic/assets/bootstrap-table-1.27.1/extensions/fixed-columns/bootstrap-table-fixed-columns.js,Requiere parche o revisión manual,This use of variable 'DESCRIPTORS' always evaluates to true.
zoneminder,Código Fuente (SAST),js/trivial-conditional,Medium,web/skins/classic/assets/bootstrap-table-1.27.1/extensions/group-by-v2/bootstrap-table-group-by.js,Requiere parche o revisión manual,This use of variable 'IS_PURE' always evaluates to false.
zoneminder,Código Fuente (SAST),js/trivial-conditional,Medium,web/skins/classic/assets/bootstrap-table-1.27.1/extensions/group-by-v2/bootstrap-table-group-by.js,Requiere parche o revisión manual,This use of variable 'DESCRIPTORS' always evaluates to true.
zoneminder,Código Fuente (SAST),js/trivial-conditional,Medium,web/skins/classic/assets/bootstrap-table-1.27.1/extensions/group-by-v2/bootstrap-table-group-by.js,Requiere parche o revisión manual,This use of variable 'IS_PURE' always evaluates to false.
zoneminder,Código Fuente (SAST),js/trivial-conditional,Medium,web/skins/classic/assets/bootstrap-table-1.27.1/extensions/i18n-enhance/bootstrap-table-i18n-enhance.js,Requiere parche o revisión manual,This use of variable 'IS_PURE' always evaluates to false.
zoneminder,Código Fuente (SAST),js/trivial-conditional,Medium,web/skins/classic/assets/bootstrap-table-1.27.1/extensions/i18n-enhance/bootstrap-table-i18n-enhance.js,Requiere parche o revisión manual,This use of variable 'DESCRIPTORS' always evaluates to true.
zoneminder,Código Fuente (SAST),js/trivial-conditional,Medium,web/skins/classic/assets/bootstrap-table-1.27.1/extensions/key-events/bootstrap-table-key-events.js,Requiere parche o revisión manual,This use of variable 'IS_PURE' always evaluates to false.
zoneminder,Código Fuente (SAST),js/trivial-conditional,Medium,web/skins/classic/assets/bootstrap-table-1.27.1/extensions/key-events/bootstrap-table-key-events.js,Requiere parche o revisión manual,This use of variable 'DESCRIPTORS' always evaluates to true.
zoneminder,Código Fuente (SAST),js/trivial-conditional,Medium,web/skins/classic/assets/bootstrap-table-1.27.1/extensions/mobile/bootstrap-table-mobile.js,Requiere parche o revisión manual,This use of variable 'IS_PURE' always evaluates to false.
zoneminder,Código Fuente (SAST),js/trivial-conditional,Medium,web/skins/classic/assets/bootstrap-table-1.27.1/extensions/mobile/bootstrap-table-mobile.js,Requiere parche o revisión manual,This use of variable 'DESCRIPTORS' always evaluates to true.
zoneminder,Código Fuente (SAST),js/trivial-conditional,Medium,web/skins/classic/assets/bootstrap-table-1.27.1/extensions/multiple-sort/bootstrap-table-multiple-sort.js,Requiere parche o revisión manual,This use of variable 'IS_PURE' always evaluates to false.
zoneminder,Código Fuente (SAST),js/trivial-conditional,Medium,web/skins/classic/assets/bootstrap-table-1.27.1/extensions/multiple-sort/bootstrap-table-multiple-sort.js,Requiere parche o revisión manual,This use of variable 'DESCRIPTORS' always evaluates to true.
zoneminder,Código Fuente (SAST),js/trivial-conditional,Medium,web/skins/classic/assets/bootstrap-table-1.27.1/extensions/page-jump-to/bootstrap-table-page-jump-to.js,Requiere parche o revisión manual,This use of variable 'IS_PURE' always evaluates to false.
zoneminder,Código Fuente (SAST),js/trivial-conditional,Medium,web/skins/classic/assets/bootstrap-table-1.27.1/extensions/page-jump-to/bootstrap-table-page-jump-to.js,Requiere parche o revisión manual,This use of variable 'DESCRIPTORS' always evaluates to true.
zoneminder,Código Fuente (SAST),js/trivial-conditional,Medium,web/skins/classic/assets/bootstrap-table-1.27.1/extensions/pipeline/bootstrap-table-pipeline.js,Requiere parche o revisión manual,This use of variable 'IS_PURE' always evaluates to false.
zoneminder,Código Fuente (SAST),js/trivial-conditional,Medium,web/skins/classic/assets/bootstrap-table-1.27.1/extensions/pipeline/bootstrap-table-pipeline.js,Requiere parche o revisión manual,This use of variable 'DESCRIPTORS' always evaluates to true.
zoneminder,Código Fuente (SAST),js/trivial-conditional,Medium,web/skins/classic/assets/bootstrap-table-1.27.1/extensions/print/bootstrap-table-print.js,Requiere parche o revisión manual,This use of variable 'IS_PURE' always evaluates to false.
zoneminder,Código Fuente (SAST),js/trivial-conditional,Medium,web/skins/classic/assets/bootstrap-table-1.27.1/extensions/print/bootstrap-table-print.js,Requiere parche o revisión manual,This use of variable 'DESCRIPTORS' always evaluates to true.
zoneminder,Código Fuente (SAST),js/trivial-conditional,Medium,web/skins/classic/assets/bootstrap-table-1.27.1/extensions/reorder-columns/bootstrap-table-reorder-columns.js,Requiere parche o revisión manual,This use of variable 'IS_PURE' always evaluates to false.
zoneminder,Código Fuente (SAST),js/trivial-conditional,Medium,web/skins/classic/assets/bootstrap-table-1.27.1/extensions/reorder-columns/bootstrap-table-reorder-columns.js,Requiere parche o revisión manual,This use of variable 'DESCRIPTORS' always evaluates to true.
zoneminder,Código Fuente (SAST),js/trivial-conditional,Medium,web/skins/classic/assets/bootstrap-table-1.27.1/extensions/reorder-rows/bootstrap-table-reorder-rows.js,Requiere parche o revisión manual,This use of variable 'IS_PURE' always evaluates to false.
zoneminder,Código Fuente (SAST),js/trivial-conditional,Medium,web/skins/classic/assets/bootstrap-table-1.27.1/extensions/reorder-rows/bootstrap-table-reorder-rows.js,Requiere parche o revisión manual,This use of variable 'DESCRIPTORS' always evaluates to true.
zoneminder,Código Fuente (SAST),js/trivial-conditional,Medium,web/skins/classic/assets/bootstrap-table-1.27.1/extensions/resizable/bootstrap-table-resizable.js,Requiere parche o revisión manual,This use of variable 'IS_PURE' always evaluates to false.
zoneminder,Código Fuente (SAST),js/trivial-conditional,Medium,web/skins/classic/assets/bootstrap-table-1.27.1/extensions/resizable/bootstrap-table-resizable.js,Requiere parche o revisión manual,This use of variable 'DESCRIPTORS' always evaluates to true.
zoneminder,Código Fuente (SAST),js/trivial-conditional,Medium,web/skins/classic/assets/bootstrap-table-1.27.1/extensions/sticky-header/bootstrap-table-sticky-header.js,Requiere parche o revisión manual,This use of variable 'IS_PURE' always evaluates to false.
zoneminder,Código Fuente (SAST),js/trivial-conditional,Medium,web/skins/classic/assets/bootstrap-table-1.27.1/extensions/sticky-header/bootstrap-table-sticky-header.js,Requiere parche o revisión manual,This use of variable 'DESCRIPTORS' always evaluates to true.
zoneminder,Código Fuente (SAST),js/trivial-conditional,Medium,web/skins/classic/assets/bootstrap-table-1.27.1/extensions/toolbar/bootstrap-table-toolbar.js,Requiere parche o revisión manual,This use of variable 'IS_PURE' always evaluates to false.
zoneminder,Código Fuente (SAST),js/trivial-conditional,Medium,web/skins/classic/assets/bootstrap-table-1.27.1/extensions/toolbar/bootstrap-table-toolbar.js,Requiere parche o revisión manual,This use of variable 'DESCRIPTORS' always evaluates to true.
zoneminder,Código Fuente (SAST),js/trivial-conditional,Medium,web/skins/classic/assets/bootstrap-table-1.27.1/extensions/treegrid/bootstrap-table-treegrid.js,Requiere parche o revisión manual,This use of variable 'IS_PURE' always evaluates to false.
zoneminder,Código Fuente (SAST),js/trivial-conditional,Medium,web/skins/classic/assets/bootstrap-table-1.27.1/extensions/treegrid/bootstrap-table-treegrid.js,Requiere parche o revisión manual,This use of variable 'DESCRIPTORS' always evaluates to true.
zoneminder,Código Fuente (SAST),js/trivial-conditional,Medium,web/skins/classic/assets/bootstrap-table-1.27.1/locale/bootstrap-table-af-ZA.js,Requiere parche o revisión manual,This use of variable 'IS_PURE' always evaluates to false.
zoneminder,Código Fuente (SAST),js/trivial-conditional,Medium,web/skins/classic/assets/bootstrap-table-1.27.1/locale/bootstrap-table-af-ZA.js,Requiere parche o revisión manual,This use of variable 'DESCRIPTORS' always evaluates to true.
zoneminder,Código Fuente (SAST),js/trivial-conditional,Medium,web/skins/classic/assets/bootstrap-table-1.27.1/locale/bootstrap-table-ar-SA.js,Requiere parche o revisión manual,This use of variable 'IS_PURE' always evaluates to false.
zoneminder,Código Fuente (SAST),js/trivial-conditional,Medium,web/skins/classic/assets/bootstrap-table-1.27.1/locale/bootstrap-table-ar-SA.js,Requiere parche o revisión manual,This use of variable 'DESCRIPTORS' always evaluates to true.
zoneminder,Código Fuente (SAST),js/trivial-conditional,Medium,web/skins/classic/assets/bootstrap-table-1.27.1/locale/bootstrap-table-bg-BG.js,Requiere parche o revisión manual,This use of variable 'IS_PURE' always evaluates to false.
zoneminder,Código Fuente (SAST),js/trivial-conditional,Medium,web/skins/classic/assets/bootstrap-table-1.27.1/locale/bootstrap-table-bg-BG.js,Requiere parche o revisión manual,This use of variable 'DESCRIPTORS' always evaluates to true.
zoneminder,Código Fuente (SAST),js/trivial-conditional,Medium,web/skins/classic/assets/bootstrap-table-1.27.1/locale/bootstrap-table-ca-ES.js,Requiere parche o revisión manual,This use of variable 'IS_PURE' always evaluates to false.
zoneminder,Código Fuente (SAST),js/trivial-conditional,Medium,web/skins/classic/assets/bootstrap-table-1.27.1/locale/bootstrap-table-ca-ES.js,Requiere parche o revisión manual,This use of variable 'DESCRIPTORS' always evaluates to true.
zoneminder,Código Fuente (SAST),js/trivial-conditional,Medium,web/skins/classic/assets/bootstrap-table-1.27.1/locale/bootstrap-table-cs-CZ.js,Requiere parche o revisión manual,This use of variable 'IS_PURE' always evaluates to false.
zoneminder,Código Fuente (SAST),js/trivial-conditional,Medium,web/skins/classic/assets/bootstrap-table-1.27.1/locale/bootstrap-table-cs-CZ.js,Requiere parche o revisión manual,This use of variable 'DESCRIPTORS' always evaluates to true.
zoneminder,Código Fuente (SAST),js/trivial-conditional,Medium,web/skins/classic/assets/bootstrap-table-1.27.1/locale/bootstrap-table-da-DK.js,Requiere parche o revisión manual,This use of variable 'IS_PURE' always evaluates to false.
zoneminder,Código Fuente (SAST),js/trivial-conditional,Medium,web/skins/classic/assets/bootstrap-table-1.27.1/locale/bootstrap-table-da-DK.js,Requiere parche o revisión manual,This use of variable 'DESCRIPTORS' always evaluates to true.
zoneminder,Código Fuente (SAST),js/trivial-conditional,Medium,web/skins/classic/assets/bootstrap-table-1.27.1/locale/bootstrap-table-de-DE.js,Requiere parche o revisión manual,This use of variable 'IS_PURE' always evaluates to false.
zoneminder,Código Fuente (SAST),js/trivial-conditional,Medium,web/skins/classic/assets/bootstrap-table-1.27.1/locale/bootstrap-table-de-DE.js,Requiere parche o revisión manual,This use of variable 'DESCRIPTORS' always evaluates to true.
zoneminder,Código Fuente (SAST),js/trivial-conditional,Medium,web/skins/classic/assets/bootstrap-table-1.27.1/locale/bootstrap-table-el-GR.js,Requiere parche o revisión manual,This use of variable 'IS_PURE' always evaluates to false.
zoneminder,Código Fuente (SAST),js/trivial-conditional,Medium,web/skins/classic/assets/bootstrap-table-1.27.1/locale/bootstrap-table-el-GR.js,Requiere parche o revisión manual,This use of variable 'DESCRIPTORS' always evaluates to true.
zoneminder,Código Fuente (SAST),js/trivial-conditional,Medium,web/skins/classic/assets/bootstrap-table-1.27.1/locale/bootstrap-table-en-US.js,Requiere parche o revisión manual,This use of variable 'IS_PURE' always evaluates to false.
zoneminder,Código Fuente (SAST),js/trivial-conditional,Medium,web/skins/classic/assets/bootstrap-table-1.27.1/locale/bootstrap-table-en-US.js,Requiere parche o revisión manual,This use of variable 'DESCRIPTORS' always evaluates to true.
zoneminder,Código Fuente (SAST),js/trivial-conditional,Medium,web/skins/classic/assets/bootstrap-table-1.27.1/locale/bootstrap-table-es-AR.js,Requiere parche o revisión manual,This use of variable 'IS_PURE' always evaluates to false.
zoneminder,Código Fuente (SAST),js/trivial-conditional,Medium,web/skins/classic/assets/bootstrap-table-1.27.1/locale/bootstrap-table-es-AR.js,Requiere parche o revisión manual,This use of variable 'DESCRIPTORS' always evaluates to true.
zoneminder,Código Fuente (SAST),js/trivial-conditional,Medium,web/skins/classic/assets/bootstrap-table-1.27.1/locale/bootstrap-table-es-CL.js,Requiere parche o revisión manual,This use of variable 'IS_PURE' always evaluates to false.
zoneminder,Código Fuente (SAST),js/trivial-conditional,Medium,web/skins/classic/assets/bootstrap-table-1.27.1/locale/bootstrap-table-es-CL.js,Requiere parche o revisión manual,This use of variable 'DESCRIPTORS' always evaluates to true.
zoneminder,Código Fuente (SAST),js/trivial-conditional,Medium,web/skins/classic/assets/bootstrap-table-1.27.1/locale/bootstrap-table-es-CR.js,Requiere parche o revisión manual,This use of variable 'IS_PURE' always evaluates to false.
zoneminder,Código Fuente (SAST),js/trivial-conditional,Medium,web/skins/classic/assets/bootstrap-table-1.27.1/locale/bootstrap-table-es-CR.js,Requiere parche o revisión manual,This use of variable 'DESCRIPTORS' always evaluates to true.
zoneminder,Código Fuente (SAST),js/trivial-conditional,Medium,web/skins/classic/assets/bootstrap-table-1.27.1/locale/bootstrap-table-es-ES.js,Requiere parche o revisión manual,This use of variable 'IS_PURE' always evaluates to false.
zoneminder,Código Fuente (SAST),js/trivial-conditional,Medium,web/skins/classic/assets/bootstrap-table-1.27.1/locale/bootstrap-table-es-ES.js,Requiere parche o revisión manual,This use of variable 'DESCRIPTORS' always evaluates to true.
zoneminder,Código Fuente (SAST),js/trivial-conditional,Medium,web/skins/classic/assets/bootstrap-table-1.27.1/locale/bootstrap-table-es-MX.js,Requiere parche o revisión manual,This use of variable 'IS_PURE' always evaluates to false.
zoneminder,Código Fuente (SAST),js/trivial-conditional,Medium,web/skins/classic/assets/bootstrap-table-1.27.1/locale/bootstrap-table-es-MX.js,Requiere parche o revisión manual,This use of variable 'DESCRIPTORS' always evaluates to true.
zoneminder,Código Fuente (SAST),js/trivial-conditional,Medium,web/skins/classic/assets/bootstrap-table-1.27.1/locale/bootstrap-table-es-NI.js,Requiere parche o revisión manual,This use of variable 'IS_PURE' always evaluates to false.
zoneminder,Código Fuente (SAST),js/trivial-conditional,Medium,web/skins/classic/assets/bootstrap-table-1.27.1/locale/bootstrap-table-es-NI.js,Requiere parche o revisión manual,This use of variable 'DESCRIPTORS' always evaluates to true.
zoneminder,Código Fuente (SAST),js/trivial-conditional,Medium,web/skins/classic/assets/bootstrap-table-1.27.1/locale/bootstrap-table-es-SP.js,Requiere parche o revisión manual,This use of variable 'IS_PURE' always evaluates to false.
zoneminder,Código Fuente (SAST),js/trivial-conditional,Medium,web/skins/classic/assets/bootstrap-table-1.27.1/locale/bootstrap-table-es-SP.js,Requiere parche o revisión manual,This use of variable 'DESCRIPTORS' always evaluates to true.
zoneminder,Código Fuente (SAST),js/trivial-conditional,Medium,web/skins/classic/assets/bootstrap-table-1.27.1/locale/bootstrap-table-et-EE.js,Requiere parche o revisión manual,This use of variable 'IS_PURE' always evaluates to false.
zoneminder,Código Fuente (SAST),js/trivial-conditional,Medium,web/skins/classic/assets/bootstrap-table-1.27.1/locale/bootstrap-table-et-EE.js,Requiere parche o revisión manual,This use of variable 'DESCRIPTORS' always evaluates to true.
zoneminder,Código Fuente (SAST),js/trivial-conditional,Medium,web/skins/classic/assets/bootstrap-table-1.27.1/locale/bootstrap-table-eu-EU.js,Requiere parche o revisión manual,This use of variable 'IS_PURE' always evaluates to false.
zoneminder,Código Fuente (SAST),js/trivial-conditional,Medium,web/skins/classic/assets/bootstrap-table-1.27.1/locale/bootstrap-table-eu-EU.js,Requiere parche o revisión manual,This use of variable 'DESCRIPTORS' always evaluates to true.
zoneminder,Código Fuente (SAST),js/trivial-conditional,Medium,web/skins/classic/assets/bootstrap-table-1.27.1/locale/bootstrap-table-fa-IR.js,Requiere parche o revisión manual,This use of variable 'IS_PURE' always evaluates to false.
zoneminder,Código Fuente (SAST),js/trivial-conditional,Medium,web/skins/classic/assets/bootstrap-table-1.27.1/locale/bootstrap-table-fa-IR.js,Requiere parche o revisión manual,This use of variable 'DESCRIPTORS' always evaluates to true.
zoneminder,Código Fuente (SAST),js/trivial-conditional,Medium,web/skins/classic/assets/bootstrap-table-1.27.1/locale/bootstrap-table-fi-FI.js,Requiere parche o revisión manual,This use of variable 'IS_PURE' always evaluates to false.
zoneminder,Código Fuente (SAST),js/trivial-conditional,Medium,web/skins/classic/assets/bootstrap-table-1.27.1/locale/bootstrap-table-fi-FI.js,Requiere parche o revisión manual,This use of variable 'DESCRIPTORS' always evaluates to true.
zoneminder,Código Fuente (SAST),js/trivial-conditional,Medium,web/skins/classic/assets/bootstrap-table-1.27.1/locale/bootstrap-table-fr-BE.js,Requiere parche o revisión manual,This use of variable 'IS_PURE' always evaluates to false.
zoneminder,Código Fuente (SAST),js/trivial-conditional,Medium,web/skins/classic/assets/bootstrap-table-1.27.1/locale/bootstrap-table-fr-BE.js,Requiere parche o revisión manual,This use of variable 'DESCRIPTORS' always evaluates to true.
zoneminder,Código Fuente (SAST),js/trivial-conditional,Medium,web/skins/classic/assets/bootstrap-table-1.27.1/locale/bootstrap-table-fr-CH.js,Requiere parche o revisión manual,This use of variable 'IS_PURE' always evaluates to false.
zoneminder,Código Fuente (SAST),js/trivial-conditional,Medium,web/skins/classic/assets/bootstrap-table-1.27.1/locale/bootstrap-table-fr-CH.js,Requiere parche o revisión manual,This use of variable 'DESCRIPTORS' always evaluates to true.
zoneminder,Código Fuente (SAST),js/trivial-conditional,Medium,web/skins/classic/assets/bootstrap-table-1.27.1/locale/bootstrap-table-fr-FR.js,Requiere parche o revisión manual,This use of variable 'IS_PURE' always evaluates to false.
zoneminder,Código Fuente (SAST),js/trivial-conditional,Medium,web/skins/classic/assets/bootstrap-table-1.27.1/locale/bootstrap-table-fr-FR.js,Requiere parche o revisión manual,This use of variable 'DESCRIPTORS' always evaluates to true.
zoneminder,Código Fuente (SAST),js/trivial-conditional,Medium,web/skins/classic/assets/bootstrap-table-1.27.1/locale/bootstrap-table-fr-LU.js,Requiere parche o revisión manual,This use of variable 'IS_PURE' always evaluates to false.
zoneminder,Código Fuente (SAST),js/trivial-conditional,Medium,web/skins/classic/assets/bootstrap-table-1.27.1/locale/bootstrap-table-fr-LU.js,Requiere parche o revisión manual,This use of variable 'DESCRIPTORS' always evaluates to true.
zoneminder,Código Fuente (SAST),js/trivial-conditional,Medium,web/skins/classic/assets/bootstrap-table-1.27.1/locale/bootstrap-table-he-IL.js,Requiere parche o revisión manual,This use of variable 'IS_PURE' always evaluates to false.
zoneminder,Código Fuente (SAST),js/trivial-conditional,Medium,web/skins/classic/assets/bootstrap-table-1.27.1/locale/bootstrap-table-he-IL.js,Requiere parche o revisión manual,This use of variable 'DESCRIPTORS' always evaluates to true.
zoneminder,Código Fuente (SAST),js/trivial-conditional,Medium,web/skins/classic/assets/bootstrap-table-1.27.1/locale/bootstrap-table-hi-IN.js,Requiere parche o revisión manual,This use of variable 'IS_PURE' always evaluates to false.
zoneminder,Código Fuente (SAST),js/trivial-conditional,Medium,web/skins/classic/assets/bootstrap-table-1.27.1/locale/bootstrap-table-hi-IN.js,Requiere parche o revisión manual,This use of variable 'DESCRIPTORS' always evaluates to true.
zoneminder,Código Fuente (SAST),js/trivial-conditional,Medium,web/skins/classic/assets/bootstrap-table-1.27.1/locale/bootstrap-table-hr-HR.js,Requiere parche o revisión manual,This use of variable 'IS_PURE' always evaluates to false.
zoneminder,Código Fuente (SAST),js/trivial-conditional,Medium,web/skins/classic/assets/bootstrap-table-1.27.1/locale/bootstrap-table-hr-HR.js,Requiere parche o revisión manual,This use of variable 'DESCRIPTORS' always evaluates to true.
zoneminder,Código Fuente (SAST),js/trivial-conditional,Medium,web/skins/classic/assets/bootstrap-table-1.27.1/locale/bootstrap-table-hu-HU.js,Requiere parche o revisión manual,This use of variable 'IS_PURE' always evaluates to false.
zoneminder,Código Fuente (SAST),js/trivial-conditional,Medium,web/skins/classic/assets/bootstrap-table-1.27.1/locale/bootstrap-table-hu-HU.js,Requiere parche o revisión manual,This use of variable 'DESCRIPTORS' always evaluates to true.
zoneminder,Código Fuente (SAST),js/trivial-conditional,Medium,web/skins/classic/assets/bootstrap-table-1.27.1/locale/bootstrap-table-id-ID.js,Requiere parche o revisión manual,This use of variable 'IS_PURE' always evaluates to false.
zoneminder,Código Fuente (SAST),js/trivial-conditional,Medium,web/skins/classic/assets/bootstrap-table-1.27.1/locale/bootstrap-table-id-ID.js,Requiere parche o revisión manual,This use of variable 'DESCRIPTORS' always evaluates to true.
zoneminder,Código Fuente (SAST),js/trivial-conditional,Medium,web/skins/classic/assets/bootstrap-table-1.27.1/locale/bootstrap-table-it-IT.js,Requiere parche o revisión manual,This use of variable 'IS_PURE' always evaluates to false.
zoneminder,Código Fuente (SAST),js/trivial-conditional,Medium,web/skins/classic/assets/bootstrap-table-1.27.1/locale/bootstrap-table-it-IT.js,Requiere parche o revisión manual,This use of variable 'DESCRIPTORS' always evaluates to true.
zoneminder,Código Fuente (SAST),js/trivial-conditional,Medium,web/skins/classic/assets/bootstrap-table-1.27.1/locale/bootstrap-table-ja-JP.js,Requiere parche o revisión manual,This use of variable 'IS_PURE' always evaluates to false.
zoneminder,Código Fuente (SAST),js/trivial-conditional,Medium,web/skins/classic/assets/bootstrap-table-1.27.1/locale/bootstrap-table-ja-JP.js,Requiere parche o revisión manual,This use of variable 'DESCRIPTORS' always evaluates to true.
zoneminder,Código Fuente (SAST),js/trivial-conditional,Medium,web/skins/classic/assets/bootstrap-table-1.27.1/locale/bootstrap-table-ka-GE.js,Requiere parche o revisión manual,This use of variable 'IS_PURE' always evaluates to false.
zoneminder,Código Fuente (SAST),js/trivial-conditional,Medium,web/skins/classic/assets/bootstrap-table-1.27.1/locale/bootstrap-table-ka-GE.js,Requiere parche o revisión manual,This use of variable 'DESCRIPTORS' always evaluates to true.
zoneminder,Código Fuente (SAST),js/trivial-conditional,Medium,web/skins/classic/assets/bootstrap-table-1.27.1/locale/bootstrap-table-ko-KR.js,Requiere parche o revisión manual,This use of variable 'IS_PURE' always evaluates to false.
zoneminder,Código Fuente (SAST),js/trivial-conditional,Medium,web/skins/classic/assets/bootstrap-table-1.27.1/locale/bootstrap-table-ko-KR.js,Requiere parche o revisión manual,This use of variable 'DESCRIPTORS' always evaluates to true.
zoneminder,Código Fuente (SAST),js/trivial-conditional,Medium,web/skins/classic/assets/bootstrap-table-1.27.1/locale/bootstrap-table-lb-LU.js,Requiere parche o revisión manual,This use of variable 'IS_PURE' always evaluates to false.
zoneminder,Código Fuente (SAST),js/trivial-conditional,Medium,web/skins/classic/assets/bootstrap-table-1.27.1/locale/bootstrap-table-lb-LU.js,Requiere parche o revisión manual,This use of variable 'DESCRIPTORS' always evaluates to true.
zoneminder,Código Fuente (SAST),js/trivial-conditional,Medium,web/skins/classic/assets/bootstrap-table-1.27.1/locale/bootstrap-table-lt-LT.js,Requiere parche o revisión manual,This use of variable 'IS_PURE' always evaluates to false.
zoneminder,Código Fuente (SAST),js/trivial-conditional,Medium,web/skins/classic/assets/bootstrap-table-1.27.1/locale/bootstrap-table-lt-LT.js,Requiere parche o revisión manual,This use of variable 'DESCRIPTORS' always evaluates to true.
zoneminder,Código Fuente (SAST),js/trivial-conditional,Medium,web/skins/classic/assets/bootstrap-table-1.27.1/locale/bootstrap-table-ms-MY.js,Requiere parche o revisión manual,This use of variable 'IS_PURE' always evaluates to false.
zoneminder,Código Fuente (SAST),js/trivial-conditional,Medium,web/skins/classic/assets/bootstrap-table-1.27.1/locale/bootstrap-table-ms-MY.js,Requiere parche o revisión manual,This use of variable 'DESCRIPTORS' always evaluates to true.
zoneminder,Código Fuente (SAST),js/trivial-conditional,Medium,web/skins/classic/assets/bootstrap-table-1.27.1/locale/bootstrap-table-nb-NO.js,Requiere parche o revisión manual,This use of variable 'IS_PURE' always evaluates to false.
zoneminder,Código Fuente (SAST),js/trivial-conditional,Medium,web/skins/classic/assets/bootstrap-table-1.27.1/locale/bootstrap-table-nb-NO.js,Requiere parche o revisión manual,This use of variable 'DESCRIPTORS' always evaluates to true.
zoneminder,Código Fuente (SAST),js/trivial-conditional,Medium,web/skins/classic/assets/bootstrap-table-1.27.1/locale/bootstrap-table-nl-BE.js,Requiere parche o revisión manual,This use of variable 'IS_PURE' always evaluates to false.
zoneminder,Código Fuente (SAST),js/trivial-conditional,Medium,web/skins/classic/assets/bootstrap-table-1.27.1/locale/bootstrap-table-nl-BE.js,Requiere parche o revisión manual,This use of variable 'DESCRIPTORS' always evaluates to true.
zoneminder,Código Fuente (SAST),js/trivial-conditional,Medium,web/skins/classic/assets/bootstrap-table-1.27.1/locale/bootstrap-table-nl-NL.js,Requiere parche o revisión manual,This use of variable 'IS_PURE' always evaluates to false.
zoneminder,Código Fuente (SAST),js/trivial-conditional,Medium,web/skins/classic/assets/bootstrap-table-1.27.1/locale/bootstrap-table-nl-NL.js,Requiere parche o revisión manual,This use of variable 'DESCRIPTORS' always evaluates to true.
zoneminder,Código Fuente (SAST),js/trivial-conditional,Medium,web/skins/classic/assets/bootstrap-table-1.27.1/locale/bootstrap-table-pl-PL.js,Requiere parche o revisión manual,This use of variable 'IS_PURE' always evaluates to false.
zoneminder,Código Fuente (SAST),js/trivial-conditional,Medium,web/skins/classic/assets/bootstrap-table-1.27.1/locale/bootstrap-table-pl-PL.js,Requiere parche o revisión manual,This use of variable 'DESCRIPTORS' always evaluates to true.
zoneminder,Código Fuente (SAST),js/trivial-conditional,Medium,web/skins/classic/assets/bootstrap-table-1.27.1/locale/bootstrap-table-pt-BR.js,Requiere parche o revisión manual,This use of variable 'IS_PURE' always evaluates to false.
zoneminder,Código Fuente (SAST),js/trivial-conditional,Medium,web/skins/classic/assets/bootstrap-table-1.27.1/locale/bootstrap-table-pt-BR.js,Requiere parche o revisión manual,This use of variable 'DESCRIPTORS' always evaluates to true.
zoneminder,Código Fuente (SAST),js/trivial-conditional,Medium,web/skins/classic/assets/bootstrap-table-1.27.1/locale/bootstrap-table-pt-PT.js,Requiere parche o revisión manual,This use of variable 'IS_PURE' always evaluates to false.
zoneminder,Código Fuente (SAST),js/trivial-conditional,Medium,web/skins/classic/assets/bootstrap-table-1.27.1/locale/bootstrap-table-pt-PT.js,Requiere parche o revisión manual,This use of variable 'DESCRIPTORS' always evaluates to true.
zoneminder,Código Fuente (SAST),js/trivial-conditional,Medium,web/skins/classic/assets/bootstrap-table-1.27.1/locale/bootstrap-table-ro-RO.js,Requiere parche o revisión manual,This use of variable 'IS_PURE' always evaluates to false.
zoneminder,Código Fuente (SAST),js/trivial-conditional,Medium,web/skins/classic/assets/bootstrap-table-1.27.1/locale/bootstrap-table-ro-RO.js,Requiere parche o revisión manual,This use of variable 'DESCRIPTORS' always evaluates to true.
zoneminder,Código Fuente (SAST),js/trivial-conditional,Medium,web/skins/classic/assets/bootstrap-table-1.27.1/locale/bootstrap-table-ru-RU.js,Requiere parche o revisión manual,This use of variable 'IS_PURE' always evaluates to false.
zoneminder,Código Fuente (SAST),js/trivial-conditional,Medium,web/skins/classic/assets/bootstrap-table-1.27.1/locale/bootstrap-table-ru-RU.js,Requiere parche o revisión manual,This use of variable 'DESCRIPTORS' always evaluates to true.
zoneminder,Código Fuente (SAST),js/trivial-conditional,Medium,web/skins/classic/assets/bootstrap-table-1.27.1/locale/bootstrap-table-sk-SK.js,Requiere parche o revisión manual,This use of variable 'IS_PURE' always evaluates to false.
zoneminder,Código Fuente (SAST),js/trivial-conditional,Medium,web/skins/classic/assets/bootstrap-table-1.27.1/locale/bootstrap-table-sk-SK.js,Requiere parche o revisión manual,This use of variable 'DESCRIPTORS' always evaluates to true.
zoneminder,Código Fuente (SAST),js/trivial-conditional,Medium,web/skins/classic/assets/bootstrap-table-1.27.1/locale/bootstrap-table-sl-SI.js,Requiere parche o revisión manual,This use of variable 'IS_PURE' always evaluates to false.
zoneminder,Código Fuente (SAST),js/trivial-conditional,Medium,web/skins/classic/assets/bootstrap-table-1.27.1/locale/bootstrap-table-sl-SI.js,Requiere parche o revisión manual,This use of variable 'DESCRIPTORS' always evaluates to true.
zoneminder,Código Fuente (SAST),js/trivial-conditional,Medium,web/skins/classic/assets/bootstrap-table-1.27.1/locale/bootstrap-table-sr-Cyrl-RS.js,Requiere parche o revisión manual,This use of variable 'IS_PURE' always evaluates to false.
zoneminder,Código Fuente (SAST),js/trivial-conditional,Medium,web/skins/classic/assets/bootstrap-table-1.27.1/locale/bootstrap-table-sr-Cyrl-RS.js,Requiere parche o revisión manual,This use of variable 'DESCRIPTORS' always evaluates to true.
zoneminder,Código Fuente (SAST),js/trivial-conditional,Medium,web/skins/classic/assets/bootstrap-table-1.27.1/locale/bootstrap-table-sr-Latn-RS.js,Requiere parche o revisión manual,This use of variable 'IS_PURE' always evaluates to false.
zoneminder,Código Fuente (SAST),js/trivial-conditional,Medium,web/skins/classic/assets/bootstrap-table-1.27.1/locale/bootstrap-table-sr-Latn-RS.js,Requiere parche o revisión manual,This use of variable 'DESCRIPTORS' always evaluates to true.
zoneminder,Código Fuente (SAST),js/trivial-conditional,Medium,web/skins/classic/assets/bootstrap-table-1.27.1/locale/bootstrap-table-sv-SE.js,Requiere parche o revisión manual,This use of variable 'IS_PURE' always evaluates to false.
zoneminder,Código Fuente (SAST),js/trivial-conditional,Medium,web/skins/classic/assets/bootstrap-table-1.27.1/locale/bootstrap-table-sv-SE.js,Requiere parche o revisión manual,This use of variable 'DESCRIPTORS' always evaluates to true.
zoneminder,Código Fuente (SAST),js/trivial-conditional,Medium,web/skins/classic/assets/bootstrap-table-1.27.1/locale/bootstrap-table-th-TH.js,Requiere parche o revisión manual,This use of variable 'IS_PURE' always evaluates to false.
zoneminder,Código Fuente (SAST),js/trivial-conditional,Medium,web/skins/classic/assets/bootstrap-table-1.27.1/locale/bootstrap-table-th-TH.js,Requiere parche o revisión manual,This use of variable 'DESCRIPTORS' always evaluates to true.
zoneminder,Código Fuente (SAST),js/trivial-conditional,Medium,web/skins/classic/assets/bootstrap-table-1.27.1/locale/bootstrap-table-tr-TR.js,Requiere parche o revisión manual,This use of variable 'IS_PURE' always evaluates to false.
zoneminder,Código Fuente (SAST),js/trivial-conditional,Medium,web/skins/classic/assets/bootstrap-table-1.27.1/locale/bootstrap-table-tr-TR.js,Requiere parche o revisión manual,This use of variable 'DESCRIPTORS' always evaluates to true.
zoneminder,Código Fuente (SAST),js/trivial-conditional,Medium,web/skins/classic/assets/bootstrap-table-1.27.1/locale/bootstrap-table-uk-UA.js,Requiere parche o revisión manual,This use of variable 'IS_PURE' always evaluates to false.
zoneminder,Código Fuente (SAST),js/trivial-conditional,Medium,web/skins/classic/assets/bootstrap-table-1.27.1/locale/bootstrap-table-uk-UA.js,Requiere parche o revisión manual,This use of variable 'DESCRIPTORS' always evaluates to true.
zoneminder,Código Fuente (SAST),js/trivial-conditional,Medium,web/skins/classic/assets/bootstrap-table-1.27.1/locale/bootstrap-table-ur-PK.js,Requiere parche o revisión manual,This use of variable 'IS_PURE' always evaluates to false.
zoneminder,Código Fuente (SAST),js/trivial-conditional,Medium,web/skins/classic/assets/bootstrap-table-1.27.1/locale/bootstrap-table-ur-PK.js,Requiere parche o revisión manual,This use of variable 'DESCRIPTORS' always evaluates to true.
zoneminder,Código Fuente (SAST),js/trivial-conditional,Medium,web/skins/classic/assets/bootstrap-table-1.27.1/locale/bootstrap-table-uz-Latn-UZ.js,Requiere parche o revisión manual,This use of variable 'IS_PURE' always evaluates to false.
zoneminder,Código Fuente (SAST),js/trivial-conditional,Medium,web/skins/classic/assets/bootstrap-table-1.27.1/locale/bootstrap-table-uz-Latn-UZ.js,Requiere parche o revisión manual,This use of variable 'DESCRIPTORS' always evaluates to true.
zoneminder,Código Fuente (SAST),js/trivial-conditional,Medium,web/skins/classic/assets/bootstrap-table-1.27.1/locale/bootstrap-table-vi-VN.js,Requiere parche o revisión manual,This use of variable 'IS_PURE' always evaluates to false.
zoneminder,Código Fuente (SAST),js/trivial-conditional,Medium,web/skins/classic/assets/bootstrap-table-1.27.1/locale/bootstrap-table-vi-VN.js,Requiere parche o revisión manual,This use of variable 'DESCRIPTORS' always evaluates to true.
zoneminder,Código Fuente (SAST),js/trivial-conditional,Medium,web/skins/classic/assets/bootstrap-table-1.27.1/locale/bootstrap-table-zh-CN.js,Requiere parche o revisión manual,This use of variable 'IS_PURE' always evaluates to false.
zoneminder,Código Fuente (SAST),js/trivial-conditional,Medium,web/skins/classic/assets/bootstrap-table-1.27.1/locale/bootstrap-table-zh-CN.js,Requiere parche o revisión manual,This use of variable 'DESCRIPTORS' always evaluates to true.
zoneminder,Código Fuente (SAST),js/trivial-conditional,Medium,web/skins/classic/assets/bootstrap-table-1.27.1/locale/bootstrap-table-zh-TW.js,Requiere parche o revisión manual,This use of variable 'IS_PURE' always evaluates to false.
zoneminder,Código Fuente (SAST),js/trivial-conditional,Medium,web/skins/classic/assets/bootstrap-table-1.27.1/locale/bootstrap-table-zh-TW.js,Requiere parche o revisión manual,This use of variable 'DESCRIPTORS' always evaluates to true.
zoneminder,Código Fuente (SAST),js/trivial-conditional,Medium,web/skins/classic/assets/bootstrap-table-1.27.1/themes/bootstrap-table/bootstrap-table.js,Requiere parche o revisión manual,This use of variable 'IS_PURE' always evaluates to false.
zoneminder,Código Fuente (SAST),js/trivial-conditional,Medium,web/skins/classic/assets/bootstrap-table-1.27.1/themes/bootstrap-table/bootstrap-table.js,Requiere parche o revisión manual,This use of variable 'DESCRIPTORS' always evaluates to true.
zoneminder,Código Fuente (SAST),js/trivial-conditional,Medium,web/skins/classic/assets/bootstrap-table-1.27.1/themes/bulma/bootstrap-table-bulma.js,Requiere parche o revisión manual,This use of variable 'IS_PURE' always evaluates to false.
zoneminder,Código Fuente (SAST),js/trivial-conditional,Medium,web/skins/classic/assets/bootstrap-table-1.27.1/themes/bulma/bootstrap-table-bulma.js,Requiere parche o revisión manual,This use of variable 'DESCRIPTORS' always evaluates to true.
zoneminder,Código Fuente (SAST),js/trivial-conditional,Medium,web/skins/classic/assets/bootstrap-table-1.27.1/themes/foundation/bootstrap-table-foundation.js,Requiere parche o revisión manual,This use of variable 'IS_PURE' always evaluates to false.
zoneminder,Código Fuente (SAST),js/trivial-conditional,Medium,web/skins/classic/assets/bootstrap-table-1.27.1/themes/foundation/bootstrap-table-foundation.js,Requiere parche o revisión manual,This use of variable 'DESCRIPTORS' always evaluates to true.
zoneminder,Código Fuente (SAST),js/trivial-conditional,Medium,web/skins/classic/assets/bootstrap-table-1.27.1/themes/materialize/bootstrap-table-materialize.js,Requiere parche o revisión manual,This use of variable 'IS_PURE' always evaluates to false.
zoneminder,Código Fuente (SAST),js/trivial-conditional,Medium,web/skins/classic/assets/bootstrap-table-1.27.1/themes/materialize/bootstrap-table-materialize.js,Requiere parche o revisión manual,This use of variable 'DESCRIPTORS' always evaluates to true.
zoneminder,Código Fuente (SAST),js/trivial-conditional,Medium,web/skins/classic/assets/bootstrap-table-1.27.1/themes/semantic/bootstrap-table-semantic.js,Requiere parche o revisión manual,This use of variable 'IS_PURE' always evaluates to false.
zoneminder,Código Fuente (SAST),js/trivial-conditional,Medium,web/skins/classic/assets/bootstrap-table-1.27.1/themes/semantic/bootstrap-table-semantic.js,Requiere parche o revisión manual,This use of variable 'DESCRIPTORS' always evaluates to true.
zoneminder,Código Fuente (SAST),js/trivial-conditional,Medium,web/skins/classic/assets/gridstack-12.3.3/dist/gridstack.js,Requiere parche o revisión manual,This use of variable 'el' always evaluates to true.
zoneminder,Código Fuente (SAST),js/trivial-conditional,Medium,web/skins/classic/assets/gridstack-12.3.3/dist/src/gridstack.js,Requiere parche o revisión manual,This use of variable 'el' always evaluates to true.
zoneminder,Código Fuente (SAST),js/trivial-conditional,Medium,web/skins/classic/assets/pro-sidebar-template/dist_dev/main.js,Requiere parche o revisión manual,This negation always evaluates to true.
zoneminder,Código Fuente (SAST),js/trivial-conditional,Medium,web/skins/classic/assets/pro-sidebar-template/dist_dev/main.js,Requiere parche o revisión manual,This negation always evaluates to true.
zoneminder,Código Fuente (SAST),js/trivial-conditional,Medium,web/skins/classic/js/bootstrap-4.5.0.js,Requiere parche o revisión manual,This use of variable 'isActive' always evaluates to true.
zoneminder,Código Fuente (SAST),js/trivial-conditional,Medium,web/skins/classic/js/dateTimePicker/jquery-ui-timepicker-addon.js,Requiere parche o revisión manual,This use of variable 'dp_date' always evaluates to true.
zoneminder,Código Fuente (SAST),js/trivial-conditional,Medium,web/skins/classic/js/dateTimePicker/jquery-ui-timepicker-addon.js,Requiere parche o revisión manual,This use of variable 'dp_date' always evaluates to true.
zoneminder,Código Fuente (SAST),js/trivial-conditional,Medium,web/skins/classic/js/jquery-ui-1.13.2/external/jquery/jquery.js,Requiere parche o revisión manual,This logical 'and' expression can be replaced with a comma expression.
zoneminder,Código Fuente (SAST),js/trivial-conditional,Medium,web/skins/classic/js/jquery-ui-1.13.2/external/jquery/jquery.js,Requiere parche o revisión manual,This expression always evaluates to false.
zoneminder,Código Fuente (SAST),js/trivial-conditional,Medium,web/skins/classic/js/jquery-ui-1.13.2/external/jquery/jquery.js,Requiere parche o revisión manual,This expression always evaluates to false.
zoneminder,Código Fuente (SAST),js/trivial-conditional,Medium,web/skins/classic/js/jquery-ui-1.13.2/external/jquery/jquery.js,Requiere parche o revisión manual,This negation always evaluates to true.
zoneminder,Código Fuente (SAST),js/trivial-conditional,Medium,web/skins/classic/js/jquery-ui-1.13.2/jquery-ui.js,Requiere parche o revisión manual,This use of variable 'equalValues' always evaluates to true.
zoneminder,Código Fuente (SAST),js/trivial-conditional,Medium,web/skins/classic/js/jquery-ui-1.13.2/jquery-ui.js,Requiere parche o revisión manual,This use of variable 'date' always evaluates to true.
zoneminder,Código Fuente (SAST),js/trivial-conditional,Medium,web/skins/classic/js/jquery-ui-1.13.2/jquery-ui.js,Requiere parche o revisión manual,This use of variable 'sum' always evaluates to true.
zoneminder,Código Fuente (SAST),js/trivial-conditional,Medium,web/skins/classic/js/skin.js,Requiere parche o revisión manual,This use of variable 'result' always evaluates to false.
zoneminder,Código Fuente (SAST),js/trivial-conditional,Medium,web/skins/classic/js/skin.js,Requiere parche o revisión manual,This use of variable 'videoFeedStream' always evaluates to true.
zoneminder,Código Fuente (SAST),js/trivial-conditional,Medium,web/skins/classic/views/js/montage.js,Requiere parche o revisión manual,This use of variable 'monitorsEndMoving' always evaluates to true.
zoneminder,Código Fuente (SAST),js/missing-variable-declaration,Medium,web/includes/csrf/csrf-magic.js,Requiere parche o revisión manual,"Variable prepend is used like a local variable, but is missing a declaration."
zoneminder,Código Fuente (SAST),js/missing-variable-declaration,Medium,web/includes/csrf/csrf-magic.js,Requiere parche o revisión manual,"Variable obj is used like a local variable, but is missing a declaration."
zoneminder,Código Fuente (SAST),js/missing-variable-declaration,Medium,web/includes/csrf/csrf-magic.js,Requiere parche o revisión manual,"Variable obj is used like a local variable, but is missing a declaration."
zoneminder,Código Fuente (SAST),js/missing-variable-declaration,Medium,web/js/MonitorLinkExpression.js,Requiere parche o revisión manual,"Variable monitor_id is used like a local variable, but is missing a declaration."
zoneminder,Código Fuente (SAST),js/missing-variable-declaration,Medium,web/js/MonitorLinkExpression.js,Requiere parche o revisión manual,"Variable zone_id is used like a local variable, but is missing a declaration."
zoneminder,Código Fuente (SAST),js/missing-variable-declaration,Medium,web/js/MonitorLinkExpression.js,Requiere parche o revisión manual,"Variable index is used like a local variable, but is missing a declaration."
zoneminder,Código Fuente (SAST),js/missing-variable-declaration,Medium,web/js/MonitorLinkExpression.js,Requiere parche o revisión manual,"Variable right is used like a local variable, but is missing a declaration."
zoneminder,Código Fuente (SAST),js/missing-variable-declaration,Medium,web/skins/classic/views/js/add_monitors.js,Requiere parche o revisión manual,"Variable i is used like a local variable, but is missing a declaration."
zoneminder,Código Fuente (SAST),js/missing-variable-declaration,Medium,web/skins/classic/views/js/add_monitors.js,Requiere parche o revisión manual,"Variable i is used like a local variable, but is missing a declaration."
zoneminder,Código Fuente (SAST),js/missing-variable-declaration,Medium,web/skins/classic/views/js/add_monitors.js,Requiere parche o revisión manual,"Variable url is used like a local variable, but is missing a declaration."
zoneminder,Código Fuente (SAST),js/missing-variable-declaration,Medium,web/skins/classic/views/js/add_monitors.js,Requiere parche o revisión manual,"Variable urlString is used like a local variable, but is missing a declaration."
zoneminder,Código Fuente (SAST),js/missing-variable-declaration,Medium,web/skins/classic/views/js/add_monitors.js,Requiere parche o revisión manual,"Variable i is used like a local variable, but is missing a declaration."
zoneminder,Código Fuente (SAST),js/missing-variable-declaration,Medium,web/skins/classic/views/js/console.js,Requiere parche o revisión manual,"Variable monitor is used like a local variable, but is missing a declaration."
zoneminder,Código Fuente (SAST),js/missing-variable-declaration,Medium,web/skins/classic/views/js/controlcaps.js,Requiere parche o revisión manual,"Variable url is used like a local variable, but is missing a declaration."
zoneminder,Código Fuente (SAST),js/missing-variable-declaration,Medium,web/skins/classic/views/js/controlcaps.js,Requiere parche o revisión manual,"Variable url is used like a local variable, but is missing a declaration."
zoneminder,Código Fuente (SAST),js/missing-variable-declaration,Medium,web/skins/classic/views/js/controlcaps.js,Requiere parche o revisión manual,"Variable selections is used like a local variable, but is missing a declaration."
zoneminder,Código Fuente (SAST),js/missing-variable-declaration,Medium,web/skins/classic/views/js/cycle.js,Requiere parche o revisión manual,"Variable monitor_frame is used like a local variable, but is missing a declaration."
zoneminder,Código Fuente (SAST),js/missing-variable-declaration,Medium,web/skins/classic/views/js/cycle.js,Requiere parche o revisión manual,"Variable monitor_frame is used like a local variable, but is missing a declaration."
zoneminder,Código Fuente (SAST),js/missing-variable-declaration,Medium,web/skins/classic/views/js/devices.js,Requiere parche o revisión manual,"Variable selections is used like a local variable, but is missing a declaration."
zoneminder,Código Fuente (SAST),js/missing-variable-declaration,Medium,web/skins/classic/views/js/event.js,Requiere parche o revisión manual,"Variable eventData is used like a local variable, but is missing a declaration."
zoneminder,Código Fuente (SAST),js/missing-variable-declaration,Medium,web/skins/classic/views/js/event.js,Requiere parche o revisión manual,"Variable rate is used like a local variable, but is missing a declaration."
zoneminder,Código Fuente (SAST),js/missing-variable-declaration,Medium,web/skins/classic/views/js/event.js,Requiere parche o revisión manual,"Variable scale is used like a local variable, but is missing a declaration."
zoneminder,Código Fuente (SAST),js/missing-variable-declaration,Medium,web/skins/classic/views/js/events.js,Requiere parche o revisión manual,"Variable filterQuery is used like a local variable, but is missing a declaration."
zoneminder,Código Fuente (SAST),js/missing-variable-declaration,Medium,web/skins/classic/views/js/frame.js,Requiere parche o revisión manual,"Variable newHeight is used like a local variable, but is missing a declaration."
zoneminder,Código Fuente (SAST),js/missing-variable-declaration,Medium,web/skins/classic/views/js/monitor.js,Requiere parche o revisión manual,"Variable i is used like a local variable, but is missing a declaration."
zoneminder,Código Fuente (SAST),js/missing-variable-declaration,Medium,web/skins/classic/views/js/monitor.js,Requiere parche o revisión manual,"Variable option is used like a local variable, but is missing a declaration."
zoneminder,Código Fuente (SAST),js/missing-variable-declaration,Medium,web/skins/classic/views/js/monitor.js,Requiere parche o revisión manual,"Variable i is used like a local variable, but is missing a declaration."
zoneminder,Código Fuente (SAST),js/missing-variable-declaration,Medium,web/skins/classic/views/js/monitor.js,Requiere parche o revisión manual,"Variable ManufacturerId_select is used like a local variable, but is missing a declaration."
zoneminder,Código Fuente (SAST),js/missing-variable-declaration,Medium,web/skins/classic/views/js/montage.js,Requiere parche o revisión manual,"Variable lastSpeed is used like a local variable, but is missing a declaration."
zoneminder,Código Fuente (SAST),js/missing-variable-declaration,Medium,web/skins/classic/views/js/montage.js,Requiere parche o revisión manual,"Variable lastSpeed is used like a local variable, but is missing a declaration."
zoneminder,Código Fuente (SAST),js/missing-variable-declaration,Medium,web/skins/classic/views/js/montagereview.js,Requiere parche o revisión manual,"Variable cWidth is used like a local variable, but is missing a declaration."
zoneminder,Código Fuente (SAST),js/missing-variable-declaration,Medium,web/skins/classic/views/js/montagereview.js,Requiere parche o revisión manual,"Variable cHeight is used like a local variable, but is missing a declaration."
zoneminder,Código Fuente (SAST),js/missing-variable-declaration,Medium,web/skins/classic/views/js/montagereview.js,Requiere parche o revisión manual,"Variable rowHeight is used like a local variable, but is missing a declaration."
zoneminder,Código Fuente (SAST),js/missing-variable-declaration,Medium,web/skins/classic/views/js/montagereview.js,Requiere parche o revisión manual,"Variable currentSpeed is used like a local variable, but is missing a declaration."
zoneminder,Código Fuente (SAST),js/missing-variable-declaration,Medium,web/skins/classic/views/js/montagereview.js,Requiere parche o revisión manual,"Variable minTimeSecs is used like a local variable, but is missing a declaration."
zoneminder,Código Fuente (SAST),js/missing-variable-declaration,Medium,web/skins/classic/views/js/montagereview.js,Requiere parche o revisión manual,"Variable maxTimeSecs is used like a local variable, but is missing a declaration."
zoneminder,Código Fuente (SAST),js/missing-variable-declaration,Medium,web/skins/classic/views/js/montagereview.js,Requiere parche o revisión manual,"Variable minTimeSecs is used like a local variable, but is missing a declaration."
zoneminder,Código Fuente (SAST),js/missing-variable-declaration,Medium,web/skins/classic/views/js/montagereview.js,Requiere parche o revisión manual,"Variable maxTimeSecs is used like a local variable, but is missing a declaration."
zoneminder,Código Fuente (SAST),js/missing-variable-declaration,Medium,web/skins/classic/views/js/montagereview.js,Requiere parche o revisión manual,"Variable maxTimeSecs is used like a local variable, but is missing a declaration."
zoneminder,Código Fuente (SAST),js/missing-variable-declaration,Medium,web/skins/classic/views/js/montagereview.js,Requiere parche o revisión manual,"Variable maxTimeSecs is used like a local variable, but is missing a declaration."
zoneminder,Código Fuente (SAST),js/missing-variable-declaration,Medium,web/skins/classic/views/js/montagereview.js,Requiere parche o revisión manual,"Variable minTimeSecs is used like a local variable, but is missing a declaration."
zoneminder,Código Fuente (SAST),js/missing-variable-declaration,Medium,web/skins/classic/views/js/montagereview.js,Requiere parche o revisión manual,"Variable maxTimeSecs is used like a local variable, but is missing a declaration."
zoneminder,Código Fuente (SAST),js/missing-variable-declaration,Medium,web/skins/classic/views/js/montagereview.js,Requiere parche o revisión manual,"Variable canvas is used like a local variable, but is missing a declaration."
zoneminder,Código Fuente (SAST),js/missing-variable-declaration,Medium,web/skins/classic/views/js/options.js,Requiere parche o revisión manual,"Variable url is used like a local variable, but is missing a declaration."
zoneminder,Código Fuente (SAST),js/missing-variable-declaration,Medium,web/skins/classic/views/js/options.js,Requiere parche o revisión manual,"Variable url is used like a local variable, but is missing a declaration."
zoneminder,Código Fuente (SAST),js/missing-variable-declaration,Medium,web/skins/classic/views/js/reports.js,Requiere parche o revisión manual,"Variable selections is used like a local variable, but is missing a declaration."
zoneminder,Código Fuente (SAST),js/missing-variable-declaration,Medium,web/skins/classic/views/js/snapshot.js,Requiere parche o revisión manual,"Variable formData is used like a local variable, but is missing a declaration."
zoneminder,Código Fuente (SAST),js/missing-variable-declaration,Medium,web/skins/classic/views/js/snapshots.js,Requiere parche o revisión manual,"Variable selections is used like a local variable, but is missing a declaration."
zoneminder,Código Fuente (SAST),js/missing-variable-declaration,Medium,web/skins/classic/views/js/timeline.js,Requiere parche o revisión manual,"Variable eventData is used like a local variable, but is missing a declaration."
zoneminder,Código Fuente (SAST),js/missing-variable-declaration,Medium,web/skins/classic/views/js/timeline.js,Requiere parche o revisión manual,"Variable eventId is used like a local variable, but is missing a declaration."
zoneminder,Código Fuente (SAST),js/missing-variable-declaration,Medium,web/skins/classic/views/js/timeline.js,Requiere parche o revisión manual,"Variable frameId is used like a local variable, but is missing a declaration."
zoneminder,Código Fuente (SAST),js/missing-variable-declaration,Medium,web/skins/classic/views/js/video.js,Requiere parche o revisión manual,"Variable videoobj is used like a local variable, but is missing a declaration."
zoneminder,Código Fuente (SAST),js/missing-variable-declaration,Medium,web/skins/classic/views/js/watch.js,Requiere parche o revisión manual,"Variable button is used like a local variable, but is missing a declaration."
zoneminder,Código Fuente (SAST),js/missing-variable-declaration,Medium,web/skins/classic/views/js/watch.js,Requiere parche o revisión manual,"Variable control is used like a local variable, but is missing a declaration."
zoneminder,Código Fuente (SAST),js/missing-variable-declaration,Medium,web/skins/classic/views/js/watch.js,Requiere parche o revisión manual,"Variable xtell is used like a local variable, but is missing a declaration."
zoneminder,Código Fuente (SAST),js/missing-variable-declaration,Medium,web/skins/classic/views/js/watch.js,Requiere parche o revisión manual,"Variable ytell is used like a local variable, but is missing a declaration."
zoneminder,Código Fuente (SAST),js/missing-variable-declaration,Medium,web/skins/classic/views/js/watch.js,Requiere parche o revisión manual,"Variable monitorId is used like a local variable, but is missing a declaration."
zoneminder,Código Fuente (SAST),js/missing-variable-declaration,Medium,web/skins/classic/views/js/zone.js,Requiere parche o revisión manual,"Variable row is used like a local variable, but is missing a declaration."
zoneminder,Código Fuente (SAST),js/missing-variable-declaration,Medium,web/skins/classic/views/js/zone.js,Requiere parche o revisión manual,"Variable i is used like a local variable, but is missing a declaration."
zoneminder,Código Fuente (SAST),js/missing-variable-declaration,Medium,web/skins/classic/views/js/zones.js,Requiere parche o revisión manual,"Variable url is used like a local variable, but is missing a declaration."
zoneminder,Código Fuente (SAST),js/useless-assignment-to-local,Medium,web/js/hls-1.6.13/hls-demo.js,Requiere parche o revisión manual,"The initial value of c is unused, since it is always overwritten."
zoneminder,Código Fuente (SAST),js/useless-assignment-to-local,Medium,web/js/hls-1.6.13/hls-demo.js,Requiere parche o revisión manual,"The initial value of s is unused, since it is always overwritten."
zoneminder,Código Fuente (SAST),js/useless-assignment-to-local,Medium,web/js/hls-1.6.13/hls-demo.js,Requiere parche o revisión manual,"The initial value of s is unused, since it is always overwritten."
zoneminder,Código Fuente (SAST),js/useless-assignment-to-local,Medium,web/js/hls-1.6.13/hls-demo.js,Requiere parche o revisión manual,"The initial value of s is unused, since it is always overwritten."
zoneminder,Código Fuente (SAST),js/useless-assignment-to-local,Medium,web/js/hls-1.6.13/hls-demo.js,Requiere parche o revisión manual,"The initial value of pan is unused, since it is always overwritten."
zoneminder,Código Fuente (SAST),js/useless-assignment-to-local,Medium,web/js/hls-1.6.13/hls.js,Requiere parche o revisión manual,"The initial value of sampleDuration is unused, since it is always overwritten."
zoneminder,Código Fuente (SAST),js/useless-assignment-to-local,Medium,web/js/hls-1.6.13/hls.js,Requiere parche o revisión manual,The value assigned to lastEndTime here is unused.
zoneminder,Código Fuente (SAST),js/useless-assignment-to-local,Medium,web/js/hls-1.6.13/hls.js,Requiere parche o revisión manual,The value assigned to ttl here is unused.
zoneminder,Código Fuente (SAST),js/useless-assignment-to-local,Medium,web/js/hls-1.6.13/hls.light.js,Requiere parche o revisión manual,"The initial value of sampleDuration is unused, since it is always overwritten."
zoneminder,Código Fuente (SAST),js/useless-assignment-to-local,Medium,web/js/hls-1.6.13/hls.light.js,Requiere parche o revisión manual,The value assigned to ttl here is unused.
zoneminder,Código Fuente (SAST),js/useless-assignment-to-local,Medium,web/js/hls-1.6.13/hls.light.js,Requiere parche o revisión manual,The value assigned to lastEndTime here is unused.
zoneminder,Código Fuente (SAST),js/useless-assignment-to-local,Medium,web/js/hls-1.6.13/hls.light.mjs,Requiere parche o revisión manual,"The initial value of sampleDuration is unused, since it is always overwritten."
zoneminder,Código Fuente (SAST),js/useless-assignment-to-local,Medium,web/js/hls-1.6.13/hls.light.mjs,Requiere parche o revisión manual,The value assigned to ttl here is unused.
zoneminder,Código Fuente (SAST),js/useless-assignment-to-local,Medium,web/js/hls-1.6.13/hls.light.mjs,Requiere parche o revisión manual,The value assigned to lastEndTime here is unused.
zoneminder,Código Fuente (SAST),js/useless-assignment-to-local,Medium,web/js/hls-1.6.13/hls.mjs,Requiere parche o revisión manual,"The initial value of sampleDuration is unused, since it is always overwritten."
zoneminder,Código Fuente (SAST),js/useless-assignment-to-local,Medium,web/js/hls-1.6.13/hls.mjs,Requiere parche o revisión manual,The value assigned to lastEndTime here is unused.
zoneminder,Código Fuente (SAST),js/useless-assignment-to-local,Medium,web/js/hls-1.6.13/hls.mjs,Requiere parche o revisión manual,The value assigned to ttl here is unused.
zoneminder,Código Fuente (SAST),js/useless-assignment-to-local,Medium,web/js/logger.js,Requiere parche o revisión manual,"The initial value of majorVersion is unused, since it is always overwritten."
zoneminder,Código Fuente (SAST),js/useless-assignment-to-local,Medium,web/js/logger.js,Requiere parche o revisión manual,The value assigned to majorVersion here is unused.
zoneminder,Código Fuente (SAST),js/useless-assignment-to-local,Medium,web/skins/classic/assets/gridstack-12.3.3/dist/gridstack-engine.js,Requiere parche o revisión manual,The value assigned to touching here is unused.
zoneminder,Código Fuente (SAST),js/useless-assignment-to-local,Medium,web/skins/classic/assets/gridstack-12.3.3/dist/gridstack.js,Requiere parche o revisión manual,"The initial value of canAccept is unused, since it is always overwritten."
zoneminder,Código Fuente (SAST),js/useless-assignment-to-local,Medium,web/skins/classic/assets/gridstack-12.3.3/dist/gridstack.js,Requiere parche o revisión manual,The value assigned to el here is unused.
zoneminder,Código Fuente (SAST),js/useless-assignment-to-local,Medium,web/skins/classic/assets/gridstack-12.3.3/dist/src/gridstack-engine.js,Requiere parche o revisión manual,The value assigned to touching here is unused.
zoneminder,Código Fuente (SAST),js/useless-assignment-to-local,Medium,web/skins/classic/assets/gridstack-12.3.3/dist/src/gridstack.js,Requiere parche o revisión manual,"The initial value of canAccept is unused, since it is always overwritten."
zoneminder,Código Fuente (SAST),js/useless-assignment-to-local,Medium,web/skins/classic/assets/gridstack-12.3.3/dist/src/gridstack.js,Requiere parche o revisión manual,The value assigned to el here is unused.
zoneminder,Código Fuente (SAST),js/useless-assignment-to-local,Medium,web/skins/classic/js/dateTimePicker/jquery-ui-timepicker-addon.js,Requiere parche o revisión manual,The value assigned to date here is unused.
zoneminder,Código Fuente (SAST),js/useless-assignment-to-local,Medium,web/skins/classic/js/skin.js,Requiere parche o revisión manual,"The initial value of timeString is unused, since it is always overwritten."
zoneminder,Código Fuente (SAST),js/useless-assignment-to-local,Medium,web/skins/classic/views/js/montage.js,Requiere parche o revisión manual,The value assigned to monitorsEndMoving here is unused.
zoneminder,Código Fuente (SAST),js/useless-assignment-to-local,Medium,web/skins/classic/views/js/watch.js,Requiere parche o revisión manual,The value assigned to modal here is unused.
zoneminder,Código Fuente (SAST),js/useless-assignment-to-property,Medium,web/skins/classic/assets/bootstrap-table-1.27.1/extensions/addrbar/bootstrap-table-addrbar.js,Requiere parche o revisión manual,"This write to property 'prototype' is useless, since [another property write](1) always overrides it."
zoneminder,Código Fuente (SAST),js/useless-assignment-to-property,Medium,web/skins/classic/assets/bootstrap-table-1.27.1/extensions/auto-refresh/bootstrap-table-auto-refresh.js,Requiere parche o revisión manual,"This write to property 'prototype' is useless, since [another property write](1) always overrides it."
zoneminder,Código Fuente (SAST),js/useless-assignment-to-property,Medium,web/skins/classic/assets/bootstrap-table-1.27.1/extensions/cookie/bootstrap-table-cookie.js,Requiere parche o revisión manual,"This write to property 'prototype' is useless, since [another property write](1) always overrides it."
zoneminder,Código Fuente (SAST),js/useless-assignment-to-property,Medium,web/skins/classic/assets/bootstrap-table-1.27.1/extensions/copy-rows/bootstrap-table-copy-rows.js,Requiere parche o revisión manual,"This write to property 'prototype' is useless, since [another property write](1) always overrides it."
zoneminder,Código Fuente (SAST),js/useless-assignment-to-property,Medium,web/skins/classic/assets/bootstrap-table-1.27.1/extensions/custom-view/bootstrap-table-custom-view.js,Requiere parche o revisión manual,"This write to property 'prototype' is useless, since [another property write](1) always overrides it."
zoneminder,Código Fuente (SAST),js/useless-assignment-to-property,Medium,web/skins/classic/assets/bootstrap-table-1.27.1/extensions/defer-url/bootstrap-table-defer-url.js,Requiere parche o revisión manual,"This write to property 'prototype' is useless, since [another property write](1) always overrides it."
zoneminder,Código Fuente (SAST),js/useless-assignment-to-property,Medium,web/skins/classic/assets/bootstrap-table-1.27.1/extensions/editable/bootstrap-table-editable.js,Requiere parche o revisión manual,"This write to property 'prototype' is useless, since [another property write](1) always overrides it."
zoneminder,Código Fuente (SAST),js/useless-assignment-to-property,Medium,web/skins/classic/assets/bootstrap-table-1.27.1/extensions/export/bootstrap-table-export.js,Requiere parche o revisión manual,"This write to property 'prototype' is useless, since [another property write](1) always overrides it."
zoneminder,Código Fuente (SAST),js/useless-assignment-to-property,Medium,web/skins/classic/assets/bootstrap-table-1.27.1/extensions/filter-control/bootstrap-table-filter-control.js,Requiere parche o revisión manual,"This write to property 'prototype' is useless, since [another property write](1) always overrides it."
zoneminder,Código Fuente (SAST),js/useless-assignment-to-property,Medium,web/skins/classic/assets/bootstrap-table-1.27.1/extensions/fixed-columns/bootstrap-table-fixed-columns.js,Requiere parche o revisión manual,"This write to property 'prototype' is useless, since [another property write](1) always overrides it."
zoneminder,Código Fuente (SAST),js/useless-assignment-to-property,Medium,web/skins/classic/assets/bootstrap-table-1.27.1/extensions/group-by-v2/bootstrap-table-group-by.js,Requiere parche o revisión manual,"This write to property 'prototype' is useless, since [another property write](1) always overrides it."
zoneminder,Código Fuente (SAST),js/useless-assignment-to-property,Medium,web/skins/classic/assets/bootstrap-table-1.27.1/extensions/i18n-enhance/bootstrap-table-i18n-enhance.js,Requiere parche o revisión manual,"This write to property 'prototype' is useless, since [another property write](1) always overrides it."
zoneminder,Código Fuente (SAST),js/useless-assignment-to-property,Medium,web/skins/classic/assets/bootstrap-table-1.27.1/extensions/key-events/bootstrap-table-key-events.js,Requiere parche o revisión manual,"This write to property 'prototype' is useless, since [another property write](1) always overrides it."
zoneminder,Código Fuente (SAST),js/useless-assignment-to-property,Medium,web/skins/classic/assets/bootstrap-table-1.27.1/extensions/mobile/bootstrap-table-mobile.js,Requiere parche o revisión manual,"This write to property 'prototype' is useless, since [another property write](1) always overrides it."
zoneminder,Código Fuente (SAST),js/useless-assignment-to-property,Medium,web/skins/classic/assets/bootstrap-table-1.27.1/extensions/page-jump-to/bootstrap-table-page-jump-to.js,Requiere parche o revisión manual,"This write to property 'prototype' is useless, since [another property write](1) always overrides it."
zoneminder,Código Fuente (SAST),js/useless-assignment-to-property,Medium,web/skins/classic/assets/bootstrap-table-1.27.1/extensions/pipeline/bootstrap-table-pipeline.js,Requiere parche o revisión manual,"This write to property 'prototype' is useless, since [another property write](1) always overrides it."
zoneminder,Código Fuente (SAST),js/useless-assignment-to-property,Medium,web/skins/classic/assets/bootstrap-table-1.27.1/extensions/print/bootstrap-table-print.js,Requiere parche o revisión manual,"This write to property 'prototype' is useless, since [another property write](1) always overrides it."
zoneminder,Código Fuente (SAST),js/useless-assignment-to-property,Medium,web/skins/classic/assets/bootstrap-table-1.27.1/extensions/reorder-columns/bootstrap-table-reorder-columns.js,Requiere parche o revisión manual,"This write to property 'prototype' is useless, since [another property write](1) always overrides it."
zoneminder,Código Fuente (SAST),js/useless-assignment-to-property,Medium,web/skins/classic/assets/bootstrap-table-1.27.1/extensions/reorder-rows/bootstrap-table-reorder-rows.js,Requiere parche o revisión manual,"This write to property 'prototype' is useless, since [another property write](1) always overrides it."
zoneminder,Código Fuente (SAST),js/useless-assignment-to-property,Medium,web/skins/classic/assets/bootstrap-table-1.27.1/extensions/resizable/bootstrap-table-resizable.js,Requiere parche o revisión manual,"This write to property 'prototype' is useless, since [another property write](1) always overrides it."
zoneminder,Código Fuente (SAST),js/useless-assignment-to-property,Medium,web/skins/classic/assets/bootstrap-table-1.27.1/extensions/sticky-header/bootstrap-table-sticky-header.js,Requiere parche o revisión manual,"This write to property 'prototype' is useless, since [another property write](1) always overrides it."
zoneminder,Código Fuente (SAST),js/useless-assignment-to-property,Medium,web/skins/classic/assets/bootstrap-table-1.27.1/extensions/toolbar/bootstrap-table-toolbar.js,Requiere parche o revisión manual,"This write to property 'prototype' is useless, since [another property write](1) always overrides it."
zoneminder,Código Fuente (SAST),js/useless-assignment-to-property,Medium,web/skins/classic/assets/bootstrap-table-1.27.1/extensions/treegrid/bootstrap-table-treegrid.js,Requiere parche o revisión manual,"This write to property 'prototype' is useless, since [another property write](1) always overrides it."
zoneminder,Código Fuente (SAST),js/useless-assignment-to-property,Medium,web/skins/classic/assets/bootstrap-table-1.27.1/themes/bootstrap-table/bootstrap-table.js,Requiere parche o revisión manual,"This write to property 'prototype' is useless, since [another property write](1) always overrides it."
zoneminder,Código Fuente (SAST),js/useless-assignment-to-property,Medium,web/skins/classic/assets/bootstrap-table-1.27.1/themes/bulma/bootstrap-table-bulma.js,Requiere parche o revisión manual,"This write to property 'prototype' is useless, since [another property write](1) always overrides it."
zoneminder,Código Fuente (SAST),js/useless-assignment-to-property,Medium,web/skins/classic/assets/bootstrap-table-1.27.1/themes/foundation/bootstrap-table-foundation.js,Requiere parche o revisión manual,"This write to property 'prototype' is useless, since [another property write](1) always overrides it."
zoneminder,Código Fuente (SAST),js/useless-assignment-to-property,Medium,web/skins/classic/assets/bootstrap-table-1.27.1/themes/materialize/bootstrap-table-materialize.js,Requiere parche o revisión manual,"This write to property 'prototype' is useless, since [another property write](1) always overrides it."
zoneminder,Código Fuente (SAST),js/useless-assignment-to-property,Medium,web/skins/classic/assets/bootstrap-table-1.27.1/themes/semantic/bootstrap-table-semantic.js,Requiere parche o revisión manual,"This write to property 'prototype' is useless, since [another property write](1) always overrides it."
zoneminder,Código Fuente (SAST),js/useless-assignment-to-property,Medium,web/skins/classic/js/jquery-ui-1.13.2/jquery-ui.js,Requiere parche o revisión manual,"This write to property 'counter' is useless, since [another property write](1) always overrides it."
zoneminder,Código Fuente (SAST),js/unused-local-variable,Medium,web/js/hls-1.6.13/hls.light.mjs,Requiere parche o revisión manual,Unused variable assetPlayerId.
zoneminder,Código Fuente (SAST),js/unused-local-variable,Medium,web/js/hls-1.6.13/hls.light.mjs,Requiere parche o revisión manual,Unused variable timelineOffset.
zoneminder,Código Fuente (SAST),js/unused-local-variable,Medium,web/js/hls-1.6.13/hls.light.mjs,Requiere parche o revisión manual,Unused variable interstitialsController.
zoneminder,Código Fuente (SAST),js/unused-local-variable,Medium,web/skins/classic/assets/mb.extruder/inc/mbExtruder.js,Requiere parche o revisión manual,Unused variable orientation.
zoneminder,Código Fuente (SAST),js/unused-local-variable,Medium,web/skins/classic/assets/pro-sidebar-template/src/index.js,Requiere parche o revisión manual,Unused import slideDown.
zoneminder,Código Fuente (SAST),js/unused-local-variable,Medium,web/skins/classic/js/dateTimePicker/jquery-ui-timepicker-addon.js,Requiere parche o revisión manual,Unused variable iso8601.
zoneminder,Código Fuente (SAST),js/unused-local-variable,Medium,web/skins/classic/js/dateTimePicker/jquery-ui-timepicker-addon.js,Requiere parche o revisión manual,Unused variable altFormat.
zoneminder,Código Fuente (SAST),js/unused-local-variable,Medium,web/skins/classic/js/jquery-ui-1.13.2/jquery-ui.js,Requiere parche o revisión manual,Unused variable version.
zoneminder,Código Fuente (SAST),js/unused-local-variable,Medium,web/skins/classic/js/jquery-ui-1.13.2/jquery-ui.js,Requiere parche o revisión manual,Unused variable widget.
zoneminder,Código Fuente (SAST),js/unused-local-variable,Medium,web/skins/classic/js/jquery-ui-1.13.2/jquery-ui.js,Requiere parche o revisión manual,Unused variable position.
zoneminder,Código Fuente (SAST),js/unused-local-variable,Medium,web/skins/classic/js/jquery-ui-1.13.2/jquery-ui.js,Requiere parche o revisión manual,Unused variable data.
zoneminder,Código Fuente (SAST),js/unused-local-variable,Medium,web/skins/classic/js/jquery-ui-1.13.2/jquery-ui.js,Requiere parche o revisión manual,Unused variable disableSelection.
zoneminder,Código Fuente (SAST),js/unused-local-variable,Medium,web/skins/classic/js/jquery-ui-1.13.2/jquery-ui.js,Requiere parche o revisión manual,Unused variable effectsEffectBlind.
zoneminder,Código Fuente (SAST),js/unused-local-variable,Medium,web/skins/classic/js/jquery-ui-1.13.2/jquery-ui.js,Requiere parche o revisión manual,Unused variable effectsEffectBounce.
zoneminder,Código Fuente (SAST),js/unused-local-variable,Medium,web/skins/classic/js/jquery-ui-1.13.2/jquery-ui.js,Requiere parche o revisión manual,Unused variable effectsEffectClip.
zoneminder,Código Fuente (SAST),js/unused-local-variable,Medium,web/skins/classic/js/jquery-ui-1.13.2/jquery-ui.js,Requiere parche o revisión manual,Unused variable effectsEffectDrop.
zoneminder,Código Fuente (SAST),js/unused-local-variable,Medium,web/skins/classic/js/jquery-ui-1.13.2/jquery-ui.js,Requiere parche o revisión manual,Unused variable effectsEffectExplode.
zoneminder,Código Fuente (SAST),js/unused-local-variable,Medium,web/skins/classic/js/jquery-ui-1.13.2/jquery-ui.js,Requiere parche o revisión manual,Unused variable effectsEffectFade.
zoneminder,Código Fuente (SAST),js/unused-local-variable,Medium,web/skins/classic/js/jquery-ui-1.13.2/jquery-ui.js,Requiere parche o revisión manual,Unused variable effectsEffectFold.
zoneminder,Código Fuente (SAST),js/unused-local-variable,Medium,web/skins/classic/js/jquery-ui-1.13.2/jquery-ui.js,Requiere parche o revisión manual,Unused variable effectsEffectHighlight.
zoneminder,Código Fuente (SAST),js/unused-local-variable,Medium,web/skins/classic/js/jquery-ui-1.13.2/jquery-ui.js,Requiere parche o revisión manual,Unused variable effectsEffectSize.
zoneminder,Código Fuente (SAST),js/unused-local-variable,Medium,web/skins/classic/js/jquery-ui-1.13.2/jquery-ui.js,Requiere parche o revisión manual,Unused variable effectsEffectScale.
zoneminder,Código Fuente (SAST),js/unused-local-variable,Medium,web/skins/classic/js/jquery-ui-1.13.2/jquery-ui.js,Requiere parche o revisión manual,Unused variable effectsEffectPuff.
zoneminder,Código Fuente (SAST),js/unused-local-variable,Medium,web/skins/classic/js/jquery-ui-1.13.2/jquery-ui.js,Requiere parche o revisión manual,Unused variable effectsEffectPulsate.
zoneminder,Código Fuente (SAST),js/unused-local-variable,Medium,web/skins/classic/js/jquery-ui-1.13.2/jquery-ui.js,Requiere parche o revisión manual,Unused variable effectsEffectShake.
zoneminder,Código Fuente (SAST),js/unused-local-variable,Medium,web/skins/classic/js/jquery-ui-1.13.2/jquery-ui.js,Requiere parche o revisión manual,Unused variable effectsEffectSlide.
zoneminder,Código Fuente (SAST),js/unused-local-variable,Medium,web/skins/classic/js/jquery-ui-1.13.2/jquery-ui.js,Requiere parche o revisión manual,Unused variable effectsEffectTransfer.
zoneminder,Código Fuente (SAST),js/unused-local-variable,Medium,web/skins/classic/js/jquery-ui-1.13.2/jquery-ui.js,Requiere parche o revisión manual,Unused variable focusable.
zoneminder,Código Fuente (SAST),js/unused-local-variable,Medium,web/skins/classic/js/jquery-ui-1.13.2/jquery-ui.js,Requiere parche o revisión manual,Unused variable form.
zoneminder,Código Fuente (SAST),js/unused-local-variable,Medium,web/skins/classic/js/jquery-ui-1.13.2/jquery-ui.js,Requiere parche o revisión manual,Unused variable formResetMixin.
zoneminder,Código Fuente (SAST),js/unused-local-variable,Medium,web/skins/classic/js/jquery-ui-1.13.2/jquery-ui.js,Requiere parche o revisión manual,Unused variable keycode.
zoneminder,Código Fuente (SAST),js/unused-local-variable,Medium,web/skins/classic/js/jquery-ui-1.13.2/jquery-ui.js,Requiere parche o revisión manual,Unused variable labels.
zoneminder,Código Fuente (SAST),js/unused-local-variable,Medium,web/skins/classic/js/jquery-ui-1.13.2/jquery-ui.js,Requiere parche o revisión manual,Unused variable scrollParent.
zoneminder,Código Fuente (SAST),js/unused-local-variable,Medium,web/skins/classic/js/jquery-ui-1.13.2/jquery-ui.js,Requiere parche o revisión manual,Unused variable tabbable.
zoneminder,Código Fuente (SAST),js/unused-local-variable,Medium,web/skins/classic/js/jquery-ui-1.13.2/jquery-ui.js,Requiere parche o revisión manual,Unused variable uniqueId.
zoneminder,Código Fuente (SAST),js/unused-local-variable,Medium,web/skins/classic/js/jquery-ui-1.13.2/jquery-ui.js,Requiere parche o revisión manual,Unused variable widgetsAccordion.
zoneminder,Código Fuente (SAST),js/unused-local-variable,Medium,web/skins/classic/js/jquery-ui-1.13.2/jquery-ui.js,Requiere parche o revisión manual,Unused variable safeActiveElement.
zoneminder,Código Fuente (SAST),js/unused-local-variable,Medium,web/skins/classic/js/jquery-ui-1.13.2/jquery-ui.js,Requiere parche o revisión manual,Unused variable widgetsMenu.
zoneminder,Código Fuente (SAST),js/unused-local-variable,Medium,web/skins/classic/js/jquery-ui-1.13.2/jquery-ui.js,Requiere parche o revisión manual,Unused variable widgetsAutocomplete.
zoneminder,Código Fuente (SAST),js/unused-local-variable,Medium,web/skins/classic/js/jquery-ui-1.13.2/jquery-ui.js,Requiere parche o revisión manual,Unused variable widgetsControlgroup.
zoneminder,Código Fuente (SAST),js/unused-local-variable,Medium,web/skins/classic/js/jquery-ui-1.13.2/jquery-ui.js,Requiere parche o revisión manual,Unused variable widgetsCheckboxradio.
zoneminder,Código Fuente (SAST),js/unused-local-variable,Medium,web/skins/classic/js/jquery-ui-1.13.2/jquery-ui.js,Requiere parche o revisión manual,Unused variable widgetsButton.
zoneminder,Código Fuente (SAST),js/unused-local-variable,Medium,web/skins/classic/js/jquery-ui-1.13.2/jquery-ui.js,Requiere parche o revisión manual,Unused variable widgetsDatepicker.
zoneminder,Código Fuente (SAST),js/unused-local-variable,Medium,web/skins/classic/js/jquery-ui-1.13.2/jquery-ui.js,Requiere parche o revisión manual,Unused variable ie.
zoneminder,Código Fuente (SAST),js/unused-local-variable,Medium,web/skins/classic/js/jquery-ui-1.13.2/jquery-ui.js,Requiere parche o revisión manual,Unused variable widgetsMouse.
zoneminder,Código Fuente (SAST),js/unused-local-variable,Medium,web/skins/classic/js/jquery-ui-1.13.2/jquery-ui.js,Requiere parche o revisión manual,Unused variable plugin.
zoneminder,Código Fuente (SAST),js/unused-local-variable,Medium,web/skins/classic/js/jquery-ui-1.13.2/jquery-ui.js,Requiere parche o revisión manual,Unused variable safeBlur.
zoneminder,Código Fuente (SAST),js/unused-local-variable,Medium,web/skins/classic/js/jquery-ui-1.13.2/jquery-ui.js,Requiere parche o revisión manual,Unused variable widgetsDraggable.
zoneminder,Código Fuente (SAST),js/unused-local-variable,Medium,web/skins/classic/js/jquery-ui-1.13.2/jquery-ui.js,Requiere parche o revisión manual,Unused variable widgetsResizable.
zoneminder,Código Fuente (SAST),js/unused-local-variable,Medium,web/skins/classic/js/jquery-ui-1.13.2/jquery-ui.js,Requiere parche o revisión manual,Unused variable widgetsDialog.
zoneminder,Código Fuente (SAST),js/unused-local-variable,Medium,web/skins/classic/js/jquery-ui-1.13.2/jquery-ui.js,Requiere parche o revisión manual,Unused variable widgetsDroppable.
zoneminder,Código Fuente (SAST),js/unused-local-variable,Medium,web/skins/classic/js/jquery-ui-1.13.2/jquery-ui.js,Requiere parche o revisión manual,Unused variable widgetsProgressbar.
zoneminder,Código Fuente (SAST),js/unused-local-variable,Medium,web/skins/classic/js/jquery-ui-1.13.2/jquery-ui.js,Requiere parche o revisión manual,Unused variable widgetsSelectable.
zoneminder,Código Fuente (SAST),js/unused-local-variable,Medium,web/skins/classic/js/jquery-ui-1.13.2/jquery-ui.js,Requiere parche o revisión manual,Unused variable widgetsSelectmenu.
zoneminder,Código Fuente (SAST),js/unused-local-variable,Medium,web/skins/classic/js/jquery-ui-1.13.2/jquery-ui.js,Requiere parche o revisión manual,Unused variable widgetsSlider.
zoneminder,Código Fuente (SAST),js/unused-local-variable,Medium,web/skins/classic/js/jquery-ui-1.13.2/jquery-ui.js,Requiere parche o revisión manual,Unused variable widgetsSortable.
zoneminder,Código Fuente (SAST),js/unused-local-variable,Medium,web/skins/classic/js/jquery-ui-1.13.2/jquery-ui.js,Requiere parche o revisión manual,Unused variable widgetsSpinner.
zoneminder,Código Fuente (SAST),js/unused-local-variable,Medium,web/skins/classic/js/jquery-ui-1.13.2/jquery-ui.js,Requiere parche o revisión manual,Unused variable widgetsTabs.
zoneminder,Código Fuente (SAST),js/unused-local-variable,Medium,web/skins/classic/js/jquery-ui-1.13.2/jquery-ui.js,Requiere parche o revisión manual,Unused variable widgetsTooltip.
zoneminder,Código Fuente (SAST),js/use-before-declaration,Medium,web/js/hls-1.6.13/hls.js,Requiere parche o revisión manual,Variable '_interstitial$assetLi' is used before its [declaration](1).
zoneminder,Código Fuente (SAST),js/use-before-declaration,Medium,web/js/hls-1.6.13/hls.js,Requiere parche o revisión manual,Variable '_items$index' is used before its [declaration](1).
zoneminder,Código Fuente (SAST),js/use-before-declaration,Medium,web/js/hls-1.6.13/hls.js,Requiere parche o revisión manual,Variable '_prevCC' is used before its [declaration](1).
zoneminder,Código Fuente (SAST),js/use-before-declaration,Medium,web/js/hls-1.6.13/hls.mjs,Requiere parche o revisión manual,Variable '_interstitial$assetLi' is used before its [declaration](1).
zoneminder,Código Fuente (SAST),js/use-before-declaration,Medium,web/js/hls-1.6.13/hls.mjs,Requiere parche o revisión manual,Variable '_items$index' is used before its [declaration](1).
zoneminder,Código Fuente (SAST),js/use-before-declaration,Medium,web/js/hls-1.6.13/hls.mjs,Requiere parche o revisión manual,Variable '_prevCC' is used before its [declaration](1).
zoneminder,Código Fuente (SAST),js/automatic-semicolon-insertion,Medium,web/skins/classic/assets/mb.extruder/inc/mbExtruder.js,Requiere parche o revisión manual,Avoid automated semicolon insertion (95% of all statements in [the enclosing function](1) have an explicit semicolon).
zoneminder,Código Fuente (SAST),js/automatic-semicolon-insertion,Medium,web/skins/classic/assets/mb.extruder/inc/mbExtruder.js,Requiere parche o revisión manual,Avoid automated semicolon insertion (95% of all statements in [the enclosing function](1) have an explicit semicolon).
zoneminder,Código Fuente (SAST),js/automatic-semicolon-insertion,Medium,web/skins/classic/assets/mb.extruder/inc/mbExtruder.js,Requiere parche o revisión manual,Avoid automated semicolon insertion (95% of all statements in [the enclosing function](1) have an explicit semicolon).
zoneminder,Código Fuente (SAST),js/superfluous-trailing-arguments,Medium,web/js/hls-1.6.13/hls-demo.js,Requiere parche o revisión manual,Superfluous argument passed to [anonymous function](1).
zoneminder,Código Fuente (SAST),js/superfluous-trailing-arguments,Medium,web/js/hls-1.6.13/hls-demo.js,Requiere parche o revisión manual,Superfluous argument passed to [function parseFloat](1).
zoneminder,Código Fuente (SAST),js/superfluous-trailing-arguments,Medium,web/skins/classic/assets/bootstrap-table-1.27.1/extensions/filter-control/bootstrap-table-filter-control.js,Requiere parche o revisión manual,Superfluous argument passed to [function OwnPromiseCapability](1).
zoneminder,Código Fuente (SAST),js/superfluous-trailing-arguments,Medium,web/skins/classic/assets/bootstrap-table-1.27.1/extensions/filter-control/bootstrap-table-filter-control.js,Requiere parche o revisión manual,Superfluous argument passed to [function setToStringTag](1).
zoneminder,Código Fuente (SAST),js/superfluous-trailing-arguments,Medium,web/skins/classic/js/moment.js,Requiere parche o revisión manual,Superfluous argument passed to [anonymous function](1).
zoneminder,Código Fuente (SAST),js/superfluous-trailing-arguments,Medium,web/skins/classic/js/moment.js,Requiere parche o revisión manual,Superfluous argument passed to [function toInt](1).
zoneminder,Código Fuente (SAST),js/superfluous-trailing-arguments,Medium,web/skins/classic/js/moment.js,Requiere parche o revisión manual,Superfluous argument passed to [function parseFloat](1).
zoneminder,Código Fuente (SAST),js/superfluous-trailing-arguments,Medium,web/skins/classic/views/js/monitor.js,Requiere parche o revisión manual,Superfluous arguments passed to [function updateMarker](1).
Ghost,Dependencias (SCA),GHSA-35jh-r3h4-6jhm,Low,lodash.template @ 4.5.0,N/A,Command Injection in lodash
Ghost,Dependencias (SCA),GHSA-gcx4-mw62-g8wm,Low,rollup @ 0.57.1,N/A,DOM Clobbering Gadget found in rollup bundled scripts that leads to XSS
Ghost,Dependencias (SCA),GHSA-gcx4-mw62-g8wm,Low,rollup @ 1.32.1,N/A,DOM Clobbering Gadget found in rollup bundled scripts that leads to XSS
Ghost,Dependencias (SCA),GHSA-p6mc-m468-83gw,Low,lodash.pick @ 4.4.0,N/A,Prototype Pollution in lodash
Ghost,Dependencias (SCA),GHSA-6vfc-qv3f-vr6c,Low,markdown-it @ 8.4.2,N/A,Uncontrolled Resource Consumption in markdown-it
Ghost,Dependencias (SCA),GHSA-pfq8-rq6v-vf5m,Low,html-minifier @ 4.0.0,N/A,kangax html-minifier REDoS vulnerability
Ghost,Dependencias (SCA),GHSA-mw96-cpmx-2vgc,Low,rollup @ 0.57.1,N/A,Rollup 4 has Arbitrary File Write via Path Traversal
Ghost,Dependencias (SCA),GHSA-mw96-cpmx-2vgc,Low,rollup @ 1.32.1,N/A,Rollup 4 has Arbitrary File Write via Path Traversal
Ghost,Dependencias (SCA),GHSA-p8p7-x288-28g6,Low,request @ 2.88.2,N/A,Server-Side Request Forgery in Request
Ghost,Dependencias (SCA),GHSA-xgwh-cgv9-783v,Low,@tryghost/members-csv @ 2.0.7,N/A,Ghost allows CSV Injection during member CSV export
Ghost,Dependencias (SCA),GHSA-7fh5-64p2-3v2j,Low,postcss @ 7.0.39,N/A,PostCSS line return parsing error
Ghost,Dependencias (SCA),GHSA-67hx-6x53-jw92,Low,babel-traverse @ 6.26.0,N/A,Babel vulnerable to arbitrary code execution when compiling specifically crafted malicious code
Ghost,Dependencias (SCA),GHSA-vghf-hv5q-vc2g,Low,validator @ 13.12.0,N/A,Validator is Vulnerable to Incomplete Filtering of One or More Instances of Special Elements
Ghost,Dependencias (SCA),GHSA-vghf-hv5q-vc2g,Low,validator @ 7.2.0,N/A,Validator is Vulnerable to Incomplete Filtering of One or More Instances of Special Elements
Ghost,Dependencias (SCA),GHSA-4jv9-3563-23j3,Low,knex @ 0.20.15,N/A,Knex.js has a limited SQL injection vulnerability
Ghost,Dependencias (SCA),GHSA-4jv9-3563-23j3,Low,knex @ 0.21.21,N/A,Knex.js has a limited SQL injection vulnerability
Ghost,Dependencias (SCA),GHSA-8cf7-32gw-wr33,Low,jsonwebtoken @ 8.5.1,N/A,jsonwebtoken unrestricted key type could lead to legacy keys usage
Ghost,Dependencias (SCA),GHSA-r5fr-rjxr-66jc,Low,lodash.template @ 4.5.0,N/A,lodash vulnerable to Code Injection via `_.template` imports key names
Ghost,Dependencias (SCA),GHSA-hjrf-2m68-5959,Low,jsonwebtoken @ 8.5.1,N/A,jsonwebtoken's insecure implementation of key retrieval function could lead to Forgeable Public/Private Tokens from RSA to HMAC
Ghost,Dependencias (SCA),GHSA-9965-vmph-33xx,Low,validator @ 13.12.0,N/A,validator.js has a URL validation bypass vulnerability in its isURL function
Ghost,Dependencias (SCA),GHSA-9965-vmph-33xx,Low,validator @ 7.2.0,N/A,validator.js has a URL validation bypass vulnerability in its isURL function
Ghost,Dependencias (SCA),GHSA-qgmg-gppg-76g5,Low,validator @ 7.2.0,N/A,Inefficient Regular Expression Complexity in validator.js
Ghost,Dependencias (SCA),GHSA-5v7r-6r5c-r473,Low,file-type @ 16.5.4,N/A,file-type affected by infinite loop in ASF parser on malformed input with zero-size sub-header
Ghost,Dependencias (SCA),GHSA-qwph-4952-7xr6,Low,jsonwebtoken @ 8.5.1,N/A,jsonwebtoken vulnerable to signature validation bypass due to insecure default algorithm in jwt.verify()
Ghost,Dependencias (SCA),GHSA-qj8w-gfj5-8c6v,Low,serialize-javascript @ 6.0.2,N/A,Serialize JavaScript has CPU Exhaustion Denial of Service via crafted array-like objects
Ghost,Dependencias (SCA),GHSA-w5hq-g745-h8pq,Low,uuid @ 10.0.0,N/A,uuid: Missing buffer bounds check in v3/v5/v6 when buf is provided
Ghost,Dependencias (SCA),GHSA-w5hq-g745-h8pq,Low,uuid @ 3.4.0,N/A,uuid: Missing buffer bounds check in v3/v5/v6 when buf is provided
Ghost,Dependencias (SCA),GHSA-w5hq-g745-h8pq,Low,uuid @ 7.0.3,N/A,uuid: Missing buffer bounds check in v3/v5/v6 when buf is provided
Ghost,Dependencias (SCA),GHSA-w5hq-g745-h8pq,Low,uuid @ 8.3.2,N/A,uuid: Missing buffer bounds check in v3/v5/v6 when buf is provided
Ghost,Dependencias (SCA),GHSA-w5hq-g745-h8pq,Low,uuid @ 9.0.1,N/A,uuid: Missing buffer bounds check in v3/v5/v6 when buf is provided
Ghost,Dependencias (SCA),GHSA-qx2v-qp2m-jg93,Low,postcss @ 7.0.39,N/A,PostCSS has XSS via Unescaped </style> in its CSS Stringify Output
Ghost,Dependencias (SCA),GHSA-848j-6mx2-7j84,Low,elliptic @ 6.6.1,N/A,Elliptic Uses a Cryptographic Primitive with a Risky Implementation
Ghost,Dependencias (SCA),GHSA-5c6j-r48x-rmvq,Low,serialize-javascript @ 4.0.0,N/A,Serialize JavaScript is Vulnerable to RCE via RegExp.flags and Date.prototype.toISOString()
Ghost,Dependencias (SCA),GHSA-5c6j-r48x-rmvq,Low,serialize-javascript @ 6.0.2,N/A,Serialize JavaScript is Vulnerable to RCE via RegExp.flags and Date.prototype.toISOString()
Ghost,Dependencias (SCA),GHSA-ph9p-34f9-6g65,Low,tmp @ 0.2.4,N/A,tmp has Path Traversal via unsanitized prefix/postfix that enables directory escape
Ghost,Dependencias (SCA),GHSA-ph9p-34f9-6g65,Low,tmp @ 0.2.5,N/A,tmp has Path Traversal via unsanitized prefix/postfix that enables directory escape
Ghost,Dependencias (SCA),GHSA-984p-xq9m-4rjw,Low,express-brute @ 1.0.1,N/A,Rate Limiting Bypass in express-brute
apache-superset,Dependencias (SCA),GHSA-p8p7-x288-28g6,Low,@cypress/request @ 2.88.12,N/A,Server-Side Request Forgery in Request
apache-superset,Dependencias (SCA),GHSA-r5fr-rjxr-66jc,Low,lodash @ 4.17.21,N/A,lodash vulnerable to Code Injection via `_.template` imports key names
apache-superset,Dependencias (SCA),GHSA-r5fr-rjxr-66jc,Low,lodash-es @ 4.17.21,N/A,lodash vulnerable to Code Injection via `_.template` imports key names
apache-superset,Dependencias (SCA),GHSA-xxjr-mmjv-4gpg,Low,lodash @ 4.17.21,N/A,Lodash has Prototype Pollution Vulnerability in `_.unset` and `_.omit` functions
apache-superset,Dependencias (SCA),GHSA-xxjr-mmjv-4gpg,Low,lodash-es @ 4.17.21,N/A,Lodash has Prototype Pollution Vulnerability in `_.unset` and `_.omit` functions
apache-superset,Dependencias (SCA),GHSA-6rw7-vpxm-498p,Low,qs @ 6.10.4,N/A,qs's arrayLimit bypass in its bracket notation allows DoS via memory exhaustion
apache-superset,Dependencias (SCA),GHSA-mh29-5h37-fv8m,Low,js-yaml @ 4.1.0,N/A,js-yaml has prototype pollution in merge (<<)
apache-superset,Dependencias (SCA),GHSA-mh29-5h37-fv8m,Low,js-yaml @ 4.1.0,N/A,js-yaml has prototype pollution in merge (<<)
apache-superset,Dependencias (SCA),GHSA-w7fw-mjwx-w883,Low,qs @ 6.10.4,N/A,qs's arrayLimit bypass in comma parsing allows denial of service
apache-superset,Dependencias (SCA),GHSA-f23m-r3pf-42rh,Low,lodash @ 4.17.21,N/A,lodash vulnerable to Prototype Pollution via array path bypass in `_.unset` and `_.omit`
apache-superset,Dependencias (SCA),GHSA-f23m-r3pf-42rh,Low,lodash-es @ 4.17.21,N/A,lodash vulnerable to Prototype Pollution via array path bypass in `_.unset` and `_.omit`
apache-superset,Dependencias (SCA),GHSA-48c2-rrv3-qjmp,Low,yaml @ 1.10.2,N/A,yaml is vulnerable to Stack Overflow via deeply nested YAML collections
apache-superset,Dependencias (SCA),GHSA-qj8w-gfj5-8c6v,Low,serialize-javascript @ 6.0.2,N/A,Serialize JavaScript has CPU Exhaustion Denial of Service via crafted array-like objects
apache-superset,Dependencias (SCA),GHSA-w5hq-g745-h8pq,Low,uuid @ 3.4.0,N/A,uuid: Missing buffer bounds check in v3/v5/v6 when buf is provided
apache-superset,Dependencias (SCA),GHSA-w5hq-g745-h8pq,Low,uuid @ 8.3.2,N/A,uuid: Missing buffer bounds check in v3/v5/v6 when buf is provided
apache-superset,Dependencias (SCA),GHSA-w5hq-g745-h8pq,Low,uuid @ 8.3.2,N/A,uuid: Missing buffer bounds check in v3/v5/v6 when buf is provided
apache-superset,Dependencias (SCA),GHSA-58qx-3vcg-4xpx,Low,ws @ 8.18.3,N/A,ws: Uninitialized memory disclosure
apache-superset,Dependencias (SCA),GHSA-4vf8-mc4r-r3v2,Low,superset-cypress @ 1.0.0,N/A,Malware in superset-cypress
apache-superset,Dependencias (SCA),GHSA-qrv4-fch7-39w7,Low,superset-websocket @ 0.0.1,N/A,Malware in superset-websocket
apache-superset,Dependencias (SCA),GHSA-36jr-mh4h-2g58,Low,d3-color @ 1.4.1,N/A,d3-color vulnerable to ReDoS
apache-superset,Dependencias (SCA),GHSA-36jr-mh4h-2g58,Low,d3-color @ 2.0.0,N/A,d3-color vulnerable to ReDoS
apache-superset,Dependencias (SCA),GHSA-5xr6-xhww-33m4,Low,dawidd6/action-download-artifact @ b6e2e70617bc3265edd6dab6c906732b2f1ae151,N/A,Artifact poisoning vulnerability in action-download-artifact v5 and earlier
apache-superset,Dependencias (SCA),GHSA-5xr6-xhww-33m4,Low,dawidd6/action-download-artifact @ b6e2e70617bc3265edd6dab6c906732b2f1ae151,N/A,Artifact poisoning vulnerability in action-download-artifact v5 and earlier
apache-superset,Dependencias (SCA),GHSA-5c6j-r48x-rmvq,Low,serialize-javascript @ 6.0.2,N/A,Serialize JavaScript is Vulnerable to RCE via RegExp.flags and Date.prototype.toISOString()
apache-superset,Dependencias (SCA),GHSA-jxxr-4gwj-5jf2,Low,brace-expansion @ 5.0.5,N/A,brace-expansion: Large numeric range defeats documented `max` DoS protection
gitea,Dependencias (SCA),GHSA-q3j6-qgpj-74h6,Low,fast-uri @ 3.1.0,N/A,fast-uri vulnerable to path traversal via percent-encoded dot segments
gitea,Dependencias (SCA),GHSA-v39h-62p7-jpjc,Low,fast-uri @ 3.1.0,N/A,fast-uri vulnerable to host confusion via percent-encoded authority delimiters
gitea,Dependencias (SCA),GHSA-58qx-3vcg-4xpx,Low,ws @ 8.20.0,N/A,ws: Uninitialized memory disclosure
gitea,Dependencias (SCA),GHSA-jxxr-4gwj-5jf2,Low,brace-expansion @ 5.0.5,N/A,brace-expansion: Large numeric range defeats documented `max` DoS protection
hoppscotch,Dependencias (SCA),GHSA-4r4m-qw57-chr8,Low,vite @ 3.2.11,N/A,Vite has a `server.fs.deny` bypassed for `inline` and `raw` with `?import` query
hoppscotch,Dependencias (SCA),GHSA-x574-m823-4x7w,Low,vite @ 3.2.11,N/A,Vite bypasses server.fs.deny when using ?raw??
hoppscotch,Dependencias (SCA),GHSA-xcj6-pq6g-qj4x,Low,vite @ 3.2.11,N/A,Vite allows server.fs.deny to be bypassed with .svg or relative paths
hoppscotch,Dependencias (SCA),GHSA-356w-63v5-8wf4,Low,vite @ 3.2.11,N/A,Vite has an `server.fs.deny` bypass with an invalid `request-target`
hoppscotch,Dependencias (SCA),GHSA-4w7w-66w2-5vf9,Low,vite @ 3.2.11,N/A,Vite Vulnerable to Path Traversal in Optimized Deps `.map` Handling
hoppscotch,Dependencias (SCA),GHSA-859w-5945-r5v3,Low,vite @ 3.2.11,N/A,Vite's server.fs.deny bypassed with /. for files under project root
hoppscotch,Dependencias (SCA),GHSA-93m4-6634-74q7,Low,vite @ 3.2.11,N/A,vite allows server.fs.deny bypass via backslash on Windows
hoppscotch,Dependencias (SCA),GHSA-g4jq-h2w9-997c,Low,vite @ 3.2.11,N/A,Vite middleware may serve files starting with the same name with the public directory
hoppscotch,Dependencias (SCA),GHSA-mw96-cpmx-2vgc,Low,rollup @ 4.27.4,N/A,Rollup 4 has Arbitrary File Write via Path Traversal
hoppscotch,Dependencias (SCA),GHSA-mw96-cpmx-2vgc,Low,rollup @ 4.54.0,N/A,Rollup 4 has Arbitrary File Write via Path Traversal
hoppscotch,Dependencias (SCA),GHSA-94vh-gphv-8pm8,Low,zip @ 2.2.2,N/A,zip Incorrectly Canonicalizes Paths during Archive Extraction Leading to Arbitrary File Write
hoppscotch,Dependencias (SCA),GHSA-94vh-gphv-8pm8,Low,zip @ 2.2.2,N/A,zip Incorrectly Canonicalizes Paths during Archive Extraction Leading to Arbitrary File Write
hoppscotch,Dependencias (SCA),GHSA-8266-84wp-wv5c,Low,svelte @ 3.59.2,N/A,Svelte has a potential mXSS vulnerability due to improper HTML escaping
hoppscotch,Dependencias (SCA),GHSA-cqmj-92xf-r6r9,Low,socket.io-parser @ 4.0.5,N/A,Insufficient validation when decoding a Socket.IO packet
hoppscotch,Dependencias (SCA),GHSA-4p46-pwfr-66x6,Low,ring @ 0.17.8,N/A,Some AES functions may panic when overflow checking is enabled in ring
hoppscotch,Dependencias (SCA),GHSA-g3ch-rx76-35fx,Low,vue-template-compiler @ 2.7.16,N/A,vue-template-compiler vulnerable to client-side Cross-Site Scripting (XSS)
hoppscotch,Dependencias (SCA),GHSA-pg9f-39pc-qf8g,Low,crossbeam-channel @ 0.5.14,N/A,crossbeam-channel Vulnerable to Double Free on Drop
hoppscotch,Dependencias (SCA),GHSA-pg9f-39pc-qf8g,Low,crossbeam-channel @ 0.5.14,N/A,crossbeam-channel Vulnerable to Double Free on Drop
hoppscotch,Dependencias (SCA),GHSA-wf6x-7x77-mvgw,Low,immutable @ 3.7.6,N/A,Immutable is vulnerable to Prototype Pollution
hoppscotch,Dependencias (SCA),GHSA-rpmj-rpgj-qmpm,Low,openssl @ 0.10.68,N/A,rust-openssl ssl::select_next_proto use after free
hoppscotch,Dependencias (SCA),GHSA-rpmj-rpgj-qmpm,Low,openssl @ 0.10.68,N/A,rust-openssl ssl::select_next_proto use after free
hoppscotch,Dependencias (SCA),GHSA-rpmj-rpgj-qmpm,Low,openssl @ 0.10.68,N/A,rust-openssl ssl::select_next_proto use after free
hoppscotch,Dependencias (SCA),GHSA-vg6x-rcgg-rjx6,Low,vite @ 3.2.11,N/A,Websites were able to send any requests to the development server and read the response in vite
hoppscotch,Dependencias (SCA),GHSA-hppc-g8h3-xhp3,Low,openssl @ 0.10.68,N/A,rust-openssl: Unchecked callback length in PSK/cookie trampolines leaks adjacent memory to peer
hoppscotch,Dependencias (SCA),GHSA-hppc-g8h3-xhp3,Low,openssl @ 0.10.68,N/A,rust-openssl: Unchecked callback length in PSK/cookie trampolines leaks adjacent memory to peer
hoppscotch,Dependencias (SCA),GHSA-hppc-g8h3-xhp3,Low,openssl @ 0.10.68,N/A,rust-openssl: Unchecked callback length in PSK/cookie trampolines leaks adjacent memory to peer
hoppscotch,Dependencias (SCA),GHSA-hppc-g8h3-xhp3,Low,openssl @ 0.10.71,N/A,rust-openssl: Unchecked callback length in PSK/cookie trampolines leaks adjacent memory to peer
hoppscotch,Dependencias (SCA),GHSA-hppc-g8h3-xhp3,Low,openssl @ 0.10.72,N/A,rust-openssl: Unchecked callback length in PSK/cookie trampolines leaks adjacent memory to peer
hoppscotch,Dependencias (SCA),GHSA-hppc-g8h3-xhp3,Low,openssl @ 0.10.74,N/A,rust-openssl: Unchecked callback length in PSK/cookie trampolines leaks adjacent memory to peer
hoppscotch,Dependencias (SCA),GHSA-95h2-gj7x-gx9w,Low,unhead @ 2.1.12,N/A,Unhead has a hasDangerousProtocol() bypass via leading-zero padded HTML entities in useHeadSafe()
hoppscotch,Dependencias (SCA),GHSA-pqf5-4pqq-29f5,Low,openssl @ 0.10.68,N/A,rust-openssl: Deriver::derive and PkeyCtxRef::derive can overflow short buffers on OpenSSL 1.1.1
hoppscotch,Dependencias (SCA),GHSA-pqf5-4pqq-29f5,Low,openssl @ 0.10.68,N/A,rust-openssl: Deriver::derive and PkeyCtxRef::derive can overflow short buffers on OpenSSL 1.1.1
hoppscotch,Dependencias (SCA),GHSA-pqf5-4pqq-29f5,Low,openssl @ 0.10.68,N/A,rust-openssl: Deriver::derive and PkeyCtxRef::derive can overflow short buffers on OpenSSL 1.1.1
hoppscotch,Dependencias (SCA),GHSA-pqf5-4pqq-29f5,Low,openssl @ 0.10.71,N/A,rust-openssl: Deriver::derive and PkeyCtxRef::derive can overflow short buffers on OpenSSL 1.1.1
hoppscotch,Dependencias (SCA),GHSA-pqf5-4pqq-29f5,Low,openssl @ 0.10.72,N/A,rust-openssl: Deriver::derive and PkeyCtxRef::derive can overflow short buffers on OpenSSL 1.1.1
hoppscotch,Dependencias (SCA),GHSA-pqf5-4pqq-29f5,Low,openssl @ 0.10.74,N/A,rust-openssl: Deriver::derive and PkeyCtxRef::derive can overflow short buffers on OpenSSL 1.1.1
hoppscotch,Dependencias (SCA),GHSA-ghm9-cr32-g9qj,Low,openssl @ 0.10.68,N/A,rust-openssl: rustMdCtxRef::digest_final() writes past caller buffer with no length check
hoppscotch,Dependencias (SCA),GHSA-ghm9-cr32-g9qj,Low,openssl @ 0.10.68,N/A,rust-openssl: rustMdCtxRef::digest_final() writes past caller buffer with no length check
hoppscotch,Dependencias (SCA),GHSA-ghm9-cr32-g9qj,Low,openssl @ 0.10.68,N/A,rust-openssl: rustMdCtxRef::digest_final() writes past caller buffer with no length check
hoppscotch,Dependencias (SCA),GHSA-ghm9-cr32-g9qj,Low,openssl @ 0.10.71,N/A,rust-openssl: rustMdCtxRef::digest_final() writes past caller buffer with no length check
hoppscotch,Dependencias (SCA),GHSA-ghm9-cr32-g9qj,Low,openssl @ 0.10.72,N/A,rust-openssl: rustMdCtxRef::digest_final() writes past caller buffer with no length check
hoppscotch,Dependencias (SCA),GHSA-ghm9-cr32-g9qj,Low,openssl @ 0.10.74,N/A,rust-openssl: rustMdCtxRef::digest_final() writes past caller buffer with no length check
hoppscotch,Dependencias (SCA),GHSA-8c75-8mhr-p7r9,Low,openssl @ 0.10.68,N/A,rust-openssl has incorrect bounds assertion in aes key wrap
hoppscotch,Dependencias (SCA),GHSA-8c75-8mhr-p7r9,Low,openssl @ 0.10.68,N/A,rust-openssl has incorrect bounds assertion in aes key wrap
hoppscotch,Dependencias (SCA),GHSA-8c75-8mhr-p7r9,Low,openssl @ 0.10.68,N/A,rust-openssl has incorrect bounds assertion in aes key wrap
hoppscotch,Dependencias (SCA),GHSA-8c75-8mhr-p7r9,Low,openssl @ 0.10.71,N/A,rust-openssl has incorrect bounds assertion in aes key wrap
hoppscotch,Dependencias (SCA),GHSA-8c75-8mhr-p7r9,Low,openssl @ 0.10.72,N/A,rust-openssl has incorrect bounds assertion in aes key wrap
hoppscotch,Dependencias (SCA),GHSA-8c75-8mhr-p7r9,Low,openssl @ 0.10.74,N/A,rust-openssl has incorrect bounds assertion in aes key wrap
hoppscotch,Dependencias (SCA),GHSA-677m-j7p3-52f9,Low,socket.io-parser @ 4.0.5,N/A,socket.io allows an unbounded number of binary attachments
hoppscotch,Dependencias (SCA),GHSA-xmgf-hq76-4vx2,Low,openssl @ 0.10.68,N/A,rust-opennssl has an Out-of-bounds read in PEM password callback when returning an oversized length
hoppscotch,Dependencias (SCA),GHSA-xmgf-hq76-4vx2,Low,openssl @ 0.10.68,N/A,rust-opennssl has an Out-of-bounds read in PEM password callback when returning an oversized length
hoppscotch,Dependencias (SCA),GHSA-xmgf-hq76-4vx2,Low,openssl @ 0.10.68,N/A,rust-opennssl has an Out-of-bounds read in PEM password callback when returning an oversized length
hoppscotch,Dependencias (SCA),GHSA-xmgf-hq76-4vx2,Low,openssl @ 0.10.71,N/A,rust-opennssl has an Out-of-bounds read in PEM password callback when returning an oversized length
hoppscotch,Dependencias (SCA),GHSA-xmgf-hq76-4vx2,Low,openssl @ 0.10.72,N/A,rust-opennssl has an Out-of-bounds read in PEM password callback when returning an oversized length
hoppscotch,Dependencias (SCA),GHSA-xmgf-hq76-4vx2,Low,openssl @ 0.10.74,N/A,rust-opennssl has an Out-of-bounds read in PEM password callback when returning an oversized length
hoppscotch,Dependencias (SCA),GHSA-6fx8-h7jm-663j,Low,parseuri @ 0.0.6,N/A,parse-uri Regular expression Denial of Service (ReDoS)
hoppscotch,Dependencias (SCA),GHSA-crv5-9vww-q3g8,Low,dompurify @ 3.2.7,N/A,DOMPurify has a SAFE_FOR_TEMPLATES bypass in RETURN_DOM mode
hoppscotch,Dependencias (SCA),GHSA-xwfj-jgwm-7wp5,Low,tracing-subscriber @ 0.3.19,N/A,Tracing logging user input may result in poisoning logs with ANSI escape sequences
hoppscotch,Dependencias (SCA),GHSA-3v7f-55p6-f55p,Low,picomatch @ 4.0.2,N/A,Picomatch: Method Injection in POSIX Character Classes causes incorrect Glob Matching
hoppscotch,Dependencias (SCA),GHSA-3v7f-55p6-f55p,Low,picomatch @ 4.0.3,N/A,Picomatch: Method Injection in POSIX Character Classes causes incorrect Glob Matching
hoppscotch,Dependencias (SCA),GHSA-q8mj-m7cp-5q26,Low,qs @ 6.15.0,N/A,qs has a remotely triggerable DoS: qs.stringify crashes with TypeError on null/undefined entries in comma-format arrays when encodeValuesOnly is set
hoppscotch,Dependencias (SCA),GHSA-q8mj-m7cp-5q26,Low,qs @ 6.15.1,N/A,qs has a remotely triggerable DoS: qs.stringify crashes with TypeError on null/undefined entries in comma-format arrays when encodeValuesOnly is set
hoppscotch,Dependencias (SCA),GHSA-v9jr-rg53-9pgp,Low,dompurify @ 3.2.7,N/A,DOMPurify: Prototype Pollution to XSS Bypass via CUSTOM_ELEMENT_HANDLING Fallback
hoppscotch,Dependencias (SCA),GHSA-7gmj-67g7-phm9,Low,tauri @ 2.10.3,N/A,Tauri has an Origin Confusion Issue that Allows Remote Pages to Invoke Local-Only IPC Commands
hoppscotch,Dependencias (SCA),GHSA-7gmj-67g7-phm9,Low,tauri @ 2.3.1,N/A,Tauri has an Origin Confusion Issue that Allows Remote Pages to Invoke Local-Only IPC Commands
hoppscotch,Dependencias (SCA),GHSA-7gmj-67g7-phm9,Low,tauri @ 2.5.1,N/A,Tauri has an Origin Confusion Issue that Allows Remote Pages to Invoke Local-Only IPC Commands
hoppscotch,Dependencias (SCA),GHSA-7gmj-67g7-phm9,Low,tauri @ 2.9.3,N/A,Tauri has an Origin Confusion Issue that Allows Remote Pages to Invoke Local-Only IPC Commands
hoppscotch,Dependencias (SCA),GHSA-qp7p-654g-cw7p,Low,hono @ 4.12.15,N/A,Hono has CSS Declaration Injection via Style Object Values in JSX SSR
hoppscotch,Dependencias (SCA),GHSA-p77w-8qqv-26rm,Low,hono @ 4.12.15,N/A,Hono's Cache Middleware ignores Vary: Authorization / Vary: Cookie leading to cross-user cache leakage
hoppscotch,Dependencias (SCA),GHSA-phwv-c562-gvmh,Low,svelte @ 3.59.2,N/A,Svelte vulnerable to XSS during SSR with contenteditable `bind:innerText` and `bind:textContent`
hoppscotch,Dependencias (SCA),GHSA-xp3w-r5p5-63rr,Low,openssl @ 0.10.68,N/A,rust-openssl has undefined behavior in X509Ref::ocsp_responders for certificates with non-UTF-8 OCSP URLs
hoppscotch,Dependencias (SCA),GHSA-xp3w-r5p5-63rr,Low,openssl @ 0.10.68,N/A,rust-openssl has undefined behavior in X509Ref::ocsp_responders for certificates with non-UTF-8 OCSP URLs
hoppscotch,Dependencias (SCA),GHSA-xp3w-r5p5-63rr,Low,openssl @ 0.10.68,N/A,rust-openssl has undefined behavior in X509Ref::ocsp_responders for certificates with non-UTF-8 OCSP URLs
hoppscotch,Dependencias (SCA),GHSA-xp3w-r5p5-63rr,Low,openssl @ 0.10.71,N/A,rust-openssl has undefined behavior in X509Ref::ocsp_responders for certificates with non-UTF-8 OCSP URLs
hoppscotch,Dependencias (SCA),GHSA-xp3w-r5p5-63rr,Low,openssl @ 0.10.72,N/A,rust-openssl has undefined behavior in X509Ref::ocsp_responders for certificates with non-UTF-8 OCSP URLs
hoppscotch,Dependencias (SCA),GHSA-xp3w-r5p5-63rr,Low,openssl @ 0.10.74,N/A,rust-openssl has undefined behavior in X509Ref::ocsp_responders for certificates with non-UTF-8 OCSP URLs
hoppscotch,Dependencias (SCA),GHSA-69xw-7hcm-h432,Low,hono @ 4.12.15,N/A,hono/jsx has Unvalidated JSX Tag Names that May Allow HTML Injection
hoppscotch,Dependencias (SCA),GHSA-fv7c-fp4j-7gwp,Low,@babel/plugin-transform-modules-systemjs @ 7.29.0,N/A,@babel/plugin-transform-modules-systemjs generates arbitrary code when compiling malicious input
hoppscotch,Dependencias (SCA),GHSA-crpf-4hrx-3jrp,Low,svelte @ 3.59.2,N/A,Svelte SSR attribute spreading includes inherited properties from prototype chain
hoppscotch,Dependencias (SCA),GHSA-c2c7-rcm5-vvqj,Low,picomatch @ 4.0.2,N/A,Picomatch has a ReDoS vulnerability via extglob quantifiers
hoppscotch,Dependencias (SCA),GHSA-c2c7-rcm5-vvqj,Low,picomatch @ 4.0.3,N/A,Picomatch has a ReDoS vulnerability via extglob quantifiers
hoppscotch,Dependencias (SCA),GHSA-f886-m6hf-6m8v,Low,brace-expansion @ 1.1.12,N/A,brace-expansion: Zero-step sequence causes process hang and memory exhaustion
hoppscotch,Dependencias (SCA),GHSA-gchp-q4r4-x4ff,Low,tar @ 0.4.43,N/A,tar-rs incorrectly ignores PAX size headers if header size is nonzero
hoppscotch,Dependencias (SCA),GHSA-gchp-q4r4-x4ff,Low,tar @ 0.4.44,N/A,tar-rs incorrectly ignores PAX size headers if header size is nonzero
hoppscotch,Dependencias (SCA),GHSA-j4xf-2g29-59ph,Low,tar @ 0.4.43,N/A,tar-rs `unpack_in` can chmod arbitrary directories by following symlinks
hoppscotch,Dependencias (SCA),GHSA-j4xf-2g29-59ph,Low,tar @ 0.4.44,N/A,tar-rs `unpack_in` can chmod arbitrary directories by following symlinks
hoppscotch,Dependencias (SCA),GHSA-434x-w66g-qw3r,Low,bytes @ 1.10.1,N/A,bytes has integer overflow in BytesMut::reserve
hoppscotch,Dependencias (SCA),GHSA-434x-w66g-qw3r,Low,bytes @ 1.10.1,N/A,bytes has integer overflow in BytesMut::reserve
hoppscotch,Dependencias (SCA),GHSA-434x-w66g-qw3r,Low,bytes @ 1.10.1,N/A,bytes has integer overflow in BytesMut::reserve
hoppscotch,Dependencias (SCA),GHSA-434x-w66g-qw3r,Low,bytes @ 1.8.0,N/A,bytes has integer overflow in BytesMut::reserve
hoppscotch,Dependencias (SCA),GHSA-434x-w66g-qw3r,Low,bytes @ 1.9.0,N/A,bytes has integer overflow in BytesMut::reserve
hoppscotch,Dependencias (SCA),GHSA-434x-w66g-qw3r,Low,bytes @ 1.9.0,N/A,bytes has integer overflow in BytesMut::reserve
hoppscotch,Dependencias (SCA),GHSA-qj8w-gfj5-8c6v,Low,serialize-javascript @ 7.0.3,N/A,Serialize JavaScript has CPU Exhaustion Denial of Service via crafted array-like objects
hoppscotch,Dependencias (SCA),GHSA-92pp-h63x-v22m,Low,@hono/node-server @ 1.19.11,N/A,@hono/node-server: Middleware bypass via repeated slashes in serveStatic
hoppscotch,Dependencias (SCA),GHSA-r6v5-fh4h-64xc,Low,time @ 0.3.37,N/A,time vulnerable to stack exhaustion Denial of Service attack
hoppscotch,Dependencias (SCA),GHSA-r6v5-fh4h-64xc,Low,time @ 0.3.37,N/A,time vulnerable to stack exhaustion Denial of Service attack
hoppscotch,Dependencias (SCA),GHSA-r6v5-fh4h-64xc,Low,time @ 0.3.37,N/A,time vulnerable to stack exhaustion Denial of Service attack
hoppscotch,Dependencias (SCA),GHSA-r6v5-fh4h-64xc,Low,time @ 0.3.39,N/A,time vulnerable to stack exhaustion Denial of Service attack
hoppscotch,Dependencias (SCA),GHSA-r6v5-fh4h-64xc,Low,time @ 0.3.41,N/A,time vulnerable to stack exhaustion Denial of Service attack
hoppscotch,Dependencias (SCA),GHSA-r6v5-fh4h-64xc,Low,time @ 0.3.44,N/A,time vulnerable to stack exhaustion Denial of Service attack
hoppscotch,Dependencias (SCA),GHSA-w5hq-g745-h8pq,Low,uuid @ 13.0.0,N/A,uuid: Missing buffer bounds check in v3/v5/v6 when buf is provided
hoppscotch,Dependencias (SCA),GHSA-w5hq-g745-h8pq,Low,uuid @ 8.3.2,N/A,uuid: Missing buffer bounds check in v3/v5/v6 when buf is provided
hoppscotch,Dependencias (SCA),GHSA-w5hq-g745-h8pq,Low,uuid @ 9.0.1,N/A,uuid: Missing buffer bounds check in v3/v5/v6 when buf is provided
hoppscotch,Dependencias (SCA),GHSA-v2wj-7wpq-c8vv,Low,dompurify @ 3.2.7,N/A,DOMPurify contains a Cross-site Scripting vulnerability
hoppscotch,Dependencias (SCA),GHSA-h7mw-gpvr-xq4m,Low,dompurify @ 3.2.7,N/A,DOMPurify: FORBID_TAGS bypassed by function-based ADD_TAGS predicate (asymmetry with FORBID_ATTR fix)
hoppscotch,Dependencias (SCA),GHSA-hm8q-7f3q-5f36,Low,hono @ 4.12.15,N/A,"Hono has improper validation of NumericDate claims (exp, nbf, iat) in JWT verify()"
hoppscotch,Dependencias (SCA),GHSA-9vqf-7f2p-gf9v,Low,hono @ 4.12.15,N/A,Hono: bodyLimit() can be bypassed for chunked / unknown-length requests
hoppscotch,Dependencias (SCA),GHSA-jqfw-vq24-v9c3,Low,vite @ 3.2.11,N/A,Vite's `server.fs` settings were not applied to HTML files
hoppscotch,Dependencias (SCA),GHSA-q6x5-8v7m-xcrf,Low,@protobufjs/utf8 @ 1.1.0,N/A,protobufjs has overlong UTF-8 decoding
hoppscotch,Dependencias (SCA),GHSA-73rr-hh4g-fpgx,Low,diff @ 7.0.0,N/A,jsdiff has a Denial of Service vulnerability in parsePatch and applyPatch
hoppscotch,Dependencias (SCA),GHSA-58qx-3vcg-4xpx,Low,ws @ 8.17.1,N/A,ws: Uninitialized memory disclosure
hoppscotch,Dependencias (SCA),GHSA-f7gr-6p89-r883,Low,svelte @ 3.59.2,N/A,Svelte affected by cross-site scripting via spread attributes in Svelte SSR
hoppscotch,Dependencias (SCA),GHSA-m56q-vw4c-c2cp,Low,svelte @ 3.59.2,N/A,Svelte SSR does not validate dynamic element tag names in `<svelte:element>`
hoppscotch,Dependencias (SCA),GHSA-xv59-967r-8726,Low,openssl @ 0.10.68,N/A,rust-openssl vulnerable to heap buffer overflow when encrypting with AES key-wrap-with-padding
hoppscotch,Dependencias (SCA),GHSA-xv59-967r-8726,Low,openssl @ 0.10.68,N/A,rust-openssl vulnerable to heap buffer overflow when encrypting with AES key-wrap-with-padding
hoppscotch,Dependencias (SCA),GHSA-xv59-967r-8726,Low,openssl @ 0.10.68,N/A,rust-openssl vulnerable to heap buffer overflow when encrypting with AES key-wrap-with-padding
hoppscotch,Dependencias (SCA),GHSA-xv59-967r-8726,Low,openssl @ 0.10.71,N/A,rust-openssl vulnerable to heap buffer overflow when encrypting with AES key-wrap-with-padding
hoppscotch,Dependencias (SCA),GHSA-xv59-967r-8726,Low,openssl @ 0.10.72,N/A,rust-openssl vulnerable to heap buffer overflow when encrypting with AES key-wrap-with-padding
hoppscotch,Dependencias (SCA),GHSA-xv59-967r-8726,Low,openssl @ 0.10.74,N/A,rust-openssl vulnerable to heap buffer overflow when encrypting with AES key-wrap-with-padding
hoppscotch,Dependencias (SCA),GHSA-gf2q-c269-pqgc,Low,liquidjs @ 10.25.7,N/A,LiquidJS is Vulnerable to Remote Code Execution
hoppscotch,Dependencias (SCA),GHSA-cxww-7g56-2vh6,Low,actions/download-artifact @ v4,N/A,@actions/download-artifact has an Arbitrary File Write via artifact extraction
hoppscotch,Dependencias (SCA),GHSA-cxww-7g56-2vh6,Low,actions/download-artifact @ v4,N/A,@actions/download-artifact has an Arbitrary File Write via artifact extraction
hoppscotch,Dependencias (SCA),GHSA-cxww-7g56-2vh6,Low,actions/download-artifact @ v4,N/A,@actions/download-artifact has an Arbitrary File Write via artifact extraction
hoppscotch,Dependencias (SCA),GHSA-hh27-hf48-9f5q,Low,liquidjs @ 10.25.7,N/A,LiquidJS has a memory and render limit bypass via unbounded width padding in `date` filter (strftime)
hoppscotch,Dependencias (SCA),GHSA-r7g9-xpmj-5fcq,Low,liquidjs @ 10.25.7,N/A,LiquidJS Vulnerable to ReDoS via Quadratic Backtracking in `strip_html` Filter Regex
hoppscotch,Dependencias (SCA),GHSA-82j2-j2ch-gfr8,Low,rustls-webpki @ 0.102.8,N/A,rustls-webpki: Denial of service via panic on malformed CRL BIT STRING
hoppscotch,Dependencias (SCA),GHSA-82j2-j2ch-gfr8,Low,rustls-webpki @ 0.102.8,N/A,rustls-webpki: Denial of service via panic on malformed CRL BIT STRING
hoppscotch,Dependencias (SCA),GHSA-82j2-j2ch-gfr8,Low,rustls-webpki @ 0.103.3,N/A,rustls-webpki: Denial of service via panic on malformed CRL BIT STRING
hoppscotch,Dependencias (SCA),GHSA-82j2-j2ch-gfr8,Low,rustls-webpki @ 0.103.8,N/A,rustls-webpki: Denial of service via panic on malformed CRL BIT STRING
hoppscotch,Dependencias (SCA),GHSA-jxxr-4gwj-5jf2,Low,brace-expansion @ 5.0.5,N/A,brace-expansion: Large numeric range defeats documented `max` DoS protection
hoppscotch,Dependencias (SCA),GHSA-39q2-94rc-95cp,Low,dompurify @ 3.2.7,N/A,DOMPurify's ADD_TAGS function form bypasses FORBID_TAGS due to short-circuit evaluation
hoppscotch,Dependencias (SCA),GHSA-cj63-jhhr-wcxv,Low,dompurify @ 3.2.7,N/A,DOMPurify USE_PROFILES prototype pollution allows event handlers
hoppscotch,Dependencias (SCA),GHSA-cjmm-f4jc-qw8r,Low,dompurify @ 3.2.7,N/A,DOMPurify ADD_ATTR predicate skips URI validation
hoppscotch,Dependencias (SCA),GHSA-h8r8-wccr-v5f2,Low,dompurify @ 3.2.7,N/A,DOMPurify is vulnerable to mutation-XSS via Re-Contextualization
hoppscotch,Dependencias (SCA),GHSA-67mh-4wv8-2f99,Low,esbuild @ 0.15.18,N/A,esbuild enables any website to send any requests to the development server and read the response
hoppscotch,Dependencias (SCA),GHSA-67mh-4wv8-2f99,Low,esbuild @ 0.17.19,N/A,esbuild enables any website to send any requests to the development server and read the response
hoppscotch,Dependencias (SCA),GHSA-wrw7-89jp-8q8g,Low,glib @ 0.18.5,N/A,Unsoundness in `Iterator` and `DoubleEndedIterator` impls for `glib::VariantStrIter`
hoppscotch,Dependencias (SCA),GHSA-wrw7-89jp-8q8g,Low,glib @ 0.18.5,N/A,Unsoundness in `Iterator` and `DoubleEndedIterator` impls for `glib::VariantStrIter`
hoppscotch,Dependencias (SCA),GHSA-wrw7-89jp-8q8g,Low,glib @ 0.18.5,N/A,Unsoundness in `Iterator` and `DoubleEndedIterator` impls for `glib::VariantStrIter`
hoppscotch,Dependencias (SCA),GHSA-wrw7-89jp-8q8g,Low,glib @ 0.18.5,N/A,Unsoundness in `Iterator` and `DoubleEndedIterator` impls for `glib::VariantStrIter`
hoppscotch,Dependencias (SCA),GHSA-2qv6-9wx5-cwv4,Low,liquidjs @ 10.25.7,N/A,LiquidJS's strip_html filter bypass via newline characters in HTML tags enables XSS
hoppscotch,Dependencias (SCA),GHSA-8xx9-69p8-7jp3,Low,liquidjs @ 10.25.7,N/A,LiquidJS has a renderLimit DoS guard bypass via empty `{% for %}` body
hoppscotch,Dependencias (SCA),GHSA-9x9p-qf8f-mvjg,Low,liquidjs @ 10.25.7,N/A,LiquidJS's `{% render %}` tag silently bypasses per-render `ownPropertyOnly:true` via `Context.spawn()`
hoppscotch,Dependencias (SCA),GHSA-vvjj-xcjg-gr5g,Low,nodemailer @ 7.0.13,N/A,Nodemailer Vulnerable to SMTP Command Injection via CRLF in Transport name Option (EHLO/HELO)
hoppscotch,Dependencias (SCA),GHSA-4fcv-w3qc-ppgg,Low,openssl @ 0.10.68,N/A,rust-openssl Use-After-Free in `Md::fetch` and `Cipher::fetch`
hoppscotch,Dependencias (SCA),GHSA-4fcv-w3qc-ppgg,Low,openssl @ 0.10.68,N/A,rust-openssl Use-After-Free in `Md::fetch` and `Cipher::fetch`
hoppscotch,Dependencias (SCA),GHSA-4fcv-w3qc-ppgg,Low,openssl @ 0.10.68,N/A,rust-openssl Use-After-Free in `Md::fetch` and `Cipher::fetch`
hoppscotch,Dependencias (SCA),GHSA-phqj-4mhp-q6mq,Low,openssl @ 0.10.68,N/A,rust-openssl: Potential out-of-bounds write in `CipherCtxRef::cipher_update_inplace` for AES-KW-PAD ciphers
hoppscotch,Dependencias (SCA),GHSA-phqj-4mhp-q6mq,Low,openssl @ 0.10.68,N/A,rust-openssl: Potential out-of-bounds write in `CipherCtxRef::cipher_update_inplace` for AES-KW-PAD ciphers
hoppscotch,Dependencias (SCA),GHSA-phqj-4mhp-q6mq,Low,openssl @ 0.10.68,N/A,rust-openssl: Potential out-of-bounds write in `CipherCtxRef::cipher_update_inplace` for AES-KW-PAD ciphers
hoppscotch,Dependencias (SCA),GHSA-4fcv-w3qc-ppgg,Low,openssl @ 0.10.71,N/A,rust-openssl Use-After-Free in `Md::fetch` and `Cipher::fetch`
hoppscotch,Dependencias (SCA),GHSA-phqj-4mhp-q6mq,Low,openssl @ 0.10.71,N/A,rust-openssl: Potential out-of-bounds write in `CipherCtxRef::cipher_update_inplace` for AES-KW-PAD ciphers
hoppscotch,Dependencias (SCA),GHSA-phqj-4mhp-q6mq,Low,openssl @ 0.10.72,N/A,rust-openssl: Potential out-of-bounds write in `CipherCtxRef::cipher_update_inplace` for AES-KW-PAD ciphers
hoppscotch,Dependencias (SCA),GHSA-phqj-4mhp-q6mq,Low,openssl @ 0.10.74,N/A,rust-openssl: Potential out-of-bounds write in `CipherCtxRef::cipher_update_inplace` for AES-KW-PAD ciphers
hoppscotch,Dependencias (SCA),GHSA-pwjx-qhcg-rvj4,Low,rustls-webpki @ 0.102.8,N/A,webpki: CRLs not considered authoritative by Distribution Point due to faulty matching logic
hoppscotch,Dependencias (SCA),GHSA-pwjx-qhcg-rvj4,Low,rustls-webpki @ 0.102.8,N/A,webpki: CRLs not considered authoritative by Distribution Point due to faulty matching logic
hoppscotch,Dependencias (SCA),GHSA-pwjx-qhcg-rvj4,Low,rustls-webpki @ 0.103.3,N/A,webpki: CRLs not considered authoritative by Distribution Point due to faulty matching logic
hoppscotch,Dependencias (SCA),GHSA-pwjx-qhcg-rvj4,Low,rustls-webpki @ 0.103.8,N/A,webpki: CRLs not considered authoritative by Distribution Point due to faulty matching logic
hoppscotch,Dependencias (SCA),GHSA-pr6f-5x2q-rwfp,Low,svelte @ 3.59.2,N/A,Svelte SSR vulnerable to cross-site scripting via spread attributes
hoppscotch,Dependencias (SCA),GHSA-rcqx-6q8c-2c42,Low,svelte @ 3.59.2,N/A,Svelte Vulnerable to XSS via DOM Clobbering of Internal Framework State
hoppscotch,Dependencias (SCA),GHSA-rhfx-m35p-ff5j,Low,lru @ 0.12.5,N/A,`IterMut` violates Stacked Borrows by invalidating internal pointer
hoppscotch,Dependencias (SCA),GHSA-rhfx-m35p-ff5j,Low,lru @ 0.12.5,N/A,`IterMut` violates Stacked Borrows by invalidating internal pointer
hoppscotch,Dependencias (SCA),GHSA-c7w3-x93f-qmm8,Low,nodemailer @ 7.0.13,N/A,Nodemailer has SMTP command injection due to unsanitized `envelope.size` parameter
hoppscotch,Dependencias (SCA),GHSA-cq8v-f236-94qc,Low,rand @ 0.7.3,N/A,Rand is unsound with a custom logger using rand::rng()
hoppscotch,Dependencias (SCA),GHSA-cq8v-f236-94qc,Low,rand @ 0.7.3,N/A,Rand is unsound with a custom logger using rand::rng()
hoppscotch,Dependencias (SCA),GHSA-cq8v-f236-94qc,Low,rand @ 0.7.3,N/A,Rand is unsound with a custom logger using rand::rng()
hoppscotch,Dependencias (SCA),GHSA-cq8v-f236-94qc,Low,rand @ 0.7.3,N/A,Rand is unsound with a custom logger using rand::rng()
hoppscotch,Dependencias (SCA),GHSA-cq8v-f236-94qc,Low,rand @ 0.8.5,N/A,Rand is unsound with a custom logger using rand::rng()
hoppscotch,Dependencias (SCA),GHSA-cq8v-f236-94qc,Low,rand @ 0.8.5,N/A,Rand is unsound with a custom logger using rand::rng()
hoppscotch,Dependencias (SCA),GHSA-cq8v-f236-94qc,Low,rand @ 0.8.5,N/A,Rand is unsound with a custom logger using rand::rng()
hoppscotch,Dependencias (SCA),GHSA-cq8v-f236-94qc,Low,rand @ 0.8.5,N/A,Rand is unsound with a custom logger using rand::rng()
hoppscotch,Dependencias (SCA),GHSA-cq8v-f236-94qc,Low,rand @ 0.8.5,N/A,Rand is unsound with a custom logger using rand::rng()
hoppscotch,Dependencias (SCA),GHSA-cq8v-f236-94qc,Low,rand @ 0.9.2,N/A,Rand is unsound with a custom logger using rand::rng()
hoppscotch,Dependencias (SCA),GHSA-965h-392x-2mh5,Low,rustls-webpki @ 0.102.8,N/A,webpki: Name constraints for URI names were incorrectly accepted
hoppscotch,Dependencias (SCA),GHSA-965h-392x-2mh5,Low,rustls-webpki @ 0.102.8,N/A,webpki: Name constraints for URI names were incorrectly accepted
hoppscotch,Dependencias (SCA),GHSA-xgp8-3hg3-c2mh,Low,rustls-webpki @ 0.102.8,N/A,webpki: Name constraints were accepted for certificates asserting a wildcard name
hoppscotch,Dependencias (SCA),GHSA-xgp8-3hg3-c2mh,Low,rustls-webpki @ 0.102.8,N/A,webpki: Name constraints were accepted for certificates asserting a wildcard name
hoppscotch,Dependencias (SCA),GHSA-965h-392x-2mh5,Low,rustls-webpki @ 0.103.3,N/A,webpki: Name constraints for URI names were incorrectly accepted
hoppscotch,Dependencias (SCA),GHSA-xgp8-3hg3-c2mh,Low,rustls-webpki @ 0.103.3,N/A,webpki: Name constraints were accepted for certificates asserting a wildcard name
hoppscotch,Dependencias (SCA),GHSA-965h-392x-2mh5,Low,rustls-webpki @ 0.103.8,N/A,webpki: Name constraints for URI names were incorrectly accepted
hoppscotch,Dependencias (SCA),GHSA-xgp8-3hg3-c2mh,Low,rustls-webpki @ 0.103.8,N/A,webpki: Name constraints were accepted for certificates asserting a wildcard name
hoppscotch,Dependencias (SCA),GHSA-rr8g-9fpq-6wmg,Low,tokio @ 1.41.0,N/A,"Tokio broadcast channel calls clone in parallel, but does not require `Sync`"
hoppscotch,Dependencias (SCA),GHSA-rr8g-9fpq-6wmg,Low,tokio @ 1.42.0,N/A,"Tokio broadcast channel calls clone in parallel, but does not require `Sync`"
hoppscotch,Dependencias (SCA),GHSA-rr8g-9fpq-6wmg,Low,tokio @ 1.43.0,N/A,"Tokio broadcast channel calls clone in parallel, but does not require `Sync`"
hoppscotch,Dependencias (SCA),GHSA-rr8g-9fpq-6wmg,Low,tokio @ 1.44.1,N/A,"Tokio broadcast channel calls clone in parallel, but does not require `Sync`"
librenms,Dependencias (SCA),GHSA-5j4c-8p2g-v4jx,Low,vue @ 2.7.16,N/A,ReDoS vulnerability in vue package that is exploitable through inefficient regex evaluation in the parseHTML function
librenms,Dependencias (SCA),GHSA-5wxr-w449-57cm,Low,shivammathur/setup-php @ v2,N/A,Setup PHP: GitHub tokens configured by setup-php may be exposed through pinned affected Composer versions
mastodon,Dependencias (SCA),GHSA-q3j6-qgpj-74h6,Low,fast-uri @ 3.0.6,N/A,fast-uri vulnerable to path traversal via percent-encoded dot segments
mastodon,Dependencias (SCA),GHSA-3v7f-55p6-f55p,Low,picomatch @ 2.3.1,N/A,Picomatch: Method Injection in POSIX Character Classes causes incorrect Glob Matching
mastodon,Dependencias (SCA),GHSA-q8mj-m7cp-5q26,Low,qs @ 6.14.0,N/A,qs has a remotely triggerable DoS: qs.stringify crashes with TypeError on null/undefined entries in comma-format arrays when encodeValuesOnly is set
mastodon,Dependencias (SCA),GHSA-6rw7-vpxm-498p,Low,qs @ 6.14.0,N/A,qs's arrayLimit bypass in its bracket notation allows DoS via memory exhaustion
mastodon,Dependencias (SCA),GHSA-34x7-hfp2-rc4v,Low,tar @ 7.4.3,N/A,node-tar Vulnerable to Arbitrary File Creation/Overwrite via Hardlink Path Traversal
mastodon,Dependencias (SCA),GHSA-w7fw-mjwx-w883,Low,qs @ 6.14.0,N/A,qs's arrayLimit bypass in comma parsing allows denial of service
mastodon,Dependencias (SCA),GHSA-c2c7-rcm5-vvqj,Low,picomatch @ 2.3.1,N/A,Picomatch has a ReDoS vulnerability via extglob quantifiers
mastodon,Dependencias (SCA),GHSA-f886-m6hf-6m8v,Low,brace-expansion @ 1.1.12,N/A,brace-expansion: Zero-step sequence causes process hang and memory exhaustion
mastodon,Dependencias (SCA),GHSA-8qq5-rm4j-mr97,Low,tar @ 7.4.3,N/A,node-tar is Vulnerable to Arbitrary File Overwrite and Symlink Poisoning via Insufficient Path Sanitization
mastodon,Dependencias (SCA),GHSA-v39h-62p7-jpjc,Low,fast-uri @ 3.0.6,N/A,fast-uri vulnerable to host confusion via percent-encoded authority delimiters
mastodon,Dependencias (SCA),GHSA-2g4f-4pwh-qvx6,Low,ajv @ 8.17.1,N/A,ajv has ReDoS when using `$data` option
mastodon,Dependencias (SCA),GHSA-r6q2-hw4h-h46w,Low,tar @ 7.4.3,N/A,Race Condition in node-tar Path Reservations via Unicode Ligature Collisions on macOS APFS
mastodon,Dependencias (SCA),GHSA-9ppj-qmqm-q256,Low,tar @ 7.4.3,N/A,node-tar Symlink Path Traversal via Drive-Relative Linkpath
mastodon,Dependencias (SCA),GHSA-qffp-2rhf-9h96,Low,tar @ 7.4.3,N/A,tar has Hardlink Path Traversal via Drive-Relative Linkpath
mastodon,Dependencias (SCA),GHSA-v2v4-37r5-5v8g,Low,ip-address @ 10.0.1,N/A,ip-address has XSS in Address6 HTML-emitting methods
mastodon,Dependencias (SCA),GHSA-83g3-92jg-28cx,Low,tar @ 7.4.3,N/A,Arbitrary File Read/Write via Hardlink Target Escape Through Symlink Chain in node-tar Extraction
mastodon,Dependencias (SCA),GHSA-c32j-vqhx-rx3x,Low,jwt @ 2.10.3,N/A,ruby-jwt: Empty-key HMAC bypass; cross-language sibling of CVE-2026-44351
snipe-it,Dependencias (SCA),GHSA-4r6h-8v6p-xvw6,Low,xlsx @ 0.18.5,N/A,Prototype Pollution in sheetJS
snipe-it,Dependencias (SCA),GHSA-h68q-55jf-x68w,Low,chart.js @ 1.1.1,N/A,Prototype pollution in chart.js
snipe-it,Dependencias (SCA),GHSA-q58r-hwc8-rm9j,Low,bootstrap @ 3.4.1,N/A,Bootstrap Vulnerable to Cross-Site Scripting in its Popover and Tooltip Components
snipe-it,Dependencias (SCA),GHSA-5pgg-2g8v-p4x9,Low,xlsx @ 0.18.5,N/A,SheetJS Regular Expression Denial of Service (ReDoS)
snipe-it,Dependencias (SCA),GHSA-vxmc-5x29-h64v,Low,bootstrap @ 3.4.1,N/A,Bootstrap Cross-Site Scripting (XSS) vulnerability for data-* attributes
snipe-it,Dependencias (SCA),GHSA-67pg-wm7f-q7fj,Low,jspdf @ 4.0.0,N/A,jsPDF Affected by Client-Side/Server-Side Denial of Service via Malicious GIF Dimensions
snipe-it,Dependencias (SCA),GHSA-wfv2-pwc8-crg5,Low,jspdf @ 4.0.0,N/A,jsPDF has HTML Injection in New Window paths
snipe-it,Dependencias (SCA),GHSA-q3j6-qgpj-74h6,Low,fast-uri @ 3.0.6,N/A,fast-uri vulnerable to path traversal via percent-encoded dot segments
snipe-it,Dependencias (SCA),GHSA-7x6v-j9x4-qf24,Low,jspdf @ 4.0.0,N/A,jsPDF has a PDF Object Injection via FreeText color
snipe-it,Dependencias (SCA),GHSA-crv5-9vww-q3g8,Low,dompurify @ 3.2.7,N/A,DOMPurify has a SAFE_FOR_TEMPLATES bypass in RETURN_DOM mode
snipe-it,Dependencias (SCA),GHSA-p5xg-68wr-hm3m,Low,jspdf @ 4.0.0,N/A,"jsPDF has a PDF Injection in AcroForm module allows Arbitrary JavaScript Execution (RadioButton.createOption and ""AS"" property)"
snipe-it,Dependencias (SCA),GHSA-3v7f-55p6-f55p,Low,picomatch @ 2.3.1,N/A,Picomatch: Method Injection in POSIX Character Classes causes incorrect Glob Matching
snipe-it,Dependencias (SCA),GHSA-7r86-cg39-jmmj,Low,minimatch @ 3.1.2,N/A,minimatch has ReDoS: matchOne() combinatorial backtracking via multiple non-adjacent GLOBSTAR segments
snipe-it,Dependencias (SCA),GHSA-q8mj-m7cp-5q26,Low,qs @ 6.13.0,N/A,qs has a remotely triggerable DoS: qs.stringify crashes with TypeError on null/undefined entries in comma-format arrays when encodeValuesOnly is set
snipe-it,Dependencias (SCA),GHSA-v9jr-rg53-9pgp,Low,dompurify @ 3.2.7,N/A,DOMPurify: Prototype Pollution to XSS Bypass via CUSTOM_ELEMENT_HANDLING Fallback
snipe-it,Dependencias (SCA),GHSA-3ppc-4f35-3m26,Low,minimatch @ 3.1.2,N/A,minimatch has a ReDoS via repeated wildcards with non-matching literal in pattern
snipe-it,Dependencias (SCA),GHSA-9vjf-qc39-jprp,Low,jspdf @ 4.0.0,N/A,jsPDF has a PDF Object Injection via Unsanitized Input in addJS Method
snipe-it,Dependencias (SCA),GHSA-6rw7-vpxm-498p,Low,qs @ 6.13.0,N/A,qs's arrayLimit bypass in its bracket notation allows DoS via memory exhaustion
snipe-it,Dependencias (SCA),GHSA-23c5-xmqv-rm74,Low,minimatch @ 3.1.2,N/A,minimatch ReDoS: nested *() extglobs generate catastrophically backtracking regular expressions
snipe-it,Dependencias (SCA),GHSA-w7fw-mjwx-w883,Low,qs @ 6.13.0,N/A,qs's arrayLimit bypass in comma parsing allows denial of service
snipe-it,Dependencias (SCA),GHSA-5v7r-6r5c-r473,Low,file-type @ 19.6.0,N/A,file-type affected by infinite loop in ASF parser on malformed input with zero-size sub-header
snipe-it,Dependencias (SCA),GHSA-95fx-jjr5-f39c,Low,jspdf @ 4.0.0,N/A,jsPDF Vulnerable to Denial of Service (DoS) via Unvalidated BMP Dimensions in BMPDecoder
snipe-it,Dependencias (SCA),GHSA-pqxr-3g65-p328,Low,jspdf @ 4.0.0,N/A,jsPDF has PDF Injection in AcroFormChoiceField that allows Arbitrary JavaScript Execution
snipe-it,Dependencias (SCA),GHSA-c2c7-rcm5-vvqj,Low,picomatch @ 2.3.1,N/A,Picomatch has a ReDoS vulnerability via extglob quantifiers
snipe-it,Dependencias (SCA),GHSA-f886-m6hf-6m8v,Low,brace-expansion @ 1.1.12,N/A,brace-expansion: Zero-step sequence causes process hang and memory exhaustion
snipe-it,Dependencias (SCA),GHSA-378v-28hj-76wf,Low,bn.js @ 4.12.0,N/A,bn.js affected by an infinite loop
snipe-it,Dependencias (SCA),GHSA-378v-28hj-76wf,Low,bn.js @ 5.2.1,N/A,bn.js affected by an infinite loop
snipe-it,Dependencias (SCA),GHSA-qj8w-gfj5-8c6v,Low,serialize-javascript @ 6.0.2,N/A,Serialize JavaScript has CPU Exhaustion Denial of Service via crafted array-like objects
snipe-it,Dependencias (SCA),GHSA-vm32-vv63-w422,Low,jspdf @ 4.0.0,N/A,jsPDF Vulnerable to Stored XMP Metadata Injection (Spoofing & Integrity Violation)
snipe-it,Dependencias (SCA),GHSA-v39h-62p7-jpjc,Low,fast-uri @ 3.0.6,N/A,fast-uri vulnerable to host confusion via percent-encoded authority delimiters
snipe-it,Dependencias (SCA),GHSA-cjw8-79x6-5cj4,Low,jspdf @ 4.0.0,N/A,jsPDF has Shared State Race Condition in addJS Plugin
snipe-it,Dependencias (SCA),GHSA-2g4f-4pwh-qvx6,Low,ajv @ 6.12.6,N/A,ajv has ReDoS when using `$data` option
snipe-it,Dependencias (SCA),GHSA-2g4f-4pwh-qvx6,Low,ajv @ 8.13.0,N/A,ajv has ReDoS when using `$data` option
snipe-it,Dependencias (SCA),GHSA-2g4f-4pwh-qvx6,Low,ajv @ 8.17.1,N/A,ajv has ReDoS when using `$data` option
snipe-it,Dependencias (SCA),GHSA-v2wj-7wpq-c8vv,Low,dompurify @ 3.2.7,N/A,DOMPurify contains a Cross-site Scripting vulnerability
snipe-it,Dependencias (SCA),GHSA-h7mw-gpvr-xq4m,Low,dompurify @ 3.2.7,N/A,DOMPurify: FORBID_TAGS bypassed by function-based ADD_TAGS predicate (asymmetry with FORBID_ATTR fix)
snipe-it,Dependencias (SCA),GHSA-qx2v-qp2m-jg93,Low,postcss @ 8.5.6,N/A,PostCSS has XSS via Unescaped </style> in its CSS Stringify Output
snipe-it,Dependencias (SCA),GHSA-848j-6mx2-7j84,Low,elliptic @ 6.6.1,N/A,Elliptic Uses a Cryptographic Primitive with a Risky Implementation
snipe-it,Dependencias (SCA),GHSA-38r7-794h-5758,Low,webpack @ 5.98.0,N/A,webpack buildHttp HttpUriPlugin allowedUris bypass via HTTP redirects → SSRF + cache persistence
snipe-it,Dependencias (SCA),GHSA-8fgc-7cc6-rx7x,Low,webpack @ 5.98.0,N/A,webpack buildHttp: allowedUris allow-list bypass via URL userinfo (@) leading to build-time SSRF behavior
snipe-it,Dependencias (SCA),GHSA-5c6j-r48x-rmvq,Low,serialize-javascript @ 6.0.2,N/A,Serialize JavaScript is Vulnerable to RCE via RegExp.flags and Date.prototype.toISOString()
snipe-it,Dependencias (SCA),GHSA-qpmx-3rfj-7rhv,Low,symfony/mime @ v7.4.9,N/A,Symfony has Email Header / SMTP Command Injection via CRLF in Symfony\Component\Mime\Address
snipe-it,Dependencias (SCA),GHSA-39q2-94rc-95cp,Low,dompurify @ 3.2.7,N/A,DOMPurify's ADD_TAGS function form bypasses FORBID_TAGS due to short-circuit evaluation
snipe-it,Dependencias (SCA),GHSA-cj63-jhhr-wcxv,Low,dompurify @ 3.2.7,N/A,DOMPurify USE_PROFILES prototype pollution allows event handlers
snipe-it,Dependencias (SCA),GHSA-cjmm-f4jc-qw8r,Low,dompurify @ 3.2.7,N/A,DOMPurify ADD_ATTR predicate skips URI validation
snipe-it,Dependencias (SCA),GHSA-h8r8-wccr-v5f2,Low,dompurify @ 3.2.7,N/A,DOMPurify is vulnerable to mutation-XSS via Re-Contextualization
snipe-it,Dependencias (SCA),GHSA-5wxr-w449-57cm,Low,shivammathur/setup-php @ v2,N/A,Setup PHP: GitHub tokens configured by setup-php may be exposed through pinned affected Composer versions
snipe-it,Dependencias (SCA),GHSA-5wxr-w449-57cm,Low,shivammathur/setup-php @ v2,N/A,Setup PHP: GitHub tokens configured by setup-php may be exposed through pinned affected Composer versions
snipe-it,Dependencias (SCA),GHSA-5wxr-w449-57cm,Low,shivammathur/setup-php @ v2,N/A,Setup PHP: GitHub tokens configured by setup-php may be exposed through pinned affected Composer versions
snipe-it,Dependencias (SCA),GHSA-6439-2f28-8p8q,Low,symfony/http-kernel @ v7.4.11,N/A,Synfony's HEAD Request Bypasses methods: ['GET'] Filter in #[IsGranted] / #[IsSignatureValid] / #[IsCsrfTokenValid]
snipe-it,Dependencias (SCA),GHSA-xx3c-qf5g-hc39,Low,symfony/mailer @ v7.4.8,N/A,Symfony has an Argument Injection in SendmailTransport via Dash-Prefixed Recipient Address
snipe-it,Dependencias (SCA),GHSA-vqc8-7275-q272,Low,symfony/mime @ v7.4.9,N/A,Symfony has Email Header Injection via Non-Token Characters in Mime Parameter Names
snipe-it,Dependencias (SCA),GHSA-72xp-p242-47p9,Low,symfony/routing @ v7.4.9,N/A,Symfony has a UrlGenerator Route-Requirement Bypass via Unanchored Regex Alternation → Off-Site //host URL Injection
snipe-it,Dependencias (SCA),GHSA-2xf4-cg6j-vhgq,Low,symfony/polyfill-intl-idn @ v1.37.0,N/A,symfony/polyfill-intl-idn: xn-- labels with ASCII-only Punycode payloads are treated as equivalent to their decoded form
wiki,Dependencias (SCA),GHSA-3jfq-g458-7qm9,Low,tar @ 4.4.10,N/A,Arbitrary File Creation/Overwrite due to insufficient absolute path sanitization
wiki,Dependencias (SCA),GHSA-3jfq-g458-7qm9,Low,tar @ 6.0.2,N/A,Arbitrary File Creation/Overwrite due to insufficient absolute path sanitization
wiki,Dependencias (SCA),GHSA-2p57-rm9w-gvfp,Low,ip @ 1.1.5,N/A,ip SSRF improper categorization in isPublic
wiki,Dependencias (SCA),GHSA-9c47-m6qq-7p4h,Low,json5 @ 0.5.1,N/A,Prototype Pollution in JSON5 via Parse Method
wiki,Dependencias (SCA),GHSA-9c47-m6qq-7p4h,Low,json5 @ 1.0.1,N/A,Prototype Pollution in JSON5 via Parse Method
wiki,Dependencias (SCA),GHSA-9c47-m6qq-7p4h,Low,json5 @ 2.0.0,N/A,Prototype Pollution in JSON5 via Parse Method
wiki,Dependencias (SCA),GHSA-9c47-m6qq-7p4h,Low,json5 @ 2.1.0,N/A,Prototype Pollution in JSON5 via Parse Method
wiki,Dependencias (SCA),GHSA-9c47-m6qq-7p4h,Low,json5 @ 2.1.2,N/A,Prototype Pollution in JSON5 via Parse Method
wiki,Dependencias (SCA),GHSA-qpfw-4m9x-rxx8,Low,@azure/ms-rest-nodeauth @ 2.0.2,N/A,Improper Privilege Management in Azure ms-rest-nodeauth
wiki,Dependencias (SCA),GHSA-cph5-m8f7-6c5x,Low,axios @ 0.19.0,N/A,axios Inefficient Regular Expression Complexity vulnerability
wiki,Dependencias (SCA),GHSA-72xf-g2v4-qvf3,Low,tough-cookie @ 2.4.3,N/A,tough-cookie Prototype Pollution vulnerability
wiki,Dependencias (SCA),GHSA-72xf-g2v4-qvf3,Low,tough-cookie @ 2.5.0,N/A,tough-cookie Prototype Pollution vulnerability
wiki,Dependencias (SCA),GHSA-72xf-g2v4-qvf3,Low,tough-cookie @ 3.0.1,N/A,tough-cookie Prototype Pollution vulnerability
wiki,Dependencias (SCA),GHSA-35jh-r3h4-6jhm,Low,lodash @ 4.17.15,N/A,Command Injection in lodash
wiki,Dependencias (SCA),GHSA-35jh-r3h4-6jhm,Low,lodash @ 4.17.19,N/A,Command Injection in lodash
wiki,Dependencias (SCA),GHSA-35jh-r3h4-6jhm,Low,lodash @ 4.17.20,N/A,Command Injection in lodash
wiki,Dependencias (SCA),GHSA-wc69-rhjr-hc9g,Low,moment @ 2.24.0,N/A,Moment.js vulnerable to Inefficient Regular Expression Complexity
wiki,Dependencias (SCA),GHSA-wc69-rhjr-hc9g,Low,moment @ 2.27.0,N/A,Moment.js vulnerable to Inefficient Regular Expression Complexity
wiki,Dependencias (SCA),GHSA-394c-5j6w-4xmx,Low,ua-parser-js @ 0.7.21,N/A,ua-parser-js Regular Expression Denial of Service vulnerability
wiki,Dependencias (SCA),GHSA-p6mc-m468-83gw,Low,lodash @ 4.17.15,N/A,Prototype Pollution in lodash
wiki,Dependencias (SCA),GHSA-vx3p-948g-6vhq,Low,ssri @ 6.0.1,N/A,Regular Expression Denial of Service (ReDoS)
wiki,Dependencias (SCA),GHSA-vx3p-948g-6vhq,Low,ssri @ 8.0.0,N/A,Regular Expression Denial of Service (ReDoS)
wiki,Dependencias (SCA),GHSA-wm7h-9275-46v2,Low,dicer @ 0.2.5,N/A,Crash in HeaderParser in dicer
wiki,Dependencias (SCA),GHSA-wm7h-9275-46v2,Low,dicer @ 0.3.0,N/A,Crash in HeaderParser in dicer
wiki,Dependencias (SCA),GHSA-8hfj-j24r-96c4,Low,moment @ 2.24.0,N/A,Path Traversal: 'dir/../../filename' in moment.locale
wiki,Dependencias (SCA),GHSA-8hfj-j24r-96c4,Low,moment @ 2.27.0,N/A,Path Traversal: 'dir/../../filename' in moment.locale
wiki,Dependencias (SCA),GHSA-cf4h-3jhx-xvhq,Low,underscore @ 1.6.0,N/A,Arbitrary Code Execution in underscore
wiki,Dependencias (SCA),GHSA-cf4h-3jhx-xvhq,Low,underscore @ 1.8.3,N/A,Arbitrary Code Execution in underscore
wiki,Dependencias (SCA),GHSA-cf4h-3jhx-xvhq,Low,underscore @ 1.9.1,N/A,Arbitrary Code Execution in underscore
wiki,Dependencias (SCA),GHSA-vhhw-xjvf-wprr,Low,@graphql-tools/git-loader @ 6.2.5,N/A,Command Injection in @graphql-tools/git-loader
wiki,Dependencias (SCA),GHSA-fjxv-7rqg-78g4,Low,form-data @ 2.3.3,N/A,form-data uses unsafe random function in form-data for choosing boundary
wiki,Dependencias (SCA),GHSA-fjxv-7rqg-78g4,Low,form-data @ 2.5.1,N/A,form-data uses unsafe random function in form-data for choosing boundary
wiki,Dependencias (SCA),GHSA-fjxv-7rqg-78g4,Low,form-data @ 3.0.0,N/A,form-data uses unsafe random function in form-data for choosing boundary
wiki,Dependencias (SCA),GHSA-fjxv-7rqg-78g4,Low,form-data @ 4.0.0,N/A,form-data uses unsafe random function in form-data for choosing boundary
wiki,Dependencias (SCA),GHSA-896r-f27r-55mw,Low,json-schema @ 0.2.3,N/A,json-schema is vulnerable to Prototype Pollution
wiki,Dependencias (SCA),GHSA-hrpp-h998-j3pp,Low,qs @ 6.5.2,N/A,qs vulnerable to Prototype Pollution
wiki,Dependencias (SCA),GHSA-hrpp-h998-j3pp,Low,qs @ 6.7.0,N/A,qs vulnerable to Prototype Pollution
wiki,Dependencias (SCA),GHSA-hrpp-h998-j3pp,Low,qs @ 6.8.0,N/A,qs vulnerable to Prototype Pollution
wiki,Dependencias (SCA),GHSA-hrpp-h998-j3pp,Low,qs @ 6.9.3,N/A,qs vulnerable to Prototype Pollution
wiki,Dependencias (SCA),GHSA-qwcr-r2fm-qrc7,Low,body-parser @ 1.19.0,N/A,body-parser vulnerable to denial of service when url encoding is enabled
wiki,Dependencias (SCA),GHSA-qwcr-r2fm-qrc7,Low,body-parser @ 1.20.1,N/A,body-parser vulnerable to denial of service when url encoding is enabled
wiki,Dependencias (SCA),GHSA-74fj-2j2h-c42q,Low,follow-redirects @ 1.5.10,N/A,Exposure of sensitive information in follow-redirects
wiki,Dependencias (SCA),GHSA-crh6-fp67-6883,Low,@xmldom/xmldom @ 0.7.5,N/A,xmldom allows multiple root nodes in a DOM
wiki,Dependencias (SCA),GHSA-crh6-fp67-6883,Low,xmldom @ 0.1.27,N/A,xmldom allows multiple root nodes in a DOM
wiki,Dependencias (SCA),GHSA-662x-fhqg-9p8v,Low,ua-parser-js @ 0.7.21,N/A,Regular Expression Denial of Service in ua-parser-js
wiki,Dependencias (SCA),GHSA-8r6j-v8pm-fqw3,Low,fsevents @ 1.2.9,N/A,Code injection in fsevents
wiki,Dependencias (SCA),GHSA-8cj5-5rvv-wf4v,Low,tar-fs @ 2.1.1,N/A,tar-fs can extract outside the specified dir with a specific tarball
wiki,Dependencias (SCA),GHSA-xvch-5gv4-984h,Low,minimist @ 0.0.8,N/A,Prototype Pollution in minimist
wiki,Dependencias (SCA),GHSA-xvch-5gv4-984h,Low,minimist @ 1.2.0,N/A,Prototype Pollution in minimist
wiki,Dependencias (SCA),GHSA-xvch-5gv4-984h,Low,minimist @ 1.2.5,N/A,Prototype Pollution in minimist
wiki,Dependencias (SCA),GHSA-ww39-953v-wcq6,Low,glob-parent @ 5.0.0,N/A,glob-parent vulnerable to Regular Expression Denial of Service in enclosure regex
wiki,Dependencias (SCA),GHSA-ww39-953v-wcq6,Low,glob-parent @ 5.1.0,N/A,glob-parent vulnerable to Regular Expression Denial of Service in enclosure regex
wiki,Dependencias (SCA),GHSA-ww39-953v-wcq6,Low,glob-parent @ 5.1.1,N/A,glob-parent vulnerable to Regular Expression Denial of Service in enclosure regex
wiki,Dependencias (SCA),GHSA-5fg8-2547-mr8q,Low,xmldom @ 0.1.27,N/A,Misinterpretation of malicious XML input
wiki,Dependencias (SCA),GHSA-pp7h-53gx-mx7r,Low,bl @ 3.0.0,N/A,Remote Memory Exposure in bl
wiki,Dependencias (SCA),GHSA-cxjh-pqwp-8mfp,Low,follow-redirects @ 1.5.10,N/A,follow-redirects' Proxy-Authorization header kept across hosts
wiki,Dependencias (SCA),GHSA-h6q6-9hqw-rwfv,Low,xmldom @ 0.1.27,N/A,Misinterpretation of malicious XML input
wiki,Dependencias (SCA),GHSA-pq67-2wwv-3xjx,Low,tar-fs @ 2.1.1,N/A,tar-fs Vulnerable to Link Following and Path Traversal via Extracting a Crafted tar File
wiki,Dependencias (SCA),GHSA-6fc8-4gx4-v693,Low,ws @ 5.2.2,N/A,ReDoS in Sec-Websocket-Protocol header
wiki,Dependencias (SCA),GHSA-6fc8-4gx4-v693,Low,ws @ 6.2.1,N/A,ReDoS in Sec-Websocket-Protocol header
wiki,Dependencias (SCA),GHSA-6fc8-4gx4-v693,Low,ws @ 7.2.5,N/A,ReDoS in Sec-Websocket-Protocol header
wiki,Dependencias (SCA),GHSA-6vfc-qv3f-vr6c,Low,markdown-it @ 10.0.0,N/A,Uncontrolled Resource Consumption in markdown-it
wiki,Dependencias (SCA),GHSA-6vfc-qv3f-vr6c,Low,markdown-it @ 11.0.1,N/A,Uncontrolled Resource Consumption in markdown-it
wiki,Dependencias (SCA),GHSA-ff7x-qrg7-qggm,Low,dot-prop @ 4.2.0,N/A,dot-prop Prototype Pollution vulnerability
wiki,Dependencias (SCA),GHSA-3xq5-wjfh-ppjc,Low,luxon @ 1.25.0,N/A,Luxon Inefficient Regular Expression Complexity vulnerability
wiki,Dependencias (SCA),GHSA-fwr7-v2mv-hh25,Low,async @ 3.1.0,N/A,Prototype Pollution in async
wiki,Dependencias (SCA),GHSA-fwr7-v2mv-hh25,Low,async @ 3.2.0,N/A,Prototype Pollution in async
wiki,Dependencias (SCA),GHSA-8v63-cqqc-6r2c,Low,object-path @ 0.11.4,N/A,Prototype Pollution in object-path
wiki,Dependencias (SCA),GHSA-c2qf-rxjj-qqgw,Low,semver @ 5.7.1,N/A,semver vulnerable to Regular Expression Denial of Service
wiki,Dependencias (SCA),GHSA-c2qf-rxjj-qqgw,Low,semver @ 6.3.0,N/A,semver vulnerable to Regular Expression Denial of Service
wiki,Dependencias (SCA),GHSA-c2qf-rxjj-qqgw,Low,semver @ 7.0.0,N/A,semver vulnerable to Regular Expression Denial of Service
wiki,Dependencias (SCA),GHSA-c2qf-rxjj-qqgw,Low,semver @ 7.3.2,N/A,semver vulnerable to Regular Expression Denial of Service
wiki,Dependencias (SCA),GHSA-c2qf-rxjj-qqgw,Low,semver @ 7.3.7,N/A,semver vulnerable to Regular Expression Denial of Service
wiki,Dependencias (SCA),GHSA-c2qf-rxjj-qqgw,Low,semver @ 7.3.8,N/A,semver vulnerable to Regular Expression Denial of Service
wiki,Dependencias (SCA),GHSA-3h5v-q93c-6h6q,Low,ws @ 5.2.2,N/A,ws affected by a DoS when handling a request with many HTTP headers
wiki,Dependencias (SCA),GHSA-3h5v-q93c-6h6q,Low,ws @ 6.2.1,N/A,ws affected by a DoS when handling a request with many HTTP headers
wiki,Dependencias (SCA),GHSA-3h5v-q93c-6h6q,Low,ws @ 7.2.5,N/A,ws affected by a DoS when handling a request with many HTTP headers
wiki,Dependencias (SCA),GHSA-3h5v-q93c-6h6q,Low,ws @ 7.5.6,N/A,ws affected by a DoS when handling a request with many HTTP headers
wiki,Dependencias (SCA),GHSA-f5x3-32g6-xq36,Low,tar @ 4.4.10,N/A,Denial of service while parsing a tar file due to lack of folders count validation
wiki,Dependencias (SCA),GHSA-f5x3-32g6-xq36,Low,tar @ 6.0.2,N/A,Denial of service while parsing a tar file due to lack of folders count validation
wiki,Dependencias (SCA),GHSA-f5x3-32g6-xq36,Low,tar @ 6.1.11,N/A,Denial of service while parsing a tar file due to lack of folders count validation
wiki,Dependencias (SCA),GHSA-f8q6-p94x-37v3,Low,minimatch @ 3.0.4,N/A,minimatch ReDoS vulnerability
wiki,Dependencias (SCA),GHSA-c76h-2ccp-4975,Low,undici @ 6.20.0,N/A,Use of Insufficiently Random Values in undici
wiki,Dependencias (SCA),GHSA-c4w7-xm78-47vh,Low,y18n @ 3.2.1,N/A,Prototype Pollution in y18n
wiki,Dependencias (SCA),GHSA-c4w7-xm78-47vh,Low,y18n @ 4.0.0,N/A,Prototype Pollution in y18n
wiki,Dependencias (SCA),GHSA-cm22-4g7w-348p,Low,serve-static @ 1.14.1,N/A,serve-static vulnerable to template injection that can lead to XSS
wiki,Dependencias (SCA),GHSA-cm22-4g7w-348p,Low,serve-static @ 1.15.0,N/A,serve-static vulnerable to template injection that can lead to XSS
wiki,Dependencias (SCA),GHSA-p8p7-x288-28g6,Low,request @ 2.88.0,N/A,Server-Side Request Forgery in Request
wiki,Dependencias (SCA),GHSA-p8p7-x288-28g6,Low,request @ 2.88.2,N/A,Server-Side Request Forgery in Request
wiki,Dependencias (SCA),GHSA-43f8-2h32-f4cj,Low,hosted-git-info @ 2.8.4,N/A,Regular Expression Denial of Service in hosted-git-info
wiki,Dependencias (SCA),GHSA-64fm-8hw2-v72w,Low,katex @ 0.12.0,N/A,KaTeX's maxExpand bypassed by `\edef`
wiki,Dependencias (SCA),GHSA-hj48-42vr-x3v9,Low,path-parse @ 1.0.6,N/A,Regular Expression Denial of Service in path-parse
wiki,Dependencias (SCA),GHSA-265q-28rp-chq5,Low,node-uuid @ 1.4.1,N/A,Insecure Entropy Source - Math.random() in node-uuid
wiki,Dependencias (SCA),GHSA-5955-9wpr-37jh,Low,tar @ 4.4.10,N/A,Arbitrary File Creation/Overwrite on Windows via insufficient relative path sanitization
wiki,Dependencias (SCA),GHSA-5955-9wpr-37jh,Low,tar @ 6.0.2,N/A,Arbitrary File Creation/Overwrite on Windows via insufficient relative path sanitization
wiki,Dependencias (SCA),GHSA-f794-r6xc-hf3v,Low,passport-oauth2 @ 1.2.0,N/A,Improper Access Control in passport-oauth2
wiki,Dependencias (SCA),GHSA-f794-r6xc-hf3v,Low,passport-oauth2 @ 1.5.0,N/A,Improper Access Control in passport-oauth2
wiki,Dependencias (SCA),GHSA-4w2v-q235-vp99,Low,axios @ 0.19.0,N/A,Axios vulnerable to Server-Side Request Forgery
wiki,Dependencias (SCA),GHSA-r683-j2x4-v87g,Low,node-fetch @ 1.7.3,N/A,node-fetch forwards secure headers to untrusted sites
wiki,Dependencias (SCA),GHSA-r683-j2x4-v87g,Low,node-fetch @ 2.6.0,N/A,node-fetch forwards secure headers to untrusted sites
wiki,Dependencias (SCA),GHSA-r683-j2x4-v87g,Low,node-fetch @ 2.6.1,N/A,node-fetch forwards secure headers to untrusted sites
wiki,Dependencias (SCA),GHSA-r683-j2x4-v87g,Low,node-fetch @ 2.6.6,N/A,node-fetch forwards secure headers to untrusted sites
wiki,Dependencias (SCA),GHSA-rhx6-c78j-4q9w,Low,path-to-regexp @ 0.1.7,N/A,path-to-regexp contains a ReDoS
wiki,Dependencias (SCA),GHSA-qqgx-2p2h-9c37,Low,ini @ 1.3.5,N/A,ini before 1.3.6 vulnerable to Prototype Pollution via ini.parse
wiki,Dependencias (SCA),GHSA-v39p-96qg-c8rf,Low,object-path @ 0.11.4,N/A,Prototype Pollution in object-path
wiki,Dependencias (SCA),GHSA-g5hg-p3ph-g8qg,Low,multer @ 1.4.4,N/A,Multer vulnerable to Denial of Service via unhandled exception
wiki,Dependencias (SCA),GHSA-78xj-cgh5-2h22,Low,ip @ 1.1.5,N/A,NPM IP package incorrectly identifies some private IP addresses as public
wiki,Dependencias (SCA),GHSA-78cj-fxph-m83p,Low,ua-parser-js @ 0.7.21,N/A,Regular Expression Denial of Service (ReDoS) in ua-parser-js
wiki,Dependencias (SCA),GHSA-6c8f-qphg-qjgp,Low,kind-of @ 6.0.2,N/A,Validation Bypass in kind-of
wiki,Dependencias (SCA),GHSA-v88g-cgmw-v5xw,Low,ajv @ 6.10.2,N/A,Prototype Pollution in Ajv
wiki,Dependencias (SCA),GHSA-v88g-cgmw-v5xw,Low,ajv @ 6.12.0,N/A,Prototype Pollution in Ajv
wiki,Dependencias (SCA),GHSA-v88g-cgmw-v5xw,Low,ajv @ 6.12.2,N/A,Prototype Pollution in Ajv
wiki,Dependencias (SCA),GHSA-257v-vj4p-3w2h,Low,color-string @ 0.3.0,N/A,Regular Expression Denial of Service (ReDOS)
wiki,Dependencias (SCA),GHSA-257v-vj4p-3w2h,Low,color-string @ 1.5.3,N/A,Regular Expression Denial of Service (ReDOS)
wiki,Dependencias (SCA),GHSA-jr5f-v2jv-69x6,Low,axios @ 0.19.0,N/A,axios Requests Vulnerable To Possible SSRF and Credential Leakage via Absolute URL
wiki,Dependencias (SCA),GHSA-rcmh-qjqh-p98v,Low,nodemailer @ 6.9.1,N/A,Nodemailer’s addressparser is vulnerable to DoS caused by recursive calls
wiki,Dependencias (SCA),GHSA-93q8-gq69-wqmw,Low,ansi-regex @ 3.0.0,N/A,Inefficient Regular Expression Complexity in chalk/ansi-regex
wiki,Dependencias (SCA),GHSA-93q8-gq69-wqmw,Low,ansi-regex @ 4.1.0,N/A,Inefficient Regular Expression Complexity in chalk/ansi-regex
wiki,Dependencias (SCA),GHSA-93q8-gq69-wqmw,Low,ansi-regex @ 5.0.0,N/A,Inefficient Regular Expression Complexity in chalk/ansi-regex
wiki,Dependencias (SCA),GHSA-grv7-fg5c-xmjg,Low,braces @ 2.3.2,N/A,Uncontrolled resource consumption in braces
wiki,Dependencias (SCA),GHSA-grv7-fg5c-xmjg,Low,braces @ 3.0.2,N/A,Uncontrolled resource consumption in braces
wiki,Dependencias (SCA),GHSA-776f-qx25-q3cc,Low,xml2js @ 0.4.22,N/A,xml2js is vulnerable to prototype pollution
wiki,Dependencias (SCA),GHSA-776f-qx25-q3cc,Low,xml2js @ 0.4.23,N/A,xml2js is vulnerable to prototype pollution
wiki,Dependencias (SCA),GHSA-776f-qx25-q3cc,Low,xml2js @ 0.4.4,N/A,xml2js is vulnerable to prototype pollution
wiki,Dependencias (SCA),GHSA-q8pj-2vqx-8ggc,Low,css-what @ 4.0.0,N/A,Denial of service in css-what
wiki,Dependencias (SCA),GHSA-r275-fr43-pm7q,Low,simple-git @ 3.30.0,N/A,simple-git has blockUnsafeOperationsPlugin bypass via case-insensitive protocol.allow config key enables RCE
wiki,Dependencias (SCA),GHSA-44fp-w29j-9vj5,Low,multer @ 1.4.4,N/A,Multer vulnerable to Denial of Service via memory leaks from unclosed streams
wiki,Dependencias (SCA),GHSA-rc47-6667-2j5j,Low,http-cache-semantics @ 4.1.0,N/A,http-cache-semantics vulnerable to Regular Expression Denial of Service
wiki,Dependencias (SCA),GHSA-v9p9-hfj2-hcw8,Low,undici @ 6.20.0,N/A,Undici has Unhandled Exception in WebSocket Client Due to Invalid server_max_window_bits Validation
wiki,Dependencias (SCA),GHSA-4mxg-3p6v-xgq3,Low,passport-saml @ 3.2.4,N/A,Node-SAML SAML Signature Verification Vulnerability
wiki,Dependencias (SCA),GHSA-rhf5-2378-3w3w,Low,markdown-it-decorate @ 1.2.2,N/A,markdown-it-decorate vulnerable to cross-site scripting (XSS)
wiki,Dependencias (SCA),GHSA-hffm-xvc3-vprc,Low,simple-git @ 3.30.0,N/A,simple-git is vulnerable to Remote Code Execution
wiki,Dependencias (SCA),GHSA-mhxj-85r3-2x55,Low,file-type @ 15.0.1,N/A,file-type vulnerable to Infinite Loop via malformed MKV file
wiki,Dependencias (SCA),GHSA-29mw-wpgm-hmr9,Low,lodash @ 4.17.15,N/A,Regular Expression Denial of Service (ReDoS) in lodash
wiki,Dependencias (SCA),GHSA-29mw-wpgm-hmr9,Low,lodash @ 4.17.19,N/A,Regular Expression Denial of Service (ReDoS) in lodash
wiki,Dependencias (SCA),GHSA-29mw-wpgm-hmr9,Low,lodash @ 4.17.20,N/A,Regular Expression Denial of Service (ReDoS) in lodash
wiki,Dependencias (SCA),GHSA-rp65-9cf3-cjxr,Low,nth-check @ 1.0.2,N/A,Inefficient Regular Expression Complexity in nth-check
wiki,Dependencias (SCA),GHSA-rp65-9cf3-cjxr,Low,nth-check @ 2.0.0,N/A,Inefficient Regular Expression Complexity in nth-check
wiki,Dependencias (SCA),GHSA-cwx2-736x-mf6w,Low,object-path @ 0.11.4,N/A,Prototype pollution in object-path
wiki,Dependencias (SCA),GHSA-jcxm-m3jx-f287,Low,simple-git @ 3.30.0,N/A,simple-git Affected by Command Execution via Option-Parsing Bypass
wiki,Dependencias (SCA),GHSA-994j-5c83-r424,Low,string-math @ 1.2.2,N/A,string-math's string-math.js vulnerability can cause Regex Denial of Service (ReDoS)
wiki,Dependencias (SCA),GHSA-vh95-rmgr-6w4m,Low,minimist @ 0.0.8,N/A,Prototype Pollution in minimist
wiki,Dependencias (SCA),GHSA-vh95-rmgr-6w4m,Low,minimist @ 1.2.0,N/A,Prototype Pollution in minimist
wiki,Dependencias (SCA),GHSA-r628-mhmh-qjhw,Low,tar @ 4.4.10,N/A,Arbitrary File Creation/Overwrite via insufficient symlink protection due to directory cache poisoning
wiki,Dependencias (SCA),GHSA-r628-mhmh-qjhw,Low,tar @ 6.0.2,N/A,Arbitrary File Creation/Overwrite via insufficient symlink protection due to directory cache poisoning
wiki,Dependencias (SCA),GHSA-wf5p-g6vw-rhxx,Low,axios @ 0.19.0,N/A,Axios Cross-Site Request Forgery Vulnerability
wiki,Dependencias (SCA),GHSA-f269-vfmq-vjvj,Low,undici @ 6.20.0,N/A,Undici: Malicious WebSocket 64-bit length overflows parser and crashes the client
wiki,Dependencias (SCA),GHSA-rv95-896h-c2vc,Low,express @ 4.17.1,N/A,Express.js Open Redirect in malformed URLs
wiki,Dependencias (SCA),GHSA-rv95-896h-c2vc,Low,express @ 4.18.2,N/A,Express.js Open Redirect in malformed URLs
wiki,Dependencias (SCA),GHSA-4jv9-3563-23j3,Low,knex @ 0.21.6,N/A,Knex.js has a limited SQL injection vulnerability
wiki,Dependencias (SCA),GHSA-4jv9-3563-23j3,Low,knex @ 0.21.7,N/A,Knex.js has a limited SQL injection vulnerability
wiki,Dependencias (SCA),GHSA-v923-w3x8-wh69,Low,passport @ 0.4.1,N/A,Passport vulnerable to session regeneration when a users logs in or out
wiki,Dependencias (SCA),GHSA-3w6x-2g7m-8v23,Low,axios @ 1.13.2,N/A,Axios: Invisible JSON Response Tampering via Prototype Pollution Gadget in `parseReviver`
wiki,Dependencias (SCA),GHSA-9r2w-394v-53qc,Low,tar @ 4.4.10,N/A,Arbitrary File Creation/Overwrite via insufficient symlink protection due to directory cache poisoning using symbolic links
wiki,Dependencias (SCA),GHSA-9r2w-394v-53qc,Low,tar @ 6.0.2,N/A,Arbitrary File Creation/Overwrite via insufficient symlink protection due to directory cache poisoning using symbolic links
wiki,Dependencias (SCA),GHSA-w9j2-pvgh-6h63,Low,axios @ 0.19.0,N/A,Axios: Authentication Bypass via Prototype Pollution Gadget in `validateStatus` Merge Strategy
wiki,Dependencias (SCA),GHSA-w9j2-pvgh-6h63,Low,axios @ 1.13.2,N/A,Axios: Authentication Bypass via Prototype Pollution Gadget in `validateStatus` Merge Strategy
wiki,Dependencias (SCA),GHSA-rv73-9c8w-jp4c,Low,validate.js @ 0.13.1,N/A,validate.js Regular Expression Denial of Service vulnerability
wiki,Dependencias (SCA),GHSA-wf6x-7x77-mvgw,Low,immutable @ 3.7.6,N/A,Immutable is vulnerable to Prototype Pollution
wiki,Dependencias (SCA),GHSA-952p-6rrq-rcjv,Low,micromatch @ 3.1.10,N/A,Regular Expression Denial of Service (ReDoS) in micromatch
wiki,Dependencias (SCA),GHSA-952p-6rrq-rcjv,Low,micromatch @ 4.0.2,N/A,Regular Expression Denial of Service (ReDoS) in micromatch
wiki,Dependencias (SCA),GHSA-qq89-hq3f-393p,Low,tar @ 4.4.10,N/A,Arbitrary File Creation/Overwrite via insufficient symlink protection due to directory cache poisoning using symbolic links
wiki,Dependencias (SCA),GHSA-qq89-hq3f-393p,Low,tar @ 6.0.2,N/A,Arbitrary File Creation/Overwrite via insufficient symlink protection due to directory cache poisoning using symbolic links
wiki,Dependencias (SCA),GHSA-p9pc-299p-vxgp,Low,yargs-parser @ 5.0.0,N/A,yargs-parser Vulnerable to Prototype Pollution
wiki,Dependencias (SCA),GHSA-pxg6-pf52-xh8x,Low,cookie @ 0.3.1,N/A,"cookie accepts cookie name, path, and domain with out of bounds characters"
wiki,Dependencias (SCA),GHSA-pxg6-pf52-xh8x,Low,cookie @ 0.4.0,N/A,"cookie accepts cookie name, path, and domain with out of bounds characters"
wiki,Dependencias (SCA),GHSA-pxg6-pf52-xh8x,Low,cookie @ 0.5.0,N/A,"cookie accepts cookie name, path, and domain with out of bounds characters"
wiki,Dependencias (SCA),GHSA-j759-j44w-7fr8,Low,@xmldom/xmldom @ 0.7.13,N/A,xmldom has XML node injection through unvalidated comment serialization
wiki,Dependencias (SCA),GHSA-j759-j44w-7fr8,Low,@xmldom/xmldom @ 0.7.5,N/A,xmldom has XML node injection through unvalidated comment serialization
wiki,Dependencias (SCA),GHSA-j759-j44w-7fr8,Low,@xmldom/xmldom @ 0.7.7,N/A,xmldom has XML node injection through unvalidated comment serialization
wiki,Dependencias (SCA),GHSA-j759-j44w-7fr8,Low,xmldom @ 0.1.27,N/A,xmldom has XML node injection through unvalidated comment serialization
wiki,Dependencias (SCA),GHSA-95m3-7q98-8xr5,Low,sha.js @ 2.4.11,N/A,sha.js is missing type checks leading to hash rewind and passing on crafted data
wiki,Dependencias (SCA),GHSA-5m6q-g25r-mvwx,Low,node-forge @ 1.3.3,N/A,Forge has Denial of Service via Infinite Loop in BigInteger.modInverse() with Zero Input
wiki,Dependencias (SCA),GHSA-jchw-25xp-jwwc,Low,follow-redirects @ 1.5.10,N/A,Follow Redirects improperly handles URLs in the url.parse() function
wiki,Dependencias (SCA),GHSA-5528-5vmv-3xc2,Low,multer @ 1.4.4,N/A,Multer Vulnerable to Denial of Service via Uncontrolled Recursion
wiki,Dependencias (SCA),GHSA-m6fv-jmcg-4jfg,Low,send @ 0.17.1,N/A,send vulnerable to template injection that can lead to XSS
wiki,Dependencias (SCA),GHSA-m6fv-jmcg-4jfg,Low,send @ 0.18.0,N/A,send vulnerable to template injection that can lead to XSS
wiki,Dependencias (SCA),GHSA-q8qp-cvcw-x6jj,Low,axios @ 1.13.2,N/A,Axios has prototype pollution read-side gadgets in HTTP adapter that allow credential injection and request hijacking
wiki,Dependencias (SCA),GHSA-3xgq-45jj-v275,Low,cross-spawn @ 6.0.5,N/A,Regular Expression Denial of Service (ReDoS) in cross-spawn
wiki,Dependencias (SCA),GHSA-3xgq-45jj-v275,Low,cross-spawn @ 7.0.1,N/A,Regular Expression Denial of Service (ReDoS) in cross-spawn
wiki,Dependencias (SCA),GHSA-3xgq-45jj-v275,Low,cross-spawn @ 7.0.2,N/A,Regular Expression Denial of Service (ReDoS) in cross-spawn
wiki,Dependencias (SCA),GHSA-3xgq-45jj-v275,Low,cross-spawn @ 7.0.3,N/A,Regular Expression Denial of Service (ReDoS) in cross-spawn
wiki,Dependencias (SCA),GHSA-mwcw-c2x4-8c55,Low,nanoid @ 3.2.0,N/A,Predictable results in nanoid generation when given non-integer values
wiki,Dependencias (SCA),GHSA-9wv6-86v2-598j,Low,path-to-regexp @ 0.1.7,N/A,path-to-regexp outputs backtracking regular expressions
wiki,Dependencias (SCA),GHSA-37qj-frw5-hhjh,Low,fast-xml-parser @ 5.3.3,N/A,fast-xml-parser has RangeError DoS Numeric Entities Bug
wiki,Dependencias (SCA),GHSA-52f5-9888-hmc6,Low,tmp @ 0.2.1,N/A,tmp allows arbitrary temporary file / directory write via symbolic link `dir` parameter
wiki,Dependencias (SCA),GHSA-pmwg-cvhr-8vh7,Low,axios @ 0.19.0,N/A,Axios: Incomplete Fix for CVE-2025-62718 — NO_PROXY Protection Bypassed via RFC 1122 Loopback Subnet (127.0.0.0/8) in Axios 1.15.0
wiki,Dependencias (SCA),GHSA-pmwg-cvhr-8vh7,Low,axios @ 1.13.2,N/A,Axios: Incomplete Fix for CVE-2025-62718 — NO_PROXY Protection Bypassed via RFC 1122 Loopback Subnet (127.0.0.0/8) in Axios 1.15.0
wiki,Dependencias (SCA),GHSA-445q-vr5w-6q77,Low,axios @ 1.13.2,N/A,Axios: CRLF Injection in multipart/form-data body via unsanitized blob.type in formDataToStream
wiki,Dependencias (SCA),GHSA-62hf-57xw-28j9,Low,axios @ 0.19.0,N/A,Axios: unbounded recursion in toFormData causes DoS via deeply nested request data
wiki,Dependencias (SCA),GHSA-62hf-57xw-28j9,Low,axios @ 1.13.2,N/A,Axios: unbounded recursion in toFormData causes DoS via deeply nested request data
wiki,Dependencias (SCA),GHSA-qw6h-vgh9-j6wx,Low,express @ 4.17.1,N/A,express vulnerable to XSS via response.redirect()
wiki,Dependencias (SCA),GHSA-qw6h-vgh9-j6wx,Low,express @ 4.18.2,N/A,express vulnerable to XSS via response.redirect()
wiki,Dependencias (SCA),GHSA-h452-7996-h45h,Low,cookiejar @ 2.1.2,N/A,cookiejar Regular Expression Denial of Service via Cookie.parse function
wiki,Dependencias (SCA),GHSA-h452-7996-h45h,Low,cookiejar @ 2.1.3,N/A,cookiejar Regular Expression Denial of Service via Cookie.parse function
wiki,Dependencias (SCA),GHSA-pw2r-vq6v-hr8c,Low,follow-redirects @ 1.5.10,N/A,Exposure of Sensitive Information to an Unauthorized Actor in follow-redirects
wiki,Dependencias (SCA),GHSA-5c9x-8gcm-mpgx,Low,axios @ 0.19.0,N/A,Axios' HTTP adapter-streamed uploads bypass maxBodyLength when maxRedirects: 0
wiki,Dependencias (SCA),GHSA-vf2m-468p-8v99,Low,axios @ 0.19.0,N/A,Axios: HTTP adapter streamed responses bypass maxContentLength
wiki,Dependencias (SCA),GHSA-5c9x-8gcm-mpgx,Low,axios @ 1.13.2,N/A,Axios' HTTP adapter-streamed uploads bypass maxBodyLength when maxRedirects: 0
wiki,Dependencias (SCA),GHSA-vf2m-468p-8v99,Low,axios @ 1.13.2,N/A,Axios: HTTP adapter streamed responses bypass maxContentLength
wiki,Dependencias (SCA),GHSA-3p68-rc4w-qgx5,Low,axios @ 0.19.0,N/A,Axios has a NO_PROXY Hostname Normalization Bypass that Leads to SSRF
wiki,Dependencias (SCA),GHSA-3p68-rc4w-qgx5,Low,axios @ 1.13.2,N/A,Axios has a NO_PROXY Hostname Normalization Bypass that Leads to SSRF
wiki,Dependencias (SCA),GHSA-m7pr-hjqh-92cm,Low,axios @ 0.19.0,N/A,Axios: no_proxy bypass via IP alias allows SSRF
wiki,Dependencias (SCA),GHSA-m7pr-hjqh-92cm,Low,axios @ 1.13.2,N/A,Axios: no_proxy bypass via IP alias allows SSRF
wiki,Dependencias (SCA),GHSA-crv5-9vww-q3g8,Low,dompurify @ 3.3.1,N/A,DOMPurify has a SAFE_FOR_TEMPLATES bypass in RETURN_DOM mode
wiki,Dependencias (SCA),GHSA-r5fr-rjxr-66jc,Low,lodash @ 4.17.15,N/A,lodash vulnerable to Code Injection via `_.template` imports key names
wiki,Dependencias (SCA),GHSA-r5fr-rjxr-66jc,Low,lodash @ 4.17.19,N/A,lodash vulnerable to Code Injection via `_.template` imports key names
wiki,Dependencias (SCA),GHSA-r5fr-rjxr-66jc,Low,lodash @ 4.17.20,N/A,lodash vulnerable to Code Injection via `_.template` imports key names
wiki,Dependencias (SCA),GHSA-r5fr-rjxr-66jc,Low,lodash @ 4.17.21,N/A,lodash vulnerable to Code Injection via `_.template` imports key names
wiki,Dependencias (SCA),GHSA-ppp5-5v6c-4jwp,Low,node-forge @ 1.3.3,N/A,Forge has signature forgery in RSA-PKCS due to ASN.1 extra field
wiki,Dependencias (SCA),GHSA-968p-4wvh-cqc8,Low,@babel/runtime @ 7.10.4,N/A,Babel has inefficient RegExp complexity in generated code with .replace when transpiling named capturing groups
wiki,Dependencias (SCA),GHSA-968p-4wvh-cqc8,Low,@babel/runtime @ 7.11.2,N/A,Babel has inefficient RegExp complexity in generated code with .replace when transpiling named capturing groups
wiki,Dependencias (SCA),GHSA-968p-4wvh-cqc8,Low,@babel/runtime @ 7.12.1,N/A,Babel has inefficient RegExp complexity in generated code with .replace when transpiling named capturing groups
wiki,Dependencias (SCA),GHSA-968p-4wvh-cqc8,Low,@babel/runtime @ 7.16.3,N/A,Babel has inefficient RegExp complexity in generated code with .replace when transpiling named capturing groups
wiki,Dependencias (SCA),GHSA-968p-4wvh-cqc8,Low,@babel/runtime @ 7.6.0,N/A,Babel has inefficient RegExp complexity in generated code with .replace when transpiling named capturing groups
wiki,Dependencias (SCA),GHSA-968p-4wvh-cqc8,Low,@babel/runtime @ 7.8.4,N/A,Babel has inefficient RegExp complexity in generated code with .replace when transpiling named capturing groups
wiki,Dependencias (SCA),GHSA-43fc-jf86-j433,Low,axios @ 0.19.0,N/A,Axios is Vulnerable to Denial of Service via __proto__ Key in mergeConfig
wiki,Dependencias (SCA),GHSA-43fc-jf86-j433,Low,axios @ 1.13.2,N/A,Axios is Vulnerable to Denial of Service via __proto__ Key in mergeConfig
wiki,Dependencias (SCA),GHSA-gxpj-cx7g-858c,Low,debug @ 3.2.6,N/A,Regular Expression Denial of Service in debug
wiki,Dependencias (SCA),GHSA-gxpj-cx7g-858c,Low,debug @ 4.1.1,N/A,Regular Expression Denial of Service in debug
wiki,Dependencias (SCA),GHSA-gxpj-cx7g-858c,Low,debug @ 4.2.0,N/A,Regular Expression Denial of Service in debug
wiki,Dependencias (SCA),GHSA-2v35-w6hq-6mfw,Low,@xmldom/xmldom @ 0.7.13,N/A,xmldom: Uncontrolled recursion in XML serialization leads to DoS
wiki,Dependencias (SCA),GHSA-2v35-w6hq-6mfw,Low,@xmldom/xmldom @ 0.7.5,N/A,xmldom: Uncontrolled recursion in XML serialization leads to DoS
wiki,Dependencias (SCA),GHSA-2v35-w6hq-6mfw,Low,@xmldom/xmldom @ 0.7.7,N/A,xmldom: Uncontrolled recursion in XML serialization leads to DoS
wiki,Dependencias (SCA),GHSA-2v35-w6hq-6mfw,Low,xmldom @ 0.1.27,N/A,xmldom: Uncontrolled recursion in XML serialization leads to DoS
wiki,Dependencias (SCA),GHSA-pf86-5x62-jrwf,Low,axios @ 0.19.0,N/A,"Axios: Prototype Pollution Gadgets - Response Tampering, Data Exfiltration, and Request Hijacking"
wiki,Dependencias (SCA),GHSA-pf86-5x62-jrwf,Low,axios @ 1.13.2,N/A,"Axios: Prototype Pollution Gadgets - Response Tampering, Data Exfiltration, and Request Hijacking"
wiki,Dependencias (SCA),GHSA-fvcv-3m26-pcqx,Low,axios @ 0.19.0,N/A,Axios has Unrestricted Cloud Metadata Exfiltration via Header Injection Chain
wiki,Dependencias (SCA),GHSA-fvcv-3m26-pcqx,Low,axios @ 1.13.2,N/A,Axios has Unrestricted Cloud Metadata Exfiltration via Header Injection Chain
wiki,Dependencias (SCA),GHSA-4pg4-qvpc-4q3h,Low,multer @ 1.4.4,N/A,Multer vulnerable to Denial of Service from maliciously crafted requests
wiki,Dependencias (SCA),GHSA-fjgf-rc76-4x9p,Low,multer @ 1.4.4,N/A,Multer vulnerable to Denial of Service via unhandled exception from malformed request
wiki,Dependencias (SCA),GHSA-q67f-28xg-22rw,Low,node-forge @ 1.3.3,N/A,Forge has signature forgery in Ed25519 due to missing S > L check
wiki,Dependencias (SCA),GHSA-3wc5-fcw2-2329,Low,katex @ 0.12.0,N/A,KaTeX missing normalization of the protocol in URLs allows bypassing forbidden protocols
wiki,Dependencias (SCA),GHSA-3v7f-55p6-f55p,Low,picomatch @ 2.0.7,N/A,Picomatch: Method Injection in POSIX Character Classes causes incorrect Glob Matching
wiki,Dependencias (SCA),GHSA-3v7f-55p6-f55p,Low,picomatch @ 2.2.1,N/A,Picomatch: Method Injection in POSIX Character Classes causes incorrect Glob Matching
wiki,Dependencias (SCA),GHSA-3v7f-55p6-f55p,Low,picomatch @ 2.2.2,N/A,Picomatch: Method Injection in POSIX Character Classes causes incorrect Glob Matching
wiki,Dependencias (SCA),GHSA-f98w-7cxr-ff2h,Low,katex @ 0.12.0,N/A,KaTeX's `\includegraphics` does not escape filename
wiki,Dependencias (SCA),GHSA-7r86-cg39-jmmj,Low,minimatch @ 3.0.4,N/A,minimatch has ReDoS: matchOne() combinatorial backtracking via multiple non-adjacent GLOBSTAR segments
wiki,Dependencias (SCA),GHSA-6chq-wfr3-2hj9,Low,axios @ 0.19.0,N/A,Axios: Header Injection via Prototype Pollution
wiki,Dependencias (SCA),GHSA-6chq-wfr3-2hj9,Low,axios @ 1.13.2,N/A,Axios: Header Injection via Prototype Pollution
wiki,Dependencias (SCA),GHSA-jp2q-39xq-3w4g,Low,fast-xml-parser @ 5.3.3,N/A,Entity Expansion Limits Bypassed When Set to Zero Due to JavaScript Falsy Evaluation in fast-xml-parser
wiki,Dependencias (SCA),GHSA-xx6v-rp6x-q39c,Low,axios @ 0.19.0,N/A,Axios: XSRF Token Cross-Origin Leakage via Prototype Pollution Gadget in `withXSRFToken` Boolean Coercion
wiki,Dependencias (SCA),GHSA-xx6v-rp6x-q39c,Low,axios @ 1.13.2,N/A,Axios: XSRF Token Cross-Origin Leakage via Prototype Pollution Gadget in `withXSRFToken` Boolean Coercion
wiki,Dependencias (SCA),GHSA-2328-f5f3-gj25,Low,node-forge @ 1.3.3,N/A,Forge has a basicConstraints bypass in its certificate chain verification (RFC 5280 violation)
wiki,Dependencias (SCA),GHSA-vj76-c3g6-qr5v,Low,tar-fs @ 2.1.1,N/A,tar-fs has a symlink validation bypass if destination directory is predictable with a specific tarball
wiki,Dependencias (SCA),GHSA-jmr7-xgp7-cmfj,Low,fast-xml-parser @ 5.3.3,N/A,fast-xml-parser affected by DoS through entity expansion in DOCTYPE (no expansion limit)
wiki,Dependencias (SCA),GHSA-v6h2-p8h4-qcjw,Low,brace-expansion @ 1.1.11,N/A,brace-expansion Regular Expression Denial of Service vulnerability
wiki,Dependencias (SCA),GHSA-v9jr-rg53-9pgp,Low,dompurify @ 3.3.1,N/A,DOMPurify: Prototype Pollution to XSS Bypass via CUSTOM_ELEMENT_HANDLING Fallback
wiki,Dependencias (SCA),GHSA-w7rc-rwvf-8q5r,Low,node-fetch @ 2.6.0,N/A,The `size` option isn't honored after following a redirect in node-fetch
wiki,Dependencias (SCA),GHSA-vxvm-qww3-2fh7,Low,mongodb @ 3.6.5,N/A,MongoDB Driver may publish events containing authentication-related data
wiki,Dependencias (SCA),GHSA-xxjr-mmjv-4gpg,Low,lodash @ 4.17.15,N/A,Lodash has Prototype Pollution Vulnerability in `_.unset` and `_.omit` functions
wiki,Dependencias (SCA),GHSA-xxjr-mmjv-4gpg,Low,lodash @ 4.17.19,N/A,Lodash has Prototype Pollution Vulnerability in `_.unset` and `_.omit` functions
wiki,Dependencias (SCA),GHSA-xxjr-mmjv-4gpg,Low,lodash @ 4.17.20,N/A,Lodash has Prototype Pollution Vulnerability in `_.unset` and `_.omit` functions
wiki,Dependencias (SCA),GHSA-xxjr-mmjv-4gpg,Low,lodash @ 4.17.21,N/A,Lodash has Prototype Pollution Vulnerability in `_.unset` and `_.omit` functions
wiki,Dependencias (SCA),GHSA-cg87-wmx4-v546,Low,katex @ 0.12.0,N/A,KaTeX \htmlData does not validate attribute names
wiki,Dependencias (SCA),GHSA-3ppc-4f35-3m26,Low,minimatch @ 3.0.4,N/A,minimatch has a ReDoS via repeated wildcards with non-matching literal in pattern
wiki,Dependencias (SCA),GHSA-xhjh-pmcv-23jw,Low,axios @ 0.19.0,N/A,Axios: Null Byte Injection via Reverse-Encoding in AxiosURLSearchParams
wiki,Dependencias (SCA),GHSA-xhjh-pmcv-23jw,Low,axios @ 1.13.2,N/A,Axios: Null Byte Injection via Reverse-Encoding in AxiosURLSearchParams
wiki,Dependencias (SCA),GHSA-8gc5-j5rx-235r,Low,fast-xml-parser @ 5.3.3,N/A,fast-xml-parser affected by numeric entity expansion bypassing all entity expansion limits (incomplete fix for CVE-2026-26278)
wiki,Dependencias (SCA),GHSA-6rw7-vpxm-498p,Low,qs @ 6.10.3,N/A,qs's arrayLimit bypass in its bracket notation allows DoS via memory exhaustion
wiki,Dependencias (SCA),GHSA-6rw7-vpxm-498p,Low,qs @ 6.11.0,N/A,qs's arrayLimit bypass in its bracket notation allows DoS via memory exhaustion
wiki,Dependencias (SCA),GHSA-6rw7-vpxm-498p,Low,qs @ 6.5.2,N/A,qs's arrayLimit bypass in its bracket notation allows DoS via memory exhaustion
wiki,Dependencias (SCA),GHSA-6rw7-vpxm-498p,Low,qs @ 6.7.0,N/A,qs's arrayLimit bypass in its bracket notation allows DoS via memory exhaustion
wiki,Dependencias (SCA),GHSA-6rw7-vpxm-498p,Low,qs @ 6.8.0,N/A,qs's arrayLimit bypass in its bracket notation allows DoS via memory exhaustion
wiki,Dependencias (SCA),GHSA-6rw7-vpxm-498p,Low,qs @ 6.9.3,N/A,qs's arrayLimit bypass in its bracket notation allows DoS via memory exhaustion
wiki,Dependencias (SCA),GHSA-23c5-xmqv-rm74,Low,minimatch @ 3.0.4,N/A,minimatch ReDoS: nested *() extglobs generate catastrophically backtracking regular expressions
wiki,Dependencias (SCA),GHSA-m7jm-9gc2-mpf2,Low,fast-xml-parser @ 5.3.3,N/A,fast-xml-parser has an entity encoding bypass via regex injection in DOCTYPE entity names
wiki,Dependencias (SCA),GHSA-mh29-5h37-fv8m,Low,js-yaml @ 3.13.1,N/A,js-yaml has prototype pollution in merge (<<)
wiki,Dependencias (SCA),GHSA-mh29-5h37-fv8m,Low,js-yaml @ 3.14.0,N/A,js-yaml has prototype pollution in merge (<<)
wiki,Dependencias (SCA),GHSA-34x7-hfp2-rc4v,Low,tar @ 4.4.10,N/A,node-tar Vulnerable to Arbitrary File Creation/Overwrite via Hardlink Path Traversal
wiki,Dependencias (SCA),GHSA-34x7-hfp2-rc4v,Low,tar @ 6.0.2,N/A,node-tar Vulnerable to Arbitrary File Creation/Overwrite via Hardlink Path Traversal
wiki,Dependencias (SCA),GHSA-34x7-hfp2-rc4v,Low,tar @ 6.1.11,N/A,node-tar Vulnerable to Arbitrary File Creation/Overwrite via Hardlink Path Traversal
wiki,Dependencias (SCA),GHSA-mp6q-xf9x-fwf7,Low,apollo-server @ 2.25.2,N/A,Apollo Serve vulnerable to Denial of Service with `startStandaloneServer`
wiki,Dependencias (SCA),GHSA-w7fw-mjwx-w883,Low,qs @ 6.10.3,N/A,qs's arrayLimit bypass in comma parsing allows denial of service
wiki,Dependencias (SCA),GHSA-w7fw-mjwx-w883,Low,qs @ 6.11.0,N/A,qs's arrayLimit bypass in comma parsing allows denial of service
wiki,Dependencias (SCA),GHSA-w7fw-mjwx-w883,Low,qs @ 6.7.0,N/A,qs's arrayLimit bypass in comma parsing allows denial of service
wiki,Dependencias (SCA),GHSA-w7fw-mjwx-w883,Low,qs @ 6.8.0,N/A,qs's arrayLimit bypass in comma parsing allows denial of service
wiki,Dependencias (SCA),GHSA-w7fw-mjwx-w883,Low,qs @ 6.9.3,N/A,qs's arrayLimit bypass in comma parsing allows denial of service
wiki,Dependencias (SCA),GHSA-mm7p-fcc7-pg87,Low,nodemailer @ 6.9.1,N/A,Nodemailer: Email to an unintended domain can occur due to Interpretation Conflict
wiki,Dependencias (SCA),GHSA-f6ww-3ggp-fr8h,Low,@xmldom/xmldom @ 0.7.13,N/A,xmldom has XML injection through unvalidated DocumentType serialization
wiki,Dependencias (SCA),GHSA-x6wf-f3px-wcqx,Low,@xmldom/xmldom @ 0.7.13,N/A,xmldom has XML node injection through unvalidated processing instruction serialization
wiki,Dependencias (SCA),GHSA-f6ww-3ggp-fr8h,Low,@xmldom/xmldom @ 0.7.5,N/A,xmldom has XML injection through unvalidated DocumentType serialization
wiki,Dependencias (SCA),GHSA-x6wf-f3px-wcqx,Low,@xmldom/xmldom @ 0.7.5,N/A,xmldom has XML node injection through unvalidated processing instruction serialization
wiki,Dependencias (SCA),GHSA-f6ww-3ggp-fr8h,Low,@xmldom/xmldom @ 0.7.7,N/A,xmldom has XML injection through unvalidated DocumentType serialization
wiki,Dependencias (SCA),GHSA-x6wf-f3px-wcqx,Low,@xmldom/xmldom @ 0.7.7,N/A,xmldom has XML node injection through unvalidated processing instruction serialization
wiki,Dependencias (SCA),GHSA-f6ww-3ggp-fr8h,Low,xmldom @ 0.1.27,N/A,xmldom has XML injection through unvalidated DocumentType serialization
wiki,Dependencias (SCA),GHSA-x6wf-f3px-wcqx,Low,xmldom @ 0.1.27,N/A,xmldom has XML node injection through unvalidated processing instruction serialization
wiki,Dependencias (SCA),GHSA-qpx9-hpmf-5gmw,Low,underscore @ 1.13.1,N/A,"Underscore has unlimited recursion in _.flatten and _.isEqual, potential for DoS attack"
wiki,Dependencias (SCA),GHSA-qpx9-hpmf-5gmw,Low,underscore @ 1.6.0,N/A,"Underscore has unlimited recursion in _.flatten and _.isEqual, potential for DoS attack"
wiki,Dependencias (SCA),GHSA-qpx9-hpmf-5gmw,Low,underscore @ 1.8.3,N/A,"Underscore has unlimited recursion in _.flatten and _.isEqual, potential for DoS attack"
wiki,Dependencias (SCA),GHSA-qpx9-hpmf-5gmw,Low,underscore @ 1.9.1,N/A,"Underscore has unlimited recursion in _.flatten and _.isEqual, potential for DoS attack"
wiki,Dependencias (SCA),GHSA-5v7r-6r5c-r473,Low,file-type @ 15.0.1,N/A,file-type affected by infinite loop in ASF parser on malformed input with zero-size sub-header
wiki,Dependencias (SCA),GHSA-vrm6-8vpv-qv8q,Low,undici @ 6.20.0,N/A,Undici has Unbounded Memory Consumption in WebSocket permessage-deflate Decompression
wiki,Dependencias (SCA),GHSA-v52c-386h-88mc,Low,multer @ 1.4.4,N/A,Multer vulnerable to Denial of Service via resource exhaustion
wiki,Dependencias (SCA),GHSA-xf7r-hgr6-v32p,Low,multer @ 1.4.4,N/A,Multer vulnerable to Denial of Service via incomplete cleanup
wiki,Dependencias (SCA),GHSA-j8xg-fqg3-53r7,Low,word-wrap @ 1.2.3,N/A,word-wrap vulnerable to Regular Expression Denial of Service
wiki,Dependencias (SCA),GHSA-f23m-r3pf-42rh,Low,lodash @ 4.17.15,N/A,lodash vulnerable to Prototype Pollution via array path bypass in `_.unset` and `_.omit`
wiki,Dependencias (SCA),GHSA-f23m-r3pf-42rh,Low,lodash @ 4.17.19,N/A,lodash vulnerable to Prototype Pollution via array path bypass in `_.unset` and `_.omit`
wiki,Dependencias (SCA),GHSA-f23m-r3pf-42rh,Low,lodash @ 4.17.20,N/A,lodash vulnerable to Prototype Pollution via array path bypass in `_.unset` and `_.omit`
wiki,Dependencias (SCA),GHSA-f23m-r3pf-42rh,Low,lodash @ 4.17.21,N/A,lodash vulnerable to Prototype Pollution via array path bypass in `_.unset` and `_.omit`
wiki,Dependencias (SCA),GHSA-cxrh-j4jr-qwg3,Low,undici @ 6.20.0,N/A,undici Denial of Service attack via bad certificate data
wiki,Dependencias (SCA),GHSA-c2c7-rcm5-vvqj,Low,picomatch @ 2.0.7,N/A,Picomatch has a ReDoS vulnerability via extglob quantifiers
wiki,Dependencias (SCA),GHSA-c2c7-rcm5-vvqj,Low,picomatch @ 2.2.1,N/A,Picomatch has a ReDoS vulnerability via extglob quantifiers
wiki,Dependencias (SCA),GHSA-c2c7-rcm5-vvqj,Low,picomatch @ 2.2.2,N/A,Picomatch has a ReDoS vulnerability via extglob quantifiers
wiki,Dependencias (SCA),GHSA-wh4c-j3r5-mjhp,Low,@xmldom/xmldom @ 0.7.13,N/A,xmldom: XML injection via unsafe CDATA serialization allows attacker-controlled markup insertion
wiki,Dependencias (SCA),GHSA-wh4c-j3r5-mjhp,Low,@xmldom/xmldom @ 0.7.5,N/A,xmldom: XML injection via unsafe CDATA serialization allows attacker-controlled markup insertion
wiki,Dependencias (SCA),GHSA-wh4c-j3r5-mjhp,Low,@xmldom/xmldom @ 0.7.7,N/A,xmldom: XML injection via unsafe CDATA serialization allows attacker-controlled markup insertion
wiki,Dependencias (SCA),GHSA-wh4c-j3r5-mjhp,Low,xmldom @ 0.1.27,N/A,xmldom: XML injection via unsafe CDATA serialization allows attacker-controlled markup insertion
wiki,Dependencias (SCA),GHSA-f886-m6hf-6m8v,Low,brace-expansion @ 1.1.11,N/A,brace-expansion: Zero-step sequence causes process hang and memory exhaustion
wiki,Dependencias (SCA),GHSA-g9mf-h72j-4rw9,Low,undici @ 6.20.0,N/A,Undici has an unbounded decompression chain in HTTP responses on Node.js Fetch API via Content-Encoding leads to resource exhaustion
wiki,Dependencias (SCA),GHSA-37ch-88jc-xwx2,Low,path-to-regexp @ 0.1.7,N/A,path-to-regexp vulnerable to Regular Expression Denial of Service via multiple route parameters
wiki,Dependencias (SCA),GHSA-378v-28hj-76wf,Low,bn.js @ 4.11.8,N/A,bn.js affected by an infinite loop
wiki,Dependencias (SCA),GHSA-2mjp-6q6p-2qxm,Low,undici @ 6.20.0,N/A,Undici has an HTTP Request/Response Smuggling issue
wiki,Dependencias (SCA),GHSA-48c2-rrv3-qjmp,Low,yaml @ 2.3.1,N/A,yaml is vulnerable to Stack Overflow via deeply nested YAML collections
wiki,Dependencias (SCA),GHSA-869p-cjfg-cm3x,Low,jws @ 3.2.2,N/A,auth0/node-jws Improperly Verifies HMAC Signature
wiki,Dependencias (SCA),GHSA-8qq5-rm4j-mr97,Low,tar @ 4.4.10,N/A,node-tar is Vulnerable to Arbitrary File Overwrite and Symlink Poisoning via Insufficient Path Sanitization
wiki,Dependencias (SCA),GHSA-8qq5-rm4j-mr97,Low,tar @ 6.0.2,N/A,node-tar is Vulnerable to Arbitrary File Overwrite and Symlink Poisoning via Insufficient Path Sanitization
wiki,Dependencias (SCA),GHSA-8qq5-rm4j-mr97,Low,tar @ 6.1.11,N/A,node-tar is Vulnerable to Arbitrary File Overwrite and Symlink Poisoning via Insufficient Path Sanitization
wiki,Dependencias (SCA),GHSA-w5hq-g745-h8pq,Low,uuid @ 3.3.2,N/A,uuid: Missing buffer bounds check in v3/v5/v6 when buf is provided
wiki,Dependencias (SCA),GHSA-w5hq-g745-h8pq,Low,uuid @ 3.3.3,N/A,uuid: Missing buffer bounds check in v3/v5/v6 when buf is provided
wiki,Dependencias (SCA),GHSA-w5hq-g745-h8pq,Low,uuid @ 7.0.3,N/A,uuid: Missing buffer bounds check in v3/v5/v6 when buf is provided
wiki,Dependencias (SCA),GHSA-w5hq-g745-h8pq,Low,uuid @ 8.0.0,N/A,uuid: Missing buffer bounds check in v3/v5/v6 when buf is provided
wiki,Dependencias (SCA),GHSA-w5hq-g745-h8pq,Low,uuid @ 8.2.0,N/A,uuid: Missing buffer bounds check in v3/v5/v6 when buf is provided
wiki,Dependencias (SCA),GHSA-w5hq-g745-h8pq,Low,uuid @ 8.3.0,N/A,uuid: Missing buffer bounds check in v3/v5/v6 when buf is provided
wiki,Dependencias (SCA),GHSA-w5hq-g745-h8pq,Low,uuid @ 9.0.0,N/A,uuid: Missing buffer bounds check in v3/v5/v6 when buf is provided
wiki,Dependencias (SCA),GHSA-w5hq-g745-h8pq,Low,uuid @ 9.0.1,N/A,uuid: Missing buffer bounds check in v3/v5/v6 when buf is provided
wiki,Dependencias (SCA),GHSA-2g4f-4pwh-qvx6,Low,ajv @ 6.10.2,N/A,ajv has ReDoS when using `$data` option
wiki,Dependencias (SCA),GHSA-2g4f-4pwh-qvx6,Low,ajv @ 6.12.0,N/A,ajv has ReDoS when using `$data` option
wiki,Dependencias (SCA),GHSA-2g4f-4pwh-qvx6,Low,ajv @ 6.12.2,N/A,ajv has ReDoS when using `$data` option
wiki,Dependencias (SCA),GHSA-2g4f-4pwh-qvx6,Low,ajv @ 6.12.4,N/A,ajv has ReDoS when using `$data` option
wiki,Dependencias (SCA),GHSA-2g4f-4pwh-qvx6,Low,ajv @ 6.12.6,N/A,ajv has ReDoS when using `$data` option
wiki,Dependencias (SCA),GHSA-v2wj-7wpq-c8vv,Low,dompurify @ 3.3.1,N/A,DOMPurify contains a Cross-site Scripting vulnerability
wiki,Dependencias (SCA),GHSA-r6q2-hw4h-h46w,Low,tar @ 4.4.10,N/A,Race Condition in node-tar Path Reservations via Unicode Ligature Collisions on macOS APFS
wiki,Dependencias (SCA),GHSA-r6q2-hw4h-h46w,Low,tar @ 6.0.2,N/A,Race Condition in node-tar Path Reservations via Unicode Ligature Collisions on macOS APFS
wiki,Dependencias (SCA),GHSA-r6q2-hw4h-h46w,Low,tar @ 6.1.11,N/A,Race Condition in node-tar Path Reservations via Unicode Ligature Collisions on macOS APFS
wiki,Dependencias (SCA),GHSA-h7mw-gpvr-xq4m,Low,dompurify @ 3.3.1,N/A,DOMPurify: FORBID_TAGS bypassed by function-based ADD_TAGS predicate (asymmetry with FORBID_ATTR fix)
wiki,Dependencias (SCA),GHSA-9ppj-qmqm-q256,Low,tar @ 4.4.10,N/A,node-tar Symlink Path Traversal via Drive-Relative Linkpath
wiki,Dependencias (SCA),GHSA-9ppj-qmqm-q256,Low,tar @ 6.0.2,N/A,node-tar Symlink Path Traversal via Drive-Relative Linkpath
wiki,Dependencias (SCA),GHSA-9ppj-qmqm-q256,Low,tar @ 6.1.11,N/A,node-tar Symlink Path Traversal via Drive-Relative Linkpath
wiki,Dependencias (SCA),GHSA-qffp-2rhf-9h96,Low,tar @ 4.4.10,N/A,tar has Hardlink Path Traversal via Drive-Relative Linkpath
wiki,Dependencias (SCA),GHSA-qffp-2rhf-9h96,Low,tar @ 6.0.2,N/A,tar has Hardlink Path Traversal via Drive-Relative Linkpath
wiki,Dependencias (SCA),GHSA-qffp-2rhf-9h96,Low,tar @ 6.1.11,N/A,tar has Hardlink Path Traversal via Drive-Relative Linkpath
wiki,Dependencias (SCA),GHSA-q6x5-8v7m-xcrf,Low,@protobufjs/utf8 @ 1.1.0,N/A,protobufjs has overlong UTF-8 decoding
wiki,Dependencias (SCA),GHSA-gh4j-gqv2-49f6,Low,fast-xml-parser @ 5.3.3,N/A,fast-xml-parser XMLBuilder: XML Comment and CDATA Injection via Unescaped Delimiters
wiki,Dependencias (SCA),GHSA-73rr-hh4g-fpgx,Low,diff @ 4.0.2,N/A,jsdiff has a Denial of Service vulnerability in parsePatch and applyPatch
wiki,Dependencias (SCA),GHSA-v2v4-37r5-5v8g,Low,ip-address @ 5.9.4,N/A,ip-address has XSS in Address6 HTML-emitting methods
wiki,Dependencias (SCA),GHSA-83g3-92jg-28cx,Low,tar @ 4.4.10,N/A,Arbitrary File Read/Write via Hardlink Target Escape Through Symlink Chain in node-tar Extraction
wiki,Dependencias (SCA),GHSA-83g3-92jg-28cx,Low,tar @ 6.0.2,N/A,Arbitrary File Read/Write via Hardlink Target Escape Through Symlink Chain in node-tar Extraction
wiki,Dependencias (SCA),GHSA-83g3-92jg-28cx,Low,tar @ 6.1.11,N/A,Arbitrary File Read/Write via Hardlink Target Escape Through Symlink Chain in node-tar Extraction
wiki,Dependencias (SCA),GHSA-4992-7rv2-5pvq,Low,undici @ 6.20.0,N/A,Undici has CRLF Injection in undici via `upgrade` option
wiki,Dependencias (SCA),GHSA-fj3w-jwp8-x2g3,Low,fast-xml-parser @ 5.3.3,N/A,fast-xml-parser has stack overflow in XMLBuilder with preserveOrder
wiki,Dependencias (SCA),GHSA-vpq2-c234-7xj6,Low,@tootallnate/once @ 1.1.2,N/A,@tootallnate/once vulnerable to Incorrect Control Flow Scoping
wiki,Dependencias (SCA),GHSA-xv2f-5jw4-v95m,Low,fsevents @ 1.2.9,N/A,Malware in fsevents
wiki,Dependencias (SCA),GHSA-qm7x-rc44-rrqw,Low,apollo-server @ 2.25.2,N/A,Cross-site Scripting Vulnerability in GraphQL Playground (distributed by Apollo Server)
wiki,Dependencias (SCA),GHSA-ph9p-34f9-6g65,Low,tmp @ 0.2.1,N/A,tmp has Path Traversal via unsanitized prefix/postfix that enables directory escape
wiki,Dependencias (SCA),GHSA-ph9p-34f9-6g65,Low,tmp @ 0.2.5,N/A,tmp has Path Traversal via unsanitized prefix/postfix that enables directory escape
wiki,Dependencias (SCA),GHSA-2p3c-p3qw-69r4,Low,apollo-server @ 2.25.2,N/A,The graphql-upload library included in Apollo Server 2 is vulnerable to CSRF mutations
wiki,Dependencias (SCA),GHSA-9q82-xgwf-vj6h,Low,apollo-server-core @ 2.25.3,N/A,Apollo Server: Browser bug allows for bypass of XS-Search (read-only Cross-Site Request Forgery) prevention
wiki,Dependencias (SCA),GHSA-39q2-94rc-95cp,Low,dompurify @ 3.3.1,N/A,DOMPurify's ADD_TAGS function form bypasses FORBID_TAGS due to short-circuit evaluation
wiki,Dependencias (SCA),GHSA-cj63-jhhr-wcxv,Low,dompurify @ 3.3.1,N/A,DOMPurify USE_PROFILES prototype pollution allows event handlers
wiki,Dependencias (SCA),GHSA-cjmm-f4jc-qw8r,Low,dompurify @ 3.3.1,N/A,DOMPurify ADD_ATTR predicate skips URI validation
wiki,Dependencias (SCA),GHSA-h8r8-wccr-v5f2,Low,dompurify @ 3.3.1,N/A,DOMPurify is vulnerable to mutation-XSS via Re-Contextualization
wiki,Dependencias (SCA),GHSA-984p-xq9m-4rjw,Low,express-brute @ 1.0.1,N/A,Rate Limiting Bypass in express-brute
wiki,Dependencias (SCA),GHSA-r4q5-vmmm-2653,Low,follow-redirects @ 1.15.11,N/A,follow-redirects leaks Custom Authentication Headers to Cross-Domain Redirect Targets
wiki,Dependencias (SCA),GHSA-r4q5-vmmm-2653,Low,follow-redirects @ 1.5.10,N/A,follow-redirects leaks Custom Authentication Headers to Cross-Domain Redirect Targets
wiki,Dependencias (SCA),GHSA-7wwv-vh3v-89cq,Low,highlight.js @ 10.2.1,N/A,ReDOS vulnerabities: multiple grammars
wiki,Dependencias (SCA),GHSA-7wwv-vh3v-89cq,Low,highlight.js @ 10.3.1,N/A,ReDOS vulnerabities: multiple grammars
wiki,Dependencias (SCA),GHSA-9h6g-pr28-7cqp,Low,nodemailer @ 6.9.1,N/A,nodemailer ReDoS when trying to send a specially crafted email
wiki,Dependencias (SCA),GHSA-vvjj-xcjg-gr5g,Low,nodemailer @ 6.9.1,N/A,Nodemailer Vulnerable to SMTP Command Injection via CRLF in Transport name Option (EHLO/HELO)
wiki,Dependencias (SCA),GHSA-j5g3-5c8r-7qfx,Low,apollo-server-core @ 2.25.3,N/A,Prevent logging invalid header values
wiki,Dependencias (SCA),GHSA-j965-2qgj-vjmq,Low,aws-sdk @ 2.1693.0,N/A,JavaScript SDK v2 users should add validation to the region parameter value in or migrate to v3
wiki,Dependencias (SCA),GHSA-c7w3-x93f-qmm8,Low,nodemailer @ 6.9.1,N/A,Nodemailer has SMTP command injection due to unsanitized `envelope.size` parameter
